2025-06-18 09:07:51,435   INFO  **********************Start logging**********************
2025-06-18 09:07:51,435   INFO  CUDA_VISIBLE_DEVICES=0
2025-06-18 09:07:51,435   INFO  Training with a single process
2025-06-18 09:07:51,435   INFO  cfg_file         cfgs/kitti_models/pointpillar_lj.yaml
2025-06-18 09:07:51,435   INFO  batch_size       4
2025-06-18 09:07:51,435   INFO  epochs           80
2025-06-18 09:07:51,435   INFO  workers          4
2025-06-18 09:07:51,435   INFO  extra_tag        default
2025-06-18 09:07:51,435   INFO  ckpt             None
2025-06-18 09:07:51,435   INFO  pretrained_model None
2025-06-18 09:07:51,435   INFO  launcher         none
2025-06-18 09:07:51,435   INFO  tcp_port         18888
2025-06-18 09:07:51,436   INFO  sync_bn          False
2025-06-18 09:07:51,436   INFO  fix_random_seed  False
2025-06-18 09:07:51,436   INFO  ckpt_save_interval 1
2025-06-18 09:07:51,436   INFO  local_rank       None
2025-06-18 09:07:51,436   INFO  max_ckpt_save_num 30
2025-06-18 09:07:51,436   INFO  merge_all_iters_to_one_epoch False
2025-06-18 09:07:51,436   INFO  set_cfgs         None
2025-06-18 09:07:51,436   INFO  max_waiting_mins 0
2025-06-18 09:07:51,436   INFO  start_epoch      0
2025-06-18 09:07:51,436   INFO  num_epochs_to_eval 0
2025-06-18 09:07:51,436   INFO  save_to_file     False
2025-06-18 09:07:51,436   INFO  use_tqdm_to_record False
2025-06-18 09:07:51,436   INFO  logger_iter_interval 50
2025-06-18 09:07:51,436   INFO  ckpt_save_time_interval 300
2025-06-18 09:07:51,436   INFO  wo_gpu_stat      False
2025-06-18 09:07:51,436   INFO  use_amp          False
2025-06-18 09:07:51,436   INFO  cfg.ROOT_DIR: /home/user/ChangTing/Code/Openpcdet/OpenPCDet
2025-06-18 09:07:51,436   INFO  cfg.LOCAL_RANK: 0
2025-06-18 09:07:51,436   INFO  cfg.CLASS_NAMES: ['Car', 'Pedestrian', 'Cyclist']
2025-06-18 09:07:51,436   INFO  ----------- DATA_CONFIG -----------
2025-06-18 09:07:51,436   INFO  cfg.DATA_CONFIG.DATASET: KittiDataset
2025-06-18 09:07:51,436   INFO  cfg.DATA_CONFIG.DATA_PATH: ../data/kitti
2025-06-18 09:07:51,436   INFO  cfg.DATA_CONFIG.POINT_CLOUD_RANGE: [-26.4, -39.68, -3, 50.4, 39.68, 1]
2025-06-18 09:07:51,436   INFO  ----------- DATA_SPLIT -----------
2025-06-18 09:07:51,436   INFO  cfg.DATA_CONFIG.DATA_SPLIT.train: train
2025-06-18 09:07:51,436   INFO  cfg.DATA_CONFIG.DATA_SPLIT.test: val
2025-06-18 09:07:51,436   INFO  ----------- INFO_PATH -----------
2025-06-18 09:07:51,436   INFO  cfg.DATA_CONFIG.INFO_PATH.train: ['kitti_infos_train.pkl']
2025-06-18 09:07:51,436   INFO  cfg.DATA_CONFIG.INFO_PATH.test: ['kitti_infos_val.pkl']
2025-06-18 09:07:51,436   INFO  cfg.DATA_CONFIG.GET_ITEM_LIST: ['points']
2025-06-18 09:07:51,436   INFO  cfg.DATA_CONFIG.FOV_POINTS_ONLY: True
2025-06-18 09:07:51,436   INFO  ----------- DATA_AUGMENTOR -----------
2025-06-18 09:07:51,436   INFO  cfg.DATA_CONFIG.DATA_AUGMENTOR.DISABLE_AUG_LIST: ['placeholder']
2025-06-18 09:07:51,436   INFO  cfg.DATA_CONFIG.DATA_AUGMENTOR.AUG_CONFIG_LIST: [{'NAME': 'gt_sampling', 'USE_ROAD_PLANE': False, 'DB_INFO_PATH': ['kitti_dbinfos_train.pkl'], 'PREPARE': {'filter_by_min_points': ['Car:5', 'Pedestrian:5', 'Cyclist:5'], 'filter_by_difficulty': [-1]}, 'SAMPLE_GROUPS': ['Car:15', 'Pedestrian:15', 'Cyclist:15'], 'NUM_POINT_FEATURES': 4, 'DATABASE_WITH_FAKELIDAR': False, 'REMOVE_EXTRA_WIDTH': [0.0, 0.0, 0.0], 'LIMIT_WHOLE_SCENE': False}, {'NAME': 'random_world_flip', 'ALONG_AXIS_LIST': ['x']}, {'NAME': 'random_world_rotation', 'WORLD_ROT_ANGLE': [-0.78539816, 0.78539816]}, {'NAME': 'random_world_scaling', 'WORLD_SCALE_RANGE': [0.95, 1.05]}]
2025-06-18 09:07:51,436   INFO  ----------- POINT_FEATURE_ENCODING -----------
2025-06-18 09:07:51,436   INFO  cfg.DATA_CONFIG.POINT_FEATURE_ENCODING.encoding_type: absolute_coordinates_encoding
2025-06-18 09:07:51,436   INFO  cfg.DATA_CONFIG.POINT_FEATURE_ENCODING.used_feature_list: ['x', 'y', 'z', 'intensity']
2025-06-18 09:07:51,436   INFO  cfg.DATA_CONFIG.POINT_FEATURE_ENCODING.src_feature_list: ['x', 'y', 'z', 'intensity']
2025-06-18 09:07:51,436   INFO  cfg.DATA_CONFIG.DATA_PROCESSOR: [{'NAME': 'mask_points_and_boxes_outside_range', 'REMOVE_OUTSIDE_BOXES': True}, {'NAME': 'shuffle_points', 'SHUFFLE_ENABLED': {'train': True, 'test': False}}, {'NAME': 'transform_points_to_voxels', 'VOXEL_SIZE': [0.16, 0.16, 4], 'MAX_POINTS_PER_VOXEL': 32, 'MAX_NUMBER_OF_VOXELS': {'train': 16000, 'test': 40000}}]
2025-06-18 09:07:51,436   INFO  cfg.DATA_CONFIG._BASE_CONFIG_: cfgs/dataset_configs/kitti_dataset_lj.yaml
2025-06-18 09:07:51,436   INFO  ----------- MODEL -----------
2025-06-18 09:07:51,436   INFO  cfg.MODEL.NAME: PointPillar
2025-06-18 09:07:51,436   INFO  ----------- VFE -----------
2025-06-18 09:07:51,436   INFO  cfg.MODEL.VFE.NAME: PillarVFE
2025-06-18 09:07:51,436   INFO  cfg.MODEL.VFE.WITH_DISTANCE: False
2025-06-18 09:07:51,436   INFO  cfg.MODEL.VFE.USE_ABSLOTE_XYZ: True
2025-06-18 09:07:51,436   INFO  cfg.MODEL.VFE.USE_NORM: True
2025-06-18 09:07:51,436   INFO  cfg.MODEL.VFE.NUM_FILTERS: [64]
2025-06-18 09:07:51,436   INFO  ----------- MAP_TO_BEV -----------
2025-06-18 09:07:51,436   INFO  cfg.MODEL.MAP_TO_BEV.NAME: PointPillarScatter
2025-06-18 09:07:51,436   INFO  cfg.MODEL.MAP_TO_BEV.NUM_BEV_FEATURES: 64
2025-06-18 09:07:51,436   INFO  ----------- BACKBONE_2D -----------
2025-06-18 09:07:51,436   INFO  cfg.MODEL.BACKBONE_2D.NAME: BaseBEVBackbone
2025-06-18 09:07:51,436   INFO  cfg.MODEL.BACKBONE_2D.LAYER_NUMS: [3, 5, 5]
2025-06-18 09:07:51,436   INFO  cfg.MODEL.BACKBONE_2D.LAYER_STRIDES: [2, 2, 2]
2025-06-18 09:07:51,436   INFO  cfg.MODEL.BACKBONE_2D.NUM_FILTERS: [64, 128, 256]
2025-06-18 09:07:51,436   INFO  cfg.MODEL.BACKBONE_2D.UPSAMPLE_STRIDES: [1, 2, 4]
2025-06-18 09:07:51,436   INFO  cfg.MODEL.BACKBONE_2D.NUM_UPSAMPLE_FILTERS: [128, 128, 128]
2025-06-18 09:07:51,436   INFO  ----------- DENSE_HEAD -----------
2025-06-18 09:07:51,436   INFO  cfg.MODEL.DENSE_HEAD.NAME: AnchorHeadSingle
2025-06-18 09:07:51,436   INFO  cfg.MODEL.DENSE_HEAD.CLASS_AGNOSTIC: False
2025-06-18 09:07:51,436   INFO  cfg.MODEL.DENSE_HEAD.USE_DIRECTION_CLASSIFIER: True
2025-06-18 09:07:51,436   INFO  cfg.MODEL.DENSE_HEAD.DIR_OFFSET: 0.78539
2025-06-18 09:07:51,436   INFO  cfg.MODEL.DENSE_HEAD.DIR_LIMIT_OFFSET: 0.0
2025-06-18 09:07:51,436   INFO  cfg.MODEL.DENSE_HEAD.NUM_DIR_BINS: 2
2025-06-18 09:07:51,436   INFO  cfg.MODEL.DENSE_HEAD.ANCHOR_GENERATOR_CONFIG: [{'class_name': 'Car', 'anchor_sizes': [[3.9, 1.6, 1.56]], 'anchor_rotations': [0, 1.57], 'anchor_bottom_heights': [-1.78], 'align_center': False, 'feature_map_stride': 2, 'matched_threshold': 0.6, 'unmatched_threshold': 0.45}, {'class_name': 'Pedestrian', 'anchor_sizes': [[0.8, 0.6, 1.73]], 'anchor_rotations': [0, 1.57], 'anchor_bottom_heights': [-0.6], 'align_center': False, 'feature_map_stride': 2, 'matched_threshold': 0.5, 'unmatched_threshold': 0.35}, {'class_name': 'Cyclist', 'anchor_sizes': [[1.76, 0.6, 1.73]], 'anchor_rotations': [0, 1.57], 'anchor_bottom_heights': [-0.6], 'align_center': False, 'feature_map_stride': 2, 'matched_threshold': 0.5, 'unmatched_threshold': 0.35}]
2025-06-18 09:07:51,436   INFO  ----------- TARGET_ASSIGNER_CONFIG -----------
2025-06-18 09:07:51,436   INFO  cfg.MODEL.DENSE_HEAD.TARGET_ASSIGNER_CONFIG.NAME: AxisAlignedTargetAssigner
2025-06-18 09:07:51,436   INFO  cfg.MODEL.DENSE_HEAD.TARGET_ASSIGNER_CONFIG.POS_FRACTION: -1.0
2025-06-18 09:07:51,436   INFO  cfg.MODEL.DENSE_HEAD.TARGET_ASSIGNER_CONFIG.SAMPLE_SIZE: 512
2025-06-18 09:07:51,436   INFO  cfg.MODEL.DENSE_HEAD.TARGET_ASSIGNER_CONFIG.NORM_BY_NUM_EXAMPLES: False
2025-06-18 09:07:51,436   INFO  cfg.MODEL.DENSE_HEAD.TARGET_ASSIGNER_CONFIG.MATCH_HEIGHT: False
2025-06-18 09:07:51,436   INFO  cfg.MODEL.DENSE_HEAD.TARGET_ASSIGNER_CONFIG.BOX_CODER: ResidualCoder
2025-06-18 09:07:51,436   INFO  ----------- LOSS_CONFIG -----------
2025-06-18 09:07:51,436   INFO  ----------- LOSS_WEIGHTS -----------
2025-06-18 09:07:51,436   INFO  cfg.MODEL.DENSE_HEAD.LOSS_CONFIG.LOSS_WEIGHTS.cls_weight: 1.0
2025-06-18 09:07:51,436   INFO  cfg.MODEL.DENSE_HEAD.LOSS_CONFIG.LOSS_WEIGHTS.loc_weight: 2.0
2025-06-18 09:07:51,436   INFO  cfg.MODEL.DENSE_HEAD.LOSS_CONFIG.LOSS_WEIGHTS.dir_weight: 0.2
2025-06-18 09:07:51,437   INFO  cfg.MODEL.DENSE_HEAD.LOSS_CONFIG.LOSS_WEIGHTS.code_weights: [1.0, 1.0, 1.0, 1.0, 1.0, 1.0, 1.0]
2025-06-18 09:07:51,437   INFO  ----------- POST_PROCESSING -----------
2025-06-18 09:07:51,437   INFO  cfg.MODEL.POST_PROCESSING.RECALL_THRESH_LIST: [0.3, 0.5, 0.7]
2025-06-18 09:07:51,437   INFO  cfg.MODEL.POST_PROCESSING.SCORE_THRESH: 0.4
2025-06-18 09:07:51,437   INFO  cfg.MODEL.POST_PROCESSING.OUTPUT_RAW_SCORE: False
2025-06-18 09:07:51,437   INFO  cfg.MODEL.POST_PROCESSING.EVAL_METRIC: kitti
2025-06-18 09:07:51,437   INFO  ----------- NMS_CONFIG -----------
2025-06-18 09:07:51,437   INFO  cfg.MODEL.POST_PROCESSING.NMS_CONFIG.MULTI_CLASSES_NMS: False
2025-06-18 09:07:51,437   INFO  cfg.MODEL.POST_PROCESSING.NMS_CONFIG.NMS_TYPE: nms_gpu
2025-06-18 09:07:51,437   INFO  cfg.MODEL.POST_PROCESSING.NMS_CONFIG.NMS_THRESH: 0.01
2025-06-18 09:07:51,437   INFO  cfg.MODEL.POST_PROCESSING.NMS_CONFIG.NMS_PRE_MAXSIZE: 4096
2025-06-18 09:07:51,437   INFO  cfg.MODEL.POST_PROCESSING.NMS_CONFIG.NMS_POST_MAXSIZE: 500
2025-06-18 09:07:51,437   INFO  ----------- OPTIMIZATION -----------
2025-06-18 09:07:51,437   INFO  cfg.OPTIMIZATION.BATCH_SIZE_PER_GPU: 4
2025-06-18 09:07:51,437   INFO  cfg.OPTIMIZATION.NUM_EPOCHS: 80
2025-06-18 09:07:51,437   INFO  cfg.OPTIMIZATION.OPTIMIZER: adam_onecycle
2025-06-18 09:07:51,437   INFO  cfg.OPTIMIZATION.LR: 0.003
2025-06-18 09:07:51,437   INFO  cfg.OPTIMIZATION.WEIGHT_DECAY: 0.01
2025-06-18 09:07:51,437   INFO  cfg.OPTIMIZATION.MOMENTUM: 0.9
2025-06-18 09:07:51,437   INFO  cfg.OPTIMIZATION.MOMS: [0.95, 0.85]
2025-06-18 09:07:51,437   INFO  cfg.OPTIMIZATION.PCT_START: 0.4
2025-06-18 09:07:51,437   INFO  cfg.OPTIMIZATION.DIV_FACTOR: 10
2025-06-18 09:07:51,437   INFO  cfg.OPTIMIZATION.DECAY_STEP_LIST: [35, 45]
2025-06-18 09:07:51,437   INFO  cfg.OPTIMIZATION.LR_DECAY: 0.1
2025-06-18 09:07:51,437   INFO  cfg.OPTIMIZATION.LR_CLIP: 1e-07
2025-06-18 09:07:51,437   INFO  cfg.OPTIMIZATION.LR_WARMUP: False
2025-06-18 09:07:51,437   INFO  cfg.OPTIMIZATION.WARMUP_EPOCH: 1
2025-06-18 09:07:51,437   INFO  cfg.OPTIMIZATION.GRAD_NORM_CLIP: 10
2025-06-18 09:07:51,437   INFO  cfg.TAG: pointpillar_lj
2025-06-18 09:07:51,437   INFO  cfg.EXP_GROUP_PATH: kitti_models
2025-06-18 09:07:51,440   INFO  ----------- Create dataloader & network & optimizer -----------
2025-06-18 09:07:51,496   INFO  Database filter by min points Car: 14357 => 13532
2025-06-18 09:07:51,496   INFO  Database filter by min points Pedestrian: 2207 => 2168
2025-06-18 09:07:51,496   INFO  Database filter by min points Cyclist: 734 => 705
2025-06-18 09:07:51,505   INFO  Database filter by difficulty Car: 13532 => 10759
2025-06-18 09:07:51,506   INFO  Database filter by difficulty Pedestrian: 2168 => 2075
2025-06-18 09:07:51,506   INFO  Database filter by difficulty Cyclist: 705 => 581
2025-06-18 09:07:51,510   INFO  Loading KITTI dataset
2025-06-18 09:07:51,560   INFO  Total samples for KITTI dataset: 3712
2025-06-18 09:07:51,765   INFO  ----------- Model PointPillar created, param count: 4834888 -----------
2025-06-18 09:07:51,765   INFO  PointPillar(
  (vfe): PillarVFE(
    (pfn_layers): ModuleList(
      (0): PFNLayer(
        (linear): Linear(in_features=10, out_features=64, bias=False)
        (norm): BatchNorm1d(64, eps=0.001, momentum=0.01, affine=True, track_running_stats=True)
      )
    )
  )
  (backbone_3d): None
  (map_to_bev_module): PointPillarScatter()
  (pfe): None
  (backbone_2d): BaseBEVBackbone(
    (blocks): ModuleList(
      (0): Sequential(
        (0): ZeroPad2d((1, 1, 1, 1))
        (1): Conv2d(64, 64, kernel_size=(3, 3), stride=(2, 2), bias=False)
        (2): BatchNorm2d(64, eps=0.001, momentum=0.01, affine=True, track_running_stats=True)
        (3): ReLU()
        (4): Conv2d(64, 64, kernel_size=(3, 3), stride=(1, 1), padding=(1, 1), bias=False)
        (5): BatchNorm2d(64, eps=0.001, momentum=0.01, affine=True, track_running_stats=True)
        (6): ReLU()
        (7): Conv2d(64, 64, kernel_size=(3, 3), stride=(1, 1), padding=(1, 1), bias=False)
        (8): BatchNorm2d(64, eps=0.001, momentum=0.01, affine=True, track_running_stats=True)
        (9): ReLU()
        (10): Conv2d(64, 64, kernel_size=(3, 3), stride=(1, 1), padding=(1, 1), bias=False)
        (11): BatchNorm2d(64, eps=0.001, momentum=0.01, affine=True, track_running_stats=True)
        (12): ReLU()
      )
      (1): Sequential(
        (0): ZeroPad2d((1, 1, 1, 1))
        (1): Conv2d(64, 128, kernel_size=(3, 3), stride=(2, 2), bias=False)
        (2): BatchNorm2d(128, eps=0.001, momentum=0.01, affine=True, track_running_stats=True)
        (3): ReLU()
        (4): Conv2d(128, 128, kernel_size=(3, 3), stride=(1, 1), padding=(1, 1), bias=False)
        (5): BatchNorm2d(128, eps=0.001, momentum=0.01, affine=True, track_running_stats=True)
        (6): ReLU()
        (7): Conv2d(128, 128, kernel_size=(3, 3), stride=(1, 1), padding=(1, 1), bias=False)
        (8): BatchNorm2d(128, eps=0.001, momentum=0.01, affine=True, track_running_stats=True)
        (9): ReLU()
        (10): Conv2d(128, 128, kernel_size=(3, 3), stride=(1, 1), padding=(1, 1), bias=False)
        (11): BatchNorm2d(128, eps=0.001, momentum=0.01, affine=True, track_running_stats=True)
        (12): ReLU()
        (13): Conv2d(128, 128, kernel_size=(3, 3), stride=(1, 1), padding=(1, 1), bias=False)
        (14): BatchNorm2d(128, eps=0.001, momentum=0.01, affine=True, track_running_stats=True)
        (15): ReLU()
        (16): Conv2d(128, 128, kernel_size=(3, 3), stride=(1, 1), padding=(1, 1), bias=False)
        (17): BatchNorm2d(128, eps=0.001, momentum=0.01, affine=True, track_running_stats=True)
        (18): ReLU()
      )
      (2): Sequential(
        (0): ZeroPad2d((1, 1, 1, 1))
        (1): Conv2d(128, 256, kernel_size=(3, 3), stride=(2, 2), bias=False)
        (2): BatchNorm2d(256, eps=0.001, momentum=0.01, affine=True, track_running_stats=True)
        (3): ReLU()
        (4): Conv2d(256, 256, kernel_size=(3, 3), stride=(1, 1), padding=(1, 1), bias=False)
        (5): BatchNorm2d(256, eps=0.001, momentum=0.01, affine=True, track_running_stats=True)
        (6): ReLU()
        (7): Conv2d(256, 256, kernel_size=(3, 3), stride=(1, 1), padding=(1, 1), bias=False)
        (8): BatchNorm2d(256, eps=0.001, momentum=0.01, affine=True, track_running_stats=True)
        (9): ReLU()
        (10): Conv2d(256, 256, kernel_size=(3, 3), stride=(1, 1), padding=(1, 1), bias=False)
        (11): BatchNorm2d(256, eps=0.001, momentum=0.01, affine=True, track_running_stats=True)
        (12): ReLU()
        (13): Conv2d(256, 256, kernel_size=(3, 3), stride=(1, 1), padding=(1, 1), bias=False)
        (14): BatchNorm2d(256, eps=0.001, momentum=0.01, affine=True, track_running_stats=True)
        (15): ReLU()
        (16): Conv2d(256, 256, kernel_size=(3, 3), stride=(1, 1), padding=(1, 1), bias=False)
        (17): BatchNorm2d(256, eps=0.001, momentum=0.01, affine=True, track_running_stats=True)
        (18): ReLU()
      )
    )
    (deblocks): ModuleList(
      (0): Sequential(
        (0): ConvTranspose2d(64, 128, kernel_size=(1, 1), stride=(1, 1), bias=False)
        (1): BatchNorm2d(128, eps=0.001, momentum=0.01, affine=True, track_running_stats=True)
        (2): ReLU()
      )
      (1): Sequential(
        (0): ConvTranspose2d(128, 128, kernel_size=(2, 2), stride=(2, 2), bias=False)
        (1): BatchNorm2d(128, eps=0.001, momentum=0.01, affine=True, track_running_stats=True)
        (2): ReLU()
      )
      (2): Sequential(
        (0): ConvTranspose2d(256, 128, kernel_size=(4, 4), stride=(4, 4), bias=False)
        (1): BatchNorm2d(128, eps=0.001, momentum=0.01, affine=True, track_running_stats=True)
        (2): ReLU()
      )
    )
  )
  (dense_head): AnchorHeadSingle(
    (cls_loss_func): SigmoidFocalClassificationLoss()
    (reg_loss_func): WeightedSmoothL1Loss()
    (dir_loss_func): WeightedCrossEntropyLoss()
    (conv_cls): Conv2d(384, 18, kernel_size=(1, 1), stride=(1, 1))
    (conv_box): Conv2d(384, 42, kernel_size=(1, 1), stride=(1, 1))
    (conv_dir_cls): Conv2d(384, 12, kernel_size=(1, 1), stride=(1, 1))
  )
  (point_head): None
  (roi_head): None
)
2025-06-18 09:07:51,766   INFO  **********************Start training kitti_models/pointpillar_lj(default)**********************
2025-06-18 09:07:53,064   INFO  Train:    1/80 (  1%) [   0/928 (  0%)]  Loss: 3.375 (3.38)  LR: 3.000e-04  Time cost: 00:01/17:51 [00:01/23:49:19]  Acc_iter 1           Data time: 0.16(0.16)  Forward time: 0.99(0.99)  Batch time: 1.15(1.15)
2025-06-18 09:08:05,886   INFO  Train:    1/80 (  1%) [  49/928 (  5%)]  Loss: 1.737 (2.09)  LR: 3.000e-04  Time cost: 00:13/04:05 [00:14/5:45:39]  Acc_iter 50          Data time: 0.01(0.02)  Forward time: 0.25(0.26)  Batch time: 0.26(0.28)
2025-06-18 09:08:18,939   INFO  Train:    1/80 (  1%) [  99/928 ( 11%)]  Loss: 1.420 (1.87)  LR: 3.001e-04  Time cost: 00:27/03:44 [00:27/5:34:00]  Acc_iter 100         Data time: 0.01(0.01)  Forward time: 0.25(0.26)  Batch time: 0.26(0.27)
2025-06-18 09:08:31,979   INFO  Train:    1/80 (  1%) [ 149/928 ( 16%)]  Loss: 1.408 (1.75)  LR: 3.002e-04  Time cost: 00:40/03:28 [00:40/5:29:52]  Acc_iter 150         Data time: 0.01(0.01)  Forward time: 0.25(0.25)  Batch time: 0.26(0.27)
2025-06-18 09:08:32,208   INFO  user                                   Wed Jun 18 09:08:32 2025  535.183.01
[0] NVIDIA GeForce RTX 4060 Laptop GPU | 65°C,  97 % |  6076 /  8188 MB | user(6058M) gdm(4M) user(4M)

2025-06-18 09:08:45,229   INFO  Train:    1/80 (  1%) [ 199/928 ( 21%)]  Loss: 1.478 (1.66)  LR: 3.003e-04  Time cost: 00:53/03:14 [00:53/5:28:59]  Acc_iter 200         Data time: 0.01(0.01)  Forward time: 0.24(0.25)  Batch time: 0.26(0.27)
2025-06-18 09:08:58,279   INFO  Train:    1/80 (  1%) [ 249/928 ( 27%)]  Loss: 1.211 (1.59)  LR: 3.005e-04  Time cost: 01:06/03:00 [01:06/5:27:23]  Acc_iter 250         Data time: 0.01(0.01)  Forward time: 0.25(0.25)  Batch time: 0.26(0.27)
2025-06-18 09:09:11,348   INFO  Train:    1/80 (  1%) [ 299/928 ( 32%)]  Loss: 1.266 (1.55)  LR: 3.007e-04  Time cost: 01:19/02:46 [01:19/5:26:19]  Acc_iter 300         Data time: 0.01(0.01)  Forward time: 0.25(0.25)  Batch time: 0.26(0.26)
2025-06-18 09:09:11,589   INFO  user                                   Wed Jun 18 09:09:11 2025  535.183.01
[0] NVIDIA GeForce RTX 4060 Laptop GPU | 65°C,  96 % |  6078 /  8188 MB | user(6060M) gdm(4M) user(4M)

2025-06-18 09:09:24,637   INFO  Train:    1/80 (  1%) [ 349/928 ( 38%)]  Loss: 1.083 (1.50)  LR: 3.009e-04  Time cost: 01:32/02:33 [01:32/5:26:16]  Acc_iter 350         Data time: 0.01(0.01)  Forward time: 0.25(0.25)  Batch time: 0.26(0.26)
2025-06-18 09:09:37,665   INFO  Train:    1/80 (  1%) [ 399/928 ( 43%)]  Loss: 1.163 (1.46)  LR: 3.012e-04  Time cost: 01:45/02:19 [01:45/5:25:22]  Acc_iter 400         Data time: 0.01(0.01)  Forward time: 0.25(0.25)  Batch time: 0.26(0.26)
2025-06-18 09:09:50,699   INFO  Train:    1/80 (  1%) [ 449/928 ( 48%)]  Loss: 1.080 (1.43)  LR: 3.015e-04  Time cost: 01:58/02:06 [01:58/5:24:39]  Acc_iter 450         Data time: 0.01(0.01)  Forward time: 0.25(0.25)  Batch time: 0.26(0.26)
2025-06-18 09:09:50,882   INFO  user                                   Wed Jun 18 09:09:50 2025  535.183.01
[0] NVIDIA GeForce RTX 4060 Laptop GPU | 66°C,  81 % |  6082 /  8188 MB | user(6064M) gdm(4M) user(4M)

2025-06-18 09:10:03,927   INFO  Train:    1/80 (  1%) [ 499/928 ( 54%)]  Loss: 1.140 (1.40)  LR: 3.019e-04  Time cost: 02:12/01:53 [02:12/5:24:30]  Acc_iter 500         Data time: 0.01(0.01)  Forward time: 0.25(0.25)  Batch time: 0.26(0.26)
2025-06-18 09:10:16,957   INFO  Train:    1/80 (  1%) [ 549/928 ( 59%)]  Loss: 1.157 (1.37)  LR: 3.023e-04  Time cost: 02:25/01:39 [02:25/5:23:54]  Acc_iter 550         Data time: 0.01(0.01)  Forward time: 0.25(0.25)  Batch time: 0.26(0.26)
2025-06-18 09:10:29,967   INFO  Train:    1/80 (  1%) [ 599/928 ( 65%)]  Loss: 1.046 (1.35)  LR: 3.027e-04  Time cost: 02:38/01:26 [02:38/5:23:19]  Acc_iter 600         Data time: 0.01(0.01)  Forward time: 0.25(0.25)  Batch time: 0.26(0.26)
2025-06-18 09:10:30,164   INFO  user                                   Wed Jun 18 09:10:30 2025  535.183.01
[0] NVIDIA GeForce RTX 4060 Laptop GPU | 65°C,  97 % |  6082 /  8188 MB | user(6064M) gdm(4M) user(4M)

2025-06-18 09:10:43,180   INFO  Train:    1/80 (  1%) [ 649/928 ( 70%)]  Loss: 1.181 (1.33)  LR: 3.032e-04  Time cost: 02:51/01:13 [02:51/5:23:10]  Acc_iter 650         Data time: 0.01(0.01)  Forward time: 0.25(0.25)  Batch time: 0.26(0.26)
2025-06-18 09:10:56,242   INFO  Train:    1/80 (  1%) [ 699/928 ( 75%)]  Loss: 0.8875 (1.31)  LR: 3.037e-04  Time cost: 03:04/01:00 [03:04/5:22:45]  Acc_iter 700         Data time: 0.02(0.01)  Forward time: 0.25(0.25)  Batch time: 0.26(0.26)
2025-06-18 09:11:09,289   INFO  Train:    1/80 (  1%) [ 749/928 ( 81%)]  Loss: 0.9739 (1.29)  LR: 3.042e-04  Time cost: 03:17/00:47 [03:17/5:22:20]  Acc_iter 750         Data time: 0.01(0.01)  Forward time: 0.25(0.25)  Batch time: 0.26(0.26)
2025-06-18 09:11:09,468   INFO  user                                   Wed Jun 18 09:11:09 2025  535.183.01
[0] NVIDIA GeForce RTX 4060 Laptop GPU | 64°C,  87 % |  6082 /  8188 MB | user(6064M) gdm(4M) user(4M)

2025-06-18 09:11:22,530   INFO  Train:    1/80 (  1%) [ 799/928 ( 86%)]  Loss: 0.9857 (1.27)  LR: 3.048e-04  Time cost: 03:30/00:33 [03:30/5:22:15]  Acc_iter 800         Data time: 0.01(0.01)  Forward time: 0.25(0.25)  Batch time: 0.26(0.26)
2025-06-18 09:11:35,558   INFO  Train:    1/80 (  1%) [ 849/928 ( 91%)]  Loss: 1.046 (1.26)  LR: 3.054e-04  Time cost: 03:43/00:20 [03:43/5:21:50]  Acc_iter 850         Data time: 0.01(0.01)  Forward time: 0.25(0.25)  Batch time: 0.26(0.26)
2025-06-18 09:11:48,596   INFO  Train:    1/80 (  1%) [ 899/928 ( 97%)]  Loss: 0.9922 (1.24)  LR: 3.061e-04  Time cost: 03:56/00:07 [03:56/5:21:27]  Acc_iter 900         Data time: 0.01(0.01)  Forward time: 0.24(0.25)  Batch time: 0.26(0.26)
2025-06-18 09:11:48,777   INFO  user                                   Wed Jun 18 09:11:48 2025  535.183.01
[0] NVIDIA GeForce RTX 4060 Laptop GPU | 65°C,  96 % |  6082 /  8188 MB | user(6064M) gdm(4M) user(4M)

2025-06-18 09:11:56,067   INFO  Train:    1/80 (  1%) [ 927/928 (100%)]  Loss: 1.030 (1.24)  LR: 3.065e-04  Time cost: 04:04/00:00 [04:04/5:21:28]  Acc_iter 928         Data time: 0.01(0.01)  Forward time: 0.25(0.25)  Batch time: 0.26(0.26)
2025-06-18 09:11:56,560   INFO  Train:    2/80 (  2%) [   0/928 (  0%)]  Loss: 0.8955 (0.895)  LR: 3.065e-04  Time cost: 00:00/06:09 [04:04/8:06:11]  Acc_iter 929         Data time: 0.10(0.10)  Forward time: 0.28(0.28)  Batch time: 0.39(0.39)
2025-06-18 09:12:02,045   INFO  Train:    2/80 (  2%) [  21/928 (  2%)]  Loss: 0.9300 (0.993)  LR: 3.068e-04  Time cost: 00:05/04:02 [04:10/5:26:39]  Acc_iter 950         Data time: 0.01(0.02)  Forward time: 0.25(0.25)  Batch time: 0.26(0.27)
2025-06-18 09:12:15,094   INFO  Train:    2/80 (  2%) [  71/928 (  8%)]  Loss: 1.027 (0.989)  LR: 3.075e-04  Time cost: 00:18/03:45 [04:23/5:20:58]  Acc_iter 1000        Data time: 0.01(0.01)  Forward time: 0.25(0.25)  Batch time: 0.26(0.26)
2025-06-18 09:12:28,119   INFO  Train:    2/80 (  2%) [ 121/928 ( 13%)]  Loss: 0.9197 (0.979)  LR: 3.083e-04  Time cost: 00:31/03:31 [04:36/5:19:31]  Acc_iter 1050        Data time: 0.01(0.01)  Forward time: 0.25(0.25)  Batch time: 0.26(0.26)
2025-06-18 09:12:28,307   INFO  user                                   Wed Jun 18 09:12:28 2025  535.183.01
[0] NVIDIA GeForce RTX 4060 Laptop GPU | 64°C,  97 % |  6082 /  8188 MB | user(6064M) gdm(4M) user(4M)

2025-06-18 09:12:41,365   INFO  Train:    2/80 (  2%) [ 171/928 ( 18%)]  Loss: 0.9789 (0.975)  LR: 3.091e-04  Time cost: 00:45/03:18 [04:49/5:20:21]  Acc_iter 1100        Data time: 0.02(0.01)  Forward time: 0.25(0.25)  Batch time: 0.26(0.26)
2025-06-18 09:12:54,409   INFO  Train:    2/80 (  2%) [ 221/928 ( 24%)]  Loss: 0.9894 (0.966)  LR: 3.100e-04  Time cost: 00:58/03:05 [05:02/5:19:37]  Acc_iter 1150        Data time: 0.01(0.01)  Forward time: 0.25(0.25)  Batch time: 0.26(0.26)
2025-06-18 09:13:07,448   INFO  Train:    2/80 (  2%) [ 271/928 ( 29%)]  Loss: 0.9641 (0.960)  LR: 3.108e-04  Time cost: 01:11/02:52 [05:15/5:19:02]  Acc_iter 1200        Data time: 0.01(0.01)  Forward time: 0.25(0.25)  Batch time: 0.26(0.26)
2025-06-18 09:13:07,630   INFO  user                                   Wed Jun 18 09:13:07 2025  535.183.01
[0] NVIDIA GeForce RTX 4060 Laptop GPU | 64°C,  87 % |  6082 /  8188 MB | user(6064M) gdm(4M) user(4M)

2025-06-18 09:13:20,657   INFO  Train:    2/80 (  2%) [ 321/928 ( 35%)]  Loss: 1.009 (0.954)  LR: 3.118e-04  Time cost: 01:24/02:39 [05:28/5:19:13]  Acc_iter 1250        Data time: 0.01(0.01)  Forward time: 0.25(0.25)  Batch time: 0.26(0.26)
2025-06-18 09:13:33,683   INFO  Train:    2/80 (  2%) [ 371/928 ( 40%)]  Loss: 0.8969 (0.947)  LR: 3.127e-04  Time cost: 01:37/02:26 [05:41/5:18:41]  Acc_iter 1300        Data time: 0.01(0.01)  Forward time: 0.25(0.25)  Batch time: 0.26(0.26)
2025-06-18 09:13:46,708   INFO  Train:    2/80 (  2%) [ 421/928 ( 45%)]  Loss: 0.9617 (0.942)  LR: 3.137e-04  Time cost: 01:50/02:12 [05:54/5:18:14]  Acc_iter 1350        Data time: 0.01(0.01)  Forward time: 0.25(0.25)  Batch time: 0.26(0.26)
2025-06-18 09:13:46,928   INFO  user                                   Wed Jun 18 09:13:46 2025  535.183.01
[0] NVIDIA GeForce RTX 4060 Laptop GPU | 64°C,  97 % |  6082 /  8188 MB | user(6064M) gdm(4M) user(4M)

2025-06-18 09:13:59,973   INFO  Train:    2/80 (  2%) [ 471/928 ( 51%)]  Loss: 0.8999 (0.938)  LR: 3.148e-04  Time cost: 02:03/01:59 [06:08/5:18:26]  Acc_iter 1400        Data time: 0.01(0.01)  Forward time: 0.25(0.25)  Batch time: 0.26(0.26)
2025-06-18 09:14:13,015   INFO  Train:    2/80 (  2%) [ 521/928 ( 56%)]  Loss: 0.8791 (0.936)  LR: 3.158e-04  Time cost: 02:16/01:46 [06:21/5:18:03]  Acc_iter 1450        Data time: 0.01(0.01)  Forward time: 0.25(0.25)  Batch time: 0.26(0.26)
2025-06-18 09:14:26,053   INFO  Train:    2/80 (  2%) [ 571/928 ( 62%)]  Loss: 0.8489 (0.931)  LR: 3.169e-04  Time cost: 02:29/01:33 [06:34/5:17:41]  Acc_iter 1500        Data time: 0.01(0.01)  Forward time: 0.25(0.25)  Batch time: 0.26(0.26)
2025-06-18 09:14:26,298   INFO  user                                   Wed Jun 18 09:14:26 2025  535.183.01
[0] NVIDIA GeForce RTX 4060 Laptop GPU | 64°C,  97 % |  6082 /  8188 MB | user(6064M) gdm(4M) user(4M)

2025-06-18 09:14:39,335   INFO  Train:    2/80 (  2%) [ 621/928 ( 67%)]  Loss: 0.9230 (0.927)  LR: 3.181e-04  Time cost: 02:43/01:20 [06:47/5:17:49]  Acc_iter 1550        Data time: 0.01(0.01)  Forward time: 0.25(0.25)  Batch time: 0.26(0.26)
2025-06-18 09:14:52,358   INFO  Train:    2/80 (  2%) [ 671/928 ( 72%)]  Loss: 0.8369 (0.924)  LR: 3.193e-04  Time cost: 02:56/01:07 [07:00/5:17:26]  Acc_iter 1600        Data time: 0.01(0.01)  Forward time: 0.25(0.25)  Batch time: 0.26(0.26)
2025-06-18 09:15:05,420   INFO  Train:    2/80 (  2%) [ 721/928 ( 78%)]  Loss: 0.7453 (0.919)  LR: 3.205e-04  Time cost: 03:09/00:54 [07:13/5:17:08]  Acc_iter 1650        Data time: 0.01(0.01)  Forward time: 0.25(0.25)  Batch time: 0.26(0.26)
2025-06-18 09:15:05,602   INFO  user                                   Wed Jun 18 09:15:05 2025  535.183.01
[0] NVIDIA GeForce RTX 4060 Laptop GPU | 65°C,  91 % |  6082 /  8188 MB | user(6064M) gdm(4M) user(4M)

2025-06-18 09:15:18,656   INFO  Train:    2/80 (  2%) [ 771/928 ( 83%)]  Loss: 0.8650 (0.915)  LR: 3.217e-04  Time cost: 03:22/00:41 [07:26/5:17:07]  Acc_iter 1700        Data time: 0.02(0.01)  Forward time: 0.25(0.25)  Batch time: 0.26(0.26)
2025-06-18 09:15:31,705   INFO  Train:    2/80 (  2%) [ 821/928 ( 88%)]  Loss: 0.8935 (0.913)  LR: 3.230e-04  Time cost: 03:35/00:28 [07:39/5:16:48]  Acc_iter 1750        Data time: 0.01(0.01)  Forward time: 0.25(0.25)  Batch time: 0.26(0.26)
2025-06-18 09:15:44,745   INFO  Train:    2/80 (  2%) [ 871/928 ( 94%)]  Loss: 0.9755 (0.910)  LR: 3.244e-04  Time cost: 03:48/00:14 [07:52/5:16:29]  Acc_iter 1800        Data time: 0.01(0.01)  Forward time: 0.25(0.25)  Batch time: 0.26(0.26)
2025-06-18 09:15:44,946   INFO  user                                   Wed Jun 18 09:15:44 2025  535.183.01
[0] NVIDIA GeForce RTX 4060 Laptop GPU | 64°C,  63 % |  6082 /  8188 MB | user(6064M) gdm(4M) user(4M)

2025-06-18 09:15:58,002   INFO  Train:    2/80 (  2%) [ 921/928 ( 99%)]  Loss: 0.8670 (0.907)  LR: 3.257e-04  Time cost: 04:01/00:01 [08:06/5:16:28]  Acc_iter 1850        Data time: 0.01(0.01)  Forward time: 0.25(0.25)  Batch time: 0.26(0.26)
2025-06-18 09:15:59,559   INFO  Train:    2/80 (  2%) [ 927/928 (100%)]  Loss: 0.8119 (0.906)  LR: 3.259e-04  Time cost: 04:03/00:00 [08:07/5:16:25]  Acc_iter 1856        Data time: 0.01(0.01)  Forward time: 0.25(0.25)  Batch time: 0.26(0.26)
2025-06-18 09:16:00,041   INFO  Train:    3/80 (  4%) [   0/928 (  0%)]  Loss: 0.9933 (0.993)  LR: 3.259e-04  Time cost: 00:00/05:55 [08:08/7:41:31]  Acc_iter 1857        Data time: 0.09(0.09)  Forward time: 0.28(0.28)  Batch time: 0.37(0.37)
2025-06-18 09:16:11,266   INFO  Train:    3/80 (  4%) [  43/928 (  5%)]  Loss: 0.7925 (0.839)  LR: 3.272e-04  Time cost: 00:11/03:53 [08:19/5:18:03]  Acc_iter 1900        Data time: 0.02(0.01)  Forward time: 0.25(0.25)  Batch time: 0.26(0.26)
2025-06-18 09:16:24,319   INFO  Train:    3/80 (  4%) [  93/928 ( 10%)]  Loss: 0.8295 (0.831)  LR: 3.286e-04  Time cost: 00:24/03:39 [08:32/5:16:04]  Acc_iter 1950        Data time: 0.01(0.01)  Forward time: 0.25(0.25)  Batch time: 0.26(0.26)
2025-06-18 09:16:24,560   INFO  user                                   Wed Jun 18 09:16:24 2025  535.183.01
[0] NVIDIA GeForce RTX 4060 Laptop GPU | 64°C,  57 % |  6082 /  8188 MB | user(6064M) gdm(4M) user(4M)

2025-06-18 09:16:37,593   INFO  Train:    3/80 (  4%) [ 143/928 ( 15%)]  Loss: 0.8340 (0.830)  LR: 3.301e-04  Time cost: 00:37/03:26 [08:45/5:17:10]  Acc_iter 2000        Data time: 0.01(0.02)  Forward time: 0.25(0.25)  Batch time: 0.26(0.26)
2025-06-18 09:16:50,631   INFO  Train:    3/80 (  4%) [ 193/928 ( 21%)]  Loss: 0.8081 (0.824)  LR: 3.316e-04  Time cost: 00:50/03:13 [08:58/5:16:07]  Acc_iter 2050        Data time: 0.01(0.01)  Forward time: 0.25(0.25)  Batch time: 0.26(0.26)
2025-06-18 09:17:03,649   INFO  Train:    3/80 (  4%) [ 243/928 ( 26%)]  Loss: 0.8551 (0.830)  LR: 3.331e-04  Time cost: 01:03/02:59 [09:11/5:15:19]  Acc_iter 2100        Data time: 0.01(0.01)  Forward time: 0.25(0.25)  Batch time: 0.26(0.26)
2025-06-18 09:17:03,837   INFO  user                                   Wed Jun 18 09:17:03 2025  535.183.01
[0] NVIDIA GeForce RTX 4060 Laptop GPU | 64°C,  97 % |  6082 /  8188 MB | user(6064M) gdm(4M) user(4M)

2025-06-18 09:17:16,887   INFO  Train:    3/80 (  4%) [ 293/928 ( 32%)]  Loss: 0.7326 (0.830)  LR: 3.347e-04  Time cost: 01:17/02:46 [09:25/5:15:37]  Acc_iter 2150        Data time: 0.01(0.01)  Forward time: 0.25(0.25)  Batch time: 0.26(0.26)
2025-06-18 09:17:29,925   INFO  Train:    3/80 (  4%) [ 343/928 ( 37%)]  Loss: 0.8439 (0.829)  LR: 3.364e-04  Time cost: 01:30/02:33 [09:38/5:15:03]  Acc_iter 2200        Data time: 0.02(0.01)  Forward time: 0.25(0.25)  Batch time: 0.26(0.26)
2025-06-18 09:17:42,983   INFO  Train:    3/80 (  4%) [ 393/928 ( 42%)]  Loss: 0.8150 (0.827)  LR: 3.380e-04  Time cost: 01:43/02:20 [09:51/5:14:39]  Acc_iter 2250        Data time: 0.02(0.01)  Forward time: 0.25(0.25)  Batch time: 0.26(0.26)
2025-06-18 09:17:43,176   INFO  user                                   Wed Jun 18 09:17:43 2025  535.183.01
[0] NVIDIA GeForce RTX 4060 Laptop GPU | 64°C,  97 % |  6082 /  8188 MB | user(6064M) gdm(4M) user(4M)

2025-06-18 09:17:56,209   INFO  Train:    3/80 (  4%) [ 443/928 ( 48%)]  Loss: 0.8193 (0.825)  LR: 3.397e-04  Time cost: 01:56/02:07 [10:04/5:14:44]  Acc_iter 2300        Data time: 0.01(0.01)  Forward time: 0.25(0.25)  Batch time: 0.26(0.26)
2025-06-18 09:18:09,279   INFO  Train:    3/80 (  4%) [ 493/928 ( 53%)]  Loss: 0.8795 (0.824)  LR: 3.415e-04  Time cost: 02:09/01:54 [10:17/5:14:23]  Acc_iter 2350        Data time: 0.01(0.01)  Forward time: 0.25(0.25)  Batch time: 0.26(0.26)
2025-06-18 09:18:22,336   INFO  Train:    3/80 (  4%) [ 543/928 ( 59%)]  Loss: 0.8122 (0.822)  LR: 3.432e-04  Time cost: 02:22/01:40 [10:30/5:14:02]  Acc_iter 2400        Data time: 0.01(0.01)  Forward time: 0.25(0.25)  Batch time: 0.26(0.26)
2025-06-18 09:18:22,546   INFO  user                                   Wed Jun 18 09:18:22 2025  535.183.01
[0] NVIDIA GeForce RTX 4060 Laptop GPU | 64°C,  85 % |  6082 /  8188 MB | user(6064M) gdm(4M) user(4M)

2025-06-18 09:18:35,568   INFO  Train:    3/80 (  4%) [ 593/928 ( 64%)]  Loss: 0.6863 (0.818)  LR: 3.451e-04  Time cost: 02:35/01:27 [10:43/5:14:03]  Acc_iter 2450        Data time: 0.01(0.01)  Forward time: 0.25(0.25)  Batch time: 0.26(0.26)
2025-06-18 09:18:48,600   INFO  Train:    3/80 (  4%) [ 643/928 ( 69%)]  Loss: 0.8813 (0.816)  LR: 3.469e-04  Time cost: 02:48/01:14 [10:56/5:13:39]  Acc_iter 2500        Data time: 0.01(0.01)  Forward time: 0.25(0.25)  Batch time: 0.26(0.26)
2025-06-18 09:19:01,628   INFO  Train:    3/80 (  4%) [ 693/928 ( 75%)]  Loss: 0.8230 (0.814)  LR: 3.488e-04  Time cost: 03:01/01:01 [11:09/5:13:17]  Acc_iter 2550        Data time: 0.01(0.01)  Forward time: 0.25(0.25)  Batch time: 0.26(0.26)
2025-06-18 09:19:01,813   INFO  user                                   Wed Jun 18 09:19:01 2025  535.183.01
[0] NVIDIA GeForce RTX 4060 Laptop GPU | 65°C,  96 % |  6082 /  8188 MB | user(6064M) gdm(4M) user(4M)

2025-06-18 09:19:14,825   INFO  Train:    3/80 (  4%) [ 743/928 ( 80%)]  Loss: 0.6472 (0.811)  LR: 3.507e-04  Time cost: 03:15/00:48 [11:23/5:13:12]  Acc_iter 2600        Data time: 0.01(0.01)  Forward time: 0.25(0.25)  Batch time: 0.26(0.26)
2025-06-18 09:19:27,879   INFO  Train:    3/80 (  4%) [ 793/928 ( 85%)]  Loss: 0.7347 (0.809)  LR: 3.527e-04  Time cost: 03:28/00:35 [11:36/5:12:54]  Acc_iter 2650        Data time: 0.02(0.01)  Forward time: 0.25(0.25)  Batch time: 0.26(0.26)
2025-06-18 09:19:40,933   INFO  Train:    3/80 (  4%) [ 843/928 ( 91%)]  Loss: 0.8680 (0.807)  LR: 3.547e-04  Time cost: 03:41/00:22 [11:49/5:12:36]  Acc_iter 2700        Data time: 0.01(0.01)  Forward time: 0.25(0.25)  Batch time: 0.26(0.26)
2025-06-18 09:19:41,117   INFO  user                                   Wed Jun 18 09:19:41 2025  535.183.01
[0] NVIDIA GeForce RTX 4060 Laptop GPU | 64°C,  96 % |  6082 /  8188 MB | user(6064M) gdm(4M) user(4M)

2025-06-18 09:19:54,149   INFO  Train:    3/80 (  4%) [ 893/928 ( 96%)]  Loss: 0.6781 (0.805)  LR: 3.567e-04  Time cost: 03:54/00:09 [12:02/5:12:31]  Acc_iter 2750        Data time: 0.01(0.01)  Forward time: 0.25(0.25)  Batch time: 0.26(0.26)
2025-06-18 09:20:02,998   INFO  Train:    3/80 (  4%) [ 927/928 (100%)]  Loss: 0.6884 (0.804)  LR: 3.581e-04  Time cost: 04:03/00:00 [12:11/5:12:17]  Acc_iter 2784        Data time: 0.01(0.01)  Forward time: 0.25(0.25)  Batch time: 0.26(0.26)
2025-06-18 09:20:03,509   INFO  Train:    4/80 (  5%) [   0/928 (  0%)]  Loss: 0.5991 (0.599)  LR: 3.581e-04  Time cost: 00:00/06:16 [12:11/8:03:10]  Acc_iter 2785        Data time: 0.11(0.11)  Forward time: 0.28(0.28)  Batch time: 0.39(0.39)
2025-06-18 09:20:07,445   INFO  Train:    4/80 (  5%) [  15/928 (  2%)]  Loss: 0.9012 (0.752)  LR: 3.588e-04  Time cost: 00:04/04:07 [12:15/5:23:06]  Acc_iter 2800        Data time: 0.01(0.02)  Forward time: 0.25(0.25)  Batch time: 0.26(0.27)
2025-06-18 09:20:20,494   INFO  Train:    4/80 (  5%) [  65/928 (  7%)]  Loss: 0.7579 (0.770)  LR: 3.609e-04  Time cost: 00:17/03:47 [12:28/5:13:31]  Acc_iter 2850        Data time: 0.02(0.01)  Forward time: 0.25(0.25)  Batch time: 0.27(0.26)
2025-06-18 09:20:20,682   INFO  user                                   Wed Jun 18 09:20:20 2025  535.183.01
[0] NVIDIA GeForce RTX 4060 Laptop GPU | 64°C,  86 % |  6082 /  8188 MB | user(6064M) gdm(4M) user(4M)

2025-06-18 09:20:33,749   INFO  Train:    4/80 (  5%) [ 115/928 ( 12%)]  Loss: 0.6402 (0.755)  LR: 3.630e-04  Time cost: 00:30/03:34 [12:41/5:14:07]  Acc_iter 2900        Data time: 0.01(0.02)  Forward time: 0.25(0.25)  Batch time: 0.26(0.26)
2025-06-18 09:20:46,811   INFO  Train:    4/80 (  5%) [ 165/928 ( 18%)]  Loss: 0.7238 (0.755)  LR: 3.652e-04  Time cost: 00:43/03:20 [12:55/5:12:51]  Acc_iter 2950        Data time: 0.01(0.01)  Forward time: 0.25(0.25)  Batch time: 0.26(0.26)
2025-06-18 09:20:59,878   INFO  Train:    4/80 (  5%) [ 215/928 ( 23%)]  Loss: 0.7341 (0.757)  LR: 3.674e-04  Time cost: 00:56/03:07 [13:08/5:12:05]  Acc_iter 3000        Data time: 0.01(0.01)  Forward time: 0.25(0.25)  Batch time: 0.26(0.26)
2025-06-18 09:21:00,081   INFO  user                                   Wed Jun 18 09:21:00 2025  535.183.01
[0] NVIDIA GeForce RTX 4060 Laptop GPU | 64°C,  85 % |  6082 /  8188 MB | user(6064M) gdm(4M) user(4M)

2025-06-18 09:21:13,173   INFO  Train:    4/80 (  5%) [ 265/928 ( 29%)]  Loss: 0.6736 (0.757)  LR: 3.696e-04  Time cost: 01:10/02:54 [13:21/5:12:33]  Acc_iter 3050        Data time: 0.01(0.01)  Forward time: 0.25(0.25)  Batch time: 0.26(0.26)
2025-06-18 09:21:26,188   INFO  Train:    4/80 (  5%) [ 315/928 ( 34%)]  Loss: 0.7210 (0.757)  LR: 3.719e-04  Time cost: 01:23/02:41 [13:34/5:11:44]  Acc_iter 3100        Data time: 0.01(0.01)  Forward time: 0.25(0.25)  Batch time: 0.26(0.26)
2025-06-18 09:21:39,225   INFO  Train:    4/80 (  5%) [ 365/928 ( 39%)]  Loss: 0.6991 (0.759)  LR: 3.742e-04  Time cost: 01:36/02:27 [13:47/5:11:10]  Acc_iter 3150        Data time: 0.01(0.01)  Forward time: 0.25(0.25)  Batch time: 0.26(0.26)
2025-06-18 09:21:39,419   INFO  user                                   Wed Jun 18 09:21:39 2025  535.183.01
[0] NVIDIA GeForce RTX 4060 Laptop GPU | 64°C,  66 % |  6082 /  8188 MB | user(6064M) gdm(4M) user(4M)

2025-06-18 09:21:52,448   INFO  Train:    4/80 (  5%) [ 415/928 ( 45%)]  Loss: 0.6051 (0.758)  LR: 3.766e-04  Time cost: 01:49/02:14 [14:00/5:11:12]  Acc_iter 3200        Data time: 0.01(0.01)  Forward time: 0.25(0.25)  Batch time: 0.26(0.26)
2025-06-18 09:22:05,451   INFO  Train:    4/80 (  5%) [ 465/928 ( 50%)]  Loss: 0.7625 (0.758)  LR: 3.790e-04  Time cost: 02:02/02:01 [14:13/5:10:38]  Acc_iter 3250        Data time: 0.01(0.01)  Forward time: 0.25(0.25)  Batch time: 0.26(0.26)
2025-06-18 09:22:18,515   INFO  Train:    4/80 (  5%) [ 515/928 ( 55%)]  Loss: 0.7379 (0.757)  LR: 3.814e-04  Time cost: 02:15/01:48 [14:26/5:10:16]  Acc_iter 3300        Data time: 0.01(0.01)  Forward time: 0.25(0.25)  Batch time: 0.26(0.26)
2025-06-18 09:22:18,702   INFO  user                                   Wed Jun 18 09:22:18 2025  535.183.01
[0] NVIDIA GeForce RTX 4060 Laptop GPU | 65°C,  97 % |  6082 /  8188 MB | user(6064M) gdm(4M) user(4M)

2025-06-18 09:22:31,730   INFO  Train:    4/80 (  5%) [ 565/928 ( 61%)]  Loss: 0.6306 (0.756)  LR: 3.838e-04  Time cost: 02:28/01:35 [14:39/5:10:15]  Acc_iter 3350        Data time: 0.01(0.01)  Forward time: 0.25(0.25)  Batch time: 0.26(0.26)
2025-06-18 09:22:44,798   INFO  Train:    4/80 (  5%) [ 615/928 ( 66%)]  Loss: 0.7246 (0.754)  LR: 3.863e-04  Time cost: 02:41/01:22 [14:53/5:09:55]  Acc_iter 3400        Data time: 0.01(0.01)  Forward time: 0.25(0.25)  Batch time: 0.26(0.26)
2025-06-18 09:22:57,849   INFO  Train:    4/80 (  5%) [ 665/928 ( 72%)]  Loss: 0.7480 (0.753)  LR: 3.889e-04  Time cost: 02:54/01:09 [15:06/5:09:34]  Acc_iter 3450        Data time: 0.01(0.01)  Forward time: 0.25(0.25)  Batch time: 0.26(0.26)
2025-06-18 09:22:58,052   INFO  user                                   Wed Jun 18 09:22:58 2025  535.183.01
[0] NVIDIA GeForce RTX 4060 Laptop GPU | 64°C,  90 % |  6082 /  8188 MB | user(6064M) gdm(4M) user(4M)

2025-06-18 09:23:11,088   INFO  Train:    4/80 (  5%) [ 715/928 ( 77%)]  Loss: 0.7234 (0.751)  LR: 3.914e-04  Time cost: 03:07/00:55 [15:19/5:09:33]  Acc_iter 3500        Data time: 0.01(0.01)  Forward time: 0.25(0.25)  Batch time: 0.26(0.26)
2025-06-18 09:23:24,114   INFO  Train:    4/80 (  5%) [ 765/928 ( 82%)]  Loss: 0.7095 (0.751)  LR: 3.940e-04  Time cost: 03:21/00:42 [15:32/5:09:10]  Acc_iter 3550        Data time: 0.01(0.01)  Forward time: 0.25(0.25)  Batch time: 0.26(0.26)
2025-06-18 09:23:37,134   INFO  Train:    4/80 (  5%) [ 815/928 ( 88%)]  Loss: 0.6741 (0.750)  LR: 3.967e-04  Time cost: 03:34/00:29 [15:45/5:08:48]  Acc_iter 3600        Data time: 0.01(0.01)  Forward time: 0.25(0.25)  Batch time: 0.26(0.26)
2025-06-18 09:23:37,386   INFO  user                                   Wed Jun 18 09:23:37 2025  535.183.01
[0] NVIDIA GeForce RTX 4060 Laptop GPU | 64°C,  39 % |  6082 /  8188 MB | user(6064M) gdm(4M) user(4M)

2025-06-18 09:23:50,435   INFO  Train:    4/80 (  5%) [ 865/928 ( 93%)]  Loss: 0.6167 (0.749)  LR: 3.993e-04  Time cost: 03:47/00:16 [15:58/5:08:50]  Acc_iter 3650        Data time: 0.01(0.01)  Forward time: 0.25(0.25)  Batch time: 0.26(0.26)
2025-06-18 09:24:03,460   INFO  Train:    4/80 (  5%) [ 915/928 ( 99%)]  Loss: 0.7129 (0.748)  LR: 4.021e-04  Time cost: 04:00/00:03 [16:11/5:08:29]  Acc_iter 3700        Data time: 0.01(0.01)  Forward time: 0.25(0.25)  Batch time: 0.26(0.26)
2025-06-18 09:24:06,579   INFO  Train:    4/80 (  5%) [ 927/928 (100%)]  Loss: 0.7070 (0.748)  LR: 4.027e-04  Time cost: 04:03/00:00 [16:14/5:08:24]  Acc_iter 3712        Data time: 0.01(0.01)  Forward time: 0.25(0.25)  Batch time: 0.26(0.26)
2025-06-18 09:24:07,081   INFO  Train:    5/80 (  6%) [   0/928 (  0%)]  Loss: 0.6437 (0.644)  LR: 4.028e-04  Time cost: 00:00/06:09 [16:15/7:47:49]  Acc_iter 3713        Data time: 0.12(0.12)  Forward time: 0.26(0.26)  Batch time: 0.38(0.38)
2025-06-18 09:24:16,723   INFO  Train:    5/80 (  6%) [  37/928 (  4%)]  Loss: 0.8099 (0.720)  LR: 4.048e-04  Time cost: 00:10/03:55 [16:24/5:10:23]  Acc_iter 3750        Data time: 0.01(0.02)  Forward time: 0.25(0.25)  Batch time: 0.26(0.26)
2025-06-18 09:24:16,908   INFO  user                                   Wed Jun 18 09:24:16 2025  535.183.01
[0] NVIDIA GeForce RTX 4060 Laptop GPU | 64°C,  95 % |  6082 /  8188 MB | user(6064M) gdm(4M) user(4M)

2025-06-18 09:24:29,971   INFO  Train:    5/80 (  6%) [  87/928 (  9%)]  Loss: 0.7245 (0.725)  LR: 4.076e-04  Time cost: 00:23/03:42 [16:38/5:10:40]  Acc_iter 3800        Data time: 0.01(0.02)  Forward time: 0.25(0.25)  Batch time: 0.26(0.26)
2025-06-18 09:24:43,017   INFO  Train:    5/80 (  6%) [ 137/928 ( 15%)]  Loss: 0.7535 (0.725)  LR: 4.104e-04  Time cost: 00:36/03:28 [16:51/5:08:53]  Acc_iter 3850        Data time: 0.01(0.01)  Forward time: 0.25(0.25)  Batch time: 0.26(0.26)
2025-06-18 09:24:56,092   INFO  Train:    5/80 (  6%) [ 187/928 ( 20%)]  Loss: 0.6978 (0.726)  LR: 4.132e-04  Time cost: 00:49/03:14 [17:04/5:08:06]  Acc_iter 3900        Data time: 0.01(0.01)  Forward time: 0.25(0.25)  Batch time: 0.26(0.26)
2025-06-18 09:24:56,327   INFO  user                                   Wed Jun 18 09:24:56 2025  535.183.01
[0] NVIDIA GeForce RTX 4060 Laptop GPU | 65°C,  95 % |  6082 /  8188 MB | user(6064M) gdm(4M) user(4M)

2025-06-18 09:25:09,398   INFO  Train:    5/80 (  6%) [ 237/928 ( 26%)]  Loss: 0.7741 (0.724)  LR: 4.161e-04  Time cost: 01:02/03:02 [17:17/5:08:42]  Acc_iter 3950        Data time: 0.01(0.02)  Forward time: 0.25(0.25)  Batch time: 0.26(0.26)
2025-06-18 09:25:22,443   INFO  Train:    5/80 (  6%) [ 287/928 ( 31%)]  Loss: 0.7253 (0.723)  LR: 4.190e-04  Time cost: 01:15/02:48 [17:30/5:07:57]  Acc_iter 4000        Data time: 0.01(0.01)  Forward time: 0.25(0.25)  Batch time: 0.26(0.26)
2025-06-18 09:25:35,467   INFO  Train:    5/80 (  6%) [ 337/928 ( 36%)]  Loss: 0.6685 (0.722)  LR: 4.220e-04  Time cost: 01:28/02:35 [17:43/5:07:17]  Acc_iter 4050        Data time: 0.01(0.01)  Forward time: 0.25(0.25)  Batch time: 0.26(0.26)
2025-06-18 09:25:35,675   INFO  user                                   Wed Jun 18 09:25:35 2025  535.183.01
[0] NVIDIA GeForce RTX 4060 Laptop GPU | 64°C,  97 % |  6082 /  8188 MB | user(6064M) gdm(4M) user(4M)

2025-06-18 09:25:48,730   INFO  Train:    5/80 (  6%) [ 387/928 ( 42%)]  Loss: 0.7520 (0.721)  LR: 4.250e-04  Time cost: 01:42/02:22 [17:56/5:07:27]  Acc_iter 4100        Data time: 0.01(0.01)  Forward time: 0.25(0.25)  Batch time: 0.26(0.26)
2025-06-18 09:26:01,767   INFO  Train:    5/80 (  6%) [ 437/928 ( 47%)]  Loss: 0.7604 (0.719)  LR: 4.280e-04  Time cost: 01:55/02:09 [18:10/5:06:56]  Acc_iter 4150        Data time: 0.01(0.01)  Forward time: 0.25(0.25)  Batch time: 0.26(0.26)
2025-06-18 09:26:14,793   INFO  Train:    5/80 (  6%) [ 487/928 ( 52%)]  Loss: 0.6708 (0.719)  LR: 4.310e-04  Time cost: 02:08/01:55 [18:23/5:06:27]  Acc_iter 4200        Data time: 0.01(0.01)  Forward time: 0.25(0.25)  Batch time: 0.26(0.26)
2025-06-18 09:26:14,992   INFO  user                                   Wed Jun 18 09:26:14 2025  535.183.01
[0] NVIDIA GeForce RTX 4060 Laptop GPU | 64°C,  89 % |  6082 /  8188 MB | user(6064M) gdm(4M) user(4M)

2025-06-18 09:26:28,042   INFO  Train:    5/80 (  6%) [ 537/928 ( 58%)]  Loss: 0.6907 (0.718)  LR: 4.341e-04  Time cost: 02:21/01:42 [18:36/5:06:29]  Acc_iter 4250        Data time: 0.01(0.01)  Forward time: 0.25(0.25)  Batch time: 0.26(0.26)
2025-06-18 09:26:41,081   INFO  Train:    5/80 (  6%) [ 587/928 ( 63%)]  Loss: 0.7852 (0.716)  LR: 4.372e-04  Time cost: 02:34/01:29 [18:49/5:06:05]  Acc_iter 4300        Data time: 0.01(0.01)  Forward time: 0.25(0.25)  Batch time: 0.26(0.26)
2025-06-18 09:26:54,116   INFO  Train:    5/80 (  6%) [ 637/928 ( 69%)]  Loss: 0.6286 (0.715)  LR: 4.404e-04  Time cost: 02:47/01:16 [19:02/5:05:41]  Acc_iter 4350        Data time: 0.01(0.01)  Forward time: 0.25(0.25)  Batch time: 0.26(0.26)
2025-06-18 09:26:54,297   INFO  user                                   Wed Jun 18 09:26:54 2025  535.183.01
[0] NVIDIA GeForce RTX 4060 Laptop GPU | 64°C,  95 % |  6082 /  8188 MB | user(6064M) gdm(4M) user(4M)

2025-06-18 09:27:07,344   INFO  Train:    5/80 (  6%) [ 687/928 ( 74%)]  Loss: 0.6350 (0.715)  LR: 4.436e-04  Time cost: 03:00/01:03 [19:15/5:05:39]  Acc_iter 4400        Data time: 0.01(0.01)  Forward time: 0.25(0.25)  Batch time: 0.26(0.26)
2025-06-18 09:27:20,423   INFO  Train:    5/80 (  6%) [ 737/928 ( 79%)]  Loss: 0.6490 (0.714)  LR: 4.468e-04  Time cost: 03:13/00:50 [19:28/5:05:21]  Acc_iter 4450        Data time: 0.01(0.01)  Forward time: 0.25(0.25)  Batch time: 0.26(0.26)
2025-06-18 09:27:33,463   INFO  Train:    5/80 (  6%) [ 787/928 ( 85%)]  Loss: 0.7307 (0.714)  LR: 4.500e-04  Time cost: 03:26/00:36 [19:41/5:05:00]  Acc_iter 4500        Data time: 0.02(0.01)  Forward time: 0.25(0.25)  Batch time: 0.26(0.26)
2025-06-18 09:27:33,730   INFO  user                                   Wed Jun 18 09:27:33 2025  535.183.01
[0] NVIDIA GeForce RTX 4060 Laptop GPU | 64°C,  39 % |  6082 /  8188 MB | user(6064M) gdm(4M) user(4M)

2025-06-18 09:27:46,777   INFO  Train:    5/80 (  6%) [ 837/928 ( 90%)]  Loss: 0.5890 (0.713)  LR: 4.533e-04  Time cost: 03:40/00:23 [19:55/5:05:03]  Acc_iter 4550        Data time: 0.01(0.01)  Forward time: 0.25(0.25)  Batch time: 0.26(0.26)
2025-06-18 09:27:59,828   INFO  Train:    5/80 (  6%) [ 887/928 ( 96%)]  Loss: 0.6360 (0.712)  LR: 4.567e-04  Time cost: 03:53/00:10 [20:08/5:04:44]  Acc_iter 4600        Data time: 0.01(0.01)  Forward time: 0.25(0.25)  Batch time: 0.26(0.26)
2025-06-18 09:28:10,246   INFO  Train:    5/80 (  6%) [ 927/928 (100%)]  Loss: 0.6980 (0.712)  LR: 4.593e-04  Time cost: 04:03/00:00 [20:18/5:04:27]  Acc_iter 4640        Data time: 0.01(0.01)  Forward time: 0.25(0.25)  Batch time: 0.26(0.26)
2025-06-18 09:28:10,744   INFO  Train:    6/80 (  8%) [   0/928 (  0%)]  Loss: 0.7309 (0.731)  LR: 4.594e-04  Time cost: 00:00/06:02 [20:18/7:33:14]  Acc_iter 4641        Data time: 0.11(0.11)  Forward time: 0.27(0.27)  Batch time: 0.38(0.38)
2025-06-18 09:28:13,097   INFO  Train:    6/80 (  8%) [   9/928 (  1%)]  Loss: 0.6580 (0.716)  LR: 4.600e-04  Time cost: 00:02/04:12 [20:21/5:18:16]  Acc_iter 4650        Data time: 0.01(0.02)  Forward time: 0.25(0.25)  Batch time: 0.26(0.27)
2025-06-18 09:28:13,303   INFO  user                                   Wed Jun 18 09:28:13 2025  535.183.01
[0] NVIDIA GeForce RTX 4060 Laptop GPU | 65°C,  95 % |  6082 /  8188 MB | user(6064M) gdm(4M) user(4M)

2025-06-18 09:28:26,352   INFO  Train:    6/80 (  8%) [  59/928 (  6%)]  Loss: 0.7063 (0.696)  LR: 4.634e-04  Time cost: 00:15/03:51 [20:34/5:09:03]  Acc_iter 4700        Data time: 0.02(0.02)  Forward time: 0.25(0.25)  Batch time: 0.26(0.27)
2025-06-18 09:28:39,375   INFO  Train:    6/80 (  8%) [ 109/928 ( 12%)]  Loss: 0.6438 (0.708)  LR: 4.668e-04  Time cost: 00:29/03:36 [20:47/5:05:34]  Acc_iter 4750        Data time: 0.01(0.02)  Forward time: 0.25(0.25)  Batch time: 0.26(0.26)
2025-06-18 09:28:52,437   INFO  Train:    6/80 (  8%) [ 159/928 ( 17%)]  Loss: 0.6703 (0.708)  LR: 4.703e-04  Time cost: 00:42/03:22 [21:00/5:04:24]  Acc_iter 4800        Data time: 0.02(0.01)  Forward time: 0.25(0.25)  Batch time: 0.26(0.26)
2025-06-18 09:28:52,622   INFO  user                                   Wed Jun 18 09:28:52 2025  535.183.01
[0] NVIDIA GeForce RTX 4060 Laptop GPU | 64°C,  96 % |  6082 /  8188 MB | user(6064M) gdm(4M) user(4M)

2025-06-18 09:29:05,681   INFO  Train:    6/80 (  8%) [ 209/928 ( 23%)]  Loss: 0.6447 (0.705)  LR: 4.738e-04  Time cost: 00:55/03:09 [21:13/5:04:42]  Acc_iter 4850        Data time: 0.01(0.02)  Forward time: 0.25(0.25)  Batch time: 0.26(0.26)
2025-06-18 09:29:18,725   INFO  Train:    6/80 (  8%) [ 259/928 ( 28%)]  Loss: 0.7202 (0.704)  LR: 4.773e-04  Time cost: 01:08/02:55 [21:26/5:03:54]  Acc_iter 4900        Data time: 0.01(0.01)  Forward time: 0.25(0.25)  Batch time: 0.26(0.26)
2025-06-18 09:29:31,800   INFO  Train:    6/80 (  8%) [ 309/928 ( 33%)]  Loss: 0.6656 (0.702)  LR: 4.808e-04  Time cost: 01:21/02:42 [21:40/5:03:24]  Acc_iter 4950        Data time: 0.01(0.01)  Forward time: 0.25(0.25)  Batch time: 0.26(0.26)
2025-06-18 09:29:32,025   INFO  user                                   Wed Jun 18 09:29:32 2025  535.183.01
[0] NVIDIA GeForce RTX 4060 Laptop GPU | 63°C,  97 % |  6082 /  8188 MB | user(6064M) gdm(4M) user(4M)

2025-06-18 09:29:45,082   INFO  Train:    6/80 (  8%) [ 359/928 ( 39%)]  Loss: 0.6916 (0.701)  LR: 4.844e-04  Time cost: 01:34/02:29 [21:53/5:03:39]  Acc_iter 5000        Data time: 0.01(0.01)  Forward time: 0.25(0.25)  Batch time: 0.26(0.26)
2025-06-18 09:29:58,104   INFO  Train:    6/80 (  8%) [ 409/928 ( 44%)]  Loss: 0.6420 (0.700)  LR: 4.880e-04  Time cost: 01:47/02:16 [22:06/5:03:03]  Acc_iter 5050        Data time: 0.01(0.01)  Forward time: 0.25(0.25)  Batch time: 0.26(0.26)
2025-06-18 09:30:11,163   INFO  Train:    6/80 (  8%) [ 459/928 ( 49%)]  Loss: 0.6966 (0.699)  LR: 4.917e-04  Time cost: 02:00/02:03 [22:19/5:02:38]  Acc_iter 5100        Data time: 0.01(0.01)  Forward time: 0.25(0.25)  Batch time: 0.26(0.26)
2025-06-18 09:30:11,355   INFO  user                                   Wed Jun 18 09:30:11 2025  535.183.01
[0] NVIDIA GeForce RTX 4060 Laptop GPU | 64°C,  97 % |  6082 /  8188 MB | user(6064M) gdm(4M) user(4M)

2025-06-18 09:30:24,449   INFO  Train:    6/80 (  8%) [ 509/928 ( 55%)]  Loss: 0.5895 (0.698)  LR: 4.954e-04  Time cost: 02:14/01:50 [22:32/5:02:46]  Acc_iter 5150        Data time: 0.02(0.01)  Forward time: 0.25(0.25)  Batch time: 0.26(0.26)
2025-06-18 09:30:37,473   INFO  Train:    6/80 (  8%) [ 559/928 ( 60%)]  Loss: 0.6705 (0.697)  LR: 4.991e-04  Time cost: 02:27/01:36 [22:45/5:02:18]  Acc_iter 5200        Data time: 0.01(0.01)  Forward time: 0.25(0.25)  Batch time: 0.26(0.26)
2025-06-18 09:30:50,511   INFO  Train:    6/80 (  8%) [ 609/928 ( 66%)]  Loss: 0.5834 (0.694)  LR: 5.028e-04  Time cost: 02:40/01:23 [22:58/5:01:53]  Acc_iter 5250        Data time: 0.01(0.01)  Forward time: 0.25(0.25)  Batch time: 0.26(0.26)
2025-06-18 09:30:50,709   INFO  user                                   Wed Jun 18 09:30:50 2025  535.183.01
[0] NVIDIA GeForce RTX 4060 Laptop GPU | 64°C,  91 % |  6082 /  8188 MB | user(6064M) gdm(4M) user(4M)

2025-06-18 09:31:03,761   INFO  Train:    6/80 (  8%) [ 659/928 ( 71%)]  Loss: 0.7764 (0.693)  LR: 5.066e-04  Time cost: 02:53/01:10 [23:11/5:01:53]  Acc_iter 5300        Data time: 0.02(0.01)  Forward time: 0.25(0.25)  Batch time: 0.26(0.26)
2025-06-18 09:31:16,809   INFO  Train:    6/80 (  8%) [ 709/928 ( 76%)]  Loss: 0.5851 (0.692)  LR: 5.104e-04  Time cost: 03:06/00:57 [23:25/5:01:31]  Acc_iter 5350        Data time: 0.01(0.01)  Forward time: 0.25(0.25)  Batch time: 0.26(0.26)
2025-06-18 09:31:29,845   INFO  Train:    6/80 (  8%) [ 759/928 ( 82%)]  Loss: 0.6644 (0.692)  LR: 5.143e-04  Time cost: 03:19/00:44 [23:38/5:01:10]  Acc_iter 5400        Data time: 0.01(0.01)  Forward time: 0.25(0.25)  Batch time: 0.26(0.26)
2025-06-18 09:31:30,051   INFO  user                                   Wed Jun 18 09:31:30 2025  535.183.01
[0] NVIDIA GeForce RTX 4060 Laptop GPU | 63°C,  67 % |  6082 /  8188 MB | user(6064M) gdm(4M) user(4M)

2025-06-18 09:31:43,083   INFO  Train:    6/80 (  8%) [ 809/928 ( 87%)]  Loss: 0.5921 (0.691)  LR: 5.182e-04  Time cost: 03:32/00:31 [23:51/5:01:06]  Acc_iter 5450        Data time: 0.01(0.01)  Forward time: 0.25(0.25)  Batch time: 0.26(0.26)
2025-06-18 09:31:56,133   INFO  Train:    6/80 (  8%) [ 859/928 ( 93%)]  Loss: 0.6934 (0.689)  LR: 5.221e-04  Time cost: 03:45/00:18 [24:04/5:00:46]  Acc_iter 5500        Data time: 0.01(0.01)  Forward time: 0.25(0.25)  Batch time: 0.26(0.26)
2025-06-18 09:32:09,164   INFO  Train:    6/80 (  8%) [ 909/928 ( 98%)]  Loss: 0.7016 (0.689)  LR: 5.260e-04  Time cost: 03:58/00:04 [24:17/5:00:26]  Acc_iter 5550        Data time: 0.01(0.01)  Forward time: 0.25(0.25)  Batch time: 0.26(0.26)
2025-06-18 09:32:09,363   INFO  user                                   Wed Jun 18 09:32:09 2025  535.183.01
[0] NVIDIA GeForce RTX 4060 Laptop GPU | 63°C,  95 % |  6082 /  8188 MB | user(6064M) gdm(4M) user(4M)

2025-06-18 09:32:14,071   INFO  Train:    6/80 (  8%) [ 927/928 (100%)]  Loss: 0.7423 (0.688)  LR: 5.274e-04  Time cost: 04:03/00:00 [24:22/5:00:35]  Acc_iter 5568        Data time: 0.01(0.01)  Forward time: 0.25(0.25)  Batch time: 0.26(0.26)
2025-06-18 09:32:14,576   INFO  Train:    7/80 (  9%) [   0/928 (  0%)]  Loss: 0.6612 (0.661)  LR: 5.275e-04  Time cost: 00:00/06:04 [24:22/7:28:58]  Acc_iter 5569        Data time: 0.11(0.11)  Forward time: 0.27(0.27)  Batch time: 0.38(0.38)
2025-06-18 09:32:22,684   INFO  Train:    7/80 (  9%) [  31/928 (  3%)]  Loss: 0.7041 (0.690)  LR: 5.300e-04  Time cost: 00:08/03:58 [24:30/5:03:52]  Acc_iter 5600        Data time: 0.01(0.02)  Forward time: 0.25(0.25)  Batch time: 0.26(0.27)
2025-06-18 09:32:35,733   INFO  Train:    7/80 (  9%) [  81/928 (  9%)]  Loss: 0.7887 (0.681)  LR: 5.340e-04  Time cost: 00:21/03:42 [24:43/5:00:25]  Acc_iter 5650        Data time: 0.01(0.01)  Forward time: 0.25(0.25)  Batch time: 0.26(0.26)
2025-06-18 09:32:48,766   INFO  Train:    7/80 (  9%) [ 131/928 ( 14%)]  Loss: 0.6766 (0.675)  LR: 5.380e-04  Time cost: 00:34/03:28 [24:56/4:59:16]  Acc_iter 5700        Data time: 0.01(0.01)  Forward time: 0.25(0.25)  Batch time: 0.26(0.26)
2025-06-18 09:32:48,956   INFO  user                                   Wed Jun 18 09:32:48 2025  535.183.01
[0] NVIDIA GeForce RTX 4060 Laptop GPU | 63°C,  95 % |  6082 /  8188 MB | user(6064M) gdm(4M) user(4M)

2025-06-18 09:33:02,019   INFO  Train:    7/80 (  9%) [ 181/928 ( 20%)]  Loss: 0.6313 (0.672)  LR: 5.421e-04  Time cost: 00:47/03:16 [25:10/5:00:01]  Acc_iter 5750        Data time: 0.01(0.01)  Forward time: 0.25(0.25)  Batch time: 0.26(0.26)
2025-06-18 09:33:15,049   INFO  Train:    7/80 (  9%) [ 231/928 ( 25%)]  Loss: 0.6976 (0.670)  LR: 5.462e-04  Time cost: 01:00/03:02 [25:23/4:59:15]  Acc_iter 5800        Data time: 0.01(0.01)  Forward time: 0.25(0.25)  Batch time: 0.26(0.26)
2025-06-18 09:33:28,098   INFO  Train:    7/80 (  9%) [ 281/928 ( 30%)]  Loss: 0.5830 (0.668)  LR: 5.503e-04  Time cost: 01:13/02:49 [25:36/4:58:45]  Acc_iter 5850        Data time: 0.01(0.01)  Forward time: 0.25(0.25)  Batch time: 0.26(0.26)
2025-06-18 09:33:28,283   INFO  user                                   Wed Jun 18 09:33:28 2025  535.183.01
[0] NVIDIA GeForce RTX 4060 Laptop GPU | 63°C,  97 % |  6082 /  8188 MB | user(6064M) gdm(4M) user(4M)

2025-06-18 09:33:41,334   INFO  Train:    7/80 (  9%) [ 331/928 ( 36%)]  Loss: 0.7162 (0.668)  LR: 5.545e-04  Time cost: 01:27/02:36 [25:49/4:58:59]  Acc_iter 5900        Data time: 0.01(0.01)  Forward time: 0.25(0.25)  Batch time: 0.26(0.26)
2025-06-18 09:33:54,405   INFO  Train:    7/80 (  9%) [ 381/928 ( 41%)]  Loss: 0.5876 (0.668)  LR: 5.587e-04  Time cost: 01:40/02:23 [26:02/4:58:36]  Acc_iter 5950        Data time: 0.01(0.01)  Forward time: 0.25(0.25)  Batch time: 0.26(0.26)
2025-06-18 09:34:07,478   INFO  Train:    7/80 (  9%) [ 431/928 ( 46%)]  Loss: 0.6223 (0.668)  LR: 5.629e-04  Time cost: 01:53/02:10 [26:15/4:58:16]  Acc_iter 6000        Data time: 0.01(0.01)  Forward time: 0.25(0.25)  Batch time: 0.26(0.26)
2025-06-18 09:34:07,681   INFO  user                                   Wed Jun 18 09:34:07 2025  535.183.01
[0] NVIDIA GeForce RTX 4060 Laptop GPU | 63°C,  97 % |  6082 /  8188 MB | user(6064M) gdm(4M) user(4M)

2025-06-18 09:34:20,748   INFO  Train:    7/80 (  9%) [ 481/928 ( 52%)]  Loss: 0.7313 (0.670)  LR: 5.671e-04  Time cost: 02:06/01:57 [26:28/4:58:25]  Acc_iter 6050        Data time: 0.01(0.01)  Forward time: 0.25(0.25)  Batch time: 0.26(0.26)
2025-06-18 09:34:33,768   INFO  Train:    7/80 (  9%) [ 531/928 ( 57%)]  Loss: 0.5973 (0.669)  LR: 5.714e-04  Time cost: 02:19/01:44 [26:42/4:57:58]  Acc_iter 6100        Data time: 0.01(0.01)  Forward time: 0.25(0.25)  Batch time: 0.26(0.26)
2025-06-18 09:34:46,793   INFO  Train:    7/80 (  9%) [ 581/928 ( 63%)]  Loss: 0.6846 (0.667)  LR: 5.757e-04  Time cost: 02:32/01:30 [26:55/4:57:34]  Acc_iter 6150        Data time: 0.01(0.01)  Forward time: 0.25(0.25)  Batch time: 0.26(0.26)
2025-06-18 09:34:47,006   INFO  user                                   Wed Jun 18 09:34:46 2025  535.183.01
[0] NVIDIA GeForce RTX 4060 Laptop GPU | 63°C,  74 % |  6082 /  8188 MB | user(6064M) gdm(4M) user(4M)

2025-06-18 09:35:00,032   INFO  Train:    7/80 (  9%) [ 631/928 ( 68%)]  Loss: 0.6833 (0.667)  LR: 5.800e-04  Time cost: 02:45/01:17 [27:08/4:57:35]  Acc_iter 6200        Data time: 0.01(0.01)  Forward time: 0.25(0.25)  Batch time: 0.26(0.26)
2025-06-18 09:35:13,092   INFO  Train:    7/80 (  9%) [ 681/928 ( 73%)]  Loss: 0.5911 (0.668)  LR: 5.844e-04  Time cost: 02:58/01:04 [27:21/4:57:15]  Acc_iter 6250        Data time: 0.01(0.01)  Forward time: 0.25(0.25)  Batch time: 0.26(0.26)
2025-06-18 09:35:26,116   INFO  Train:    7/80 (  9%) [ 731/928 ( 79%)]  Loss: 0.7241 (0.667)  LR: 5.888e-04  Time cost: 03:11/00:51 [27:34/4:56:54]  Acc_iter 6300        Data time: 0.01(0.01)  Forward time: 0.25(0.25)  Batch time: 0.26(0.26)
2025-06-18 09:35:26,306   INFO  user                                   Wed Jun 18 09:35:26 2025  535.183.01
[0] NVIDIA GeForce RTX 4060 Laptop GPU | 63°C,  95 % |  6082 /  8188 MB | user(6064M) gdm(4M) user(4M)

2025-06-18 09:35:39,331   INFO  Train:    7/80 (  9%) [ 781/928 ( 84%)]  Loss: 0.5995 (0.665)  LR: 5.932e-04  Time cost: 03:25/00:38 [27:47/4:56:50]  Acc_iter 6350        Data time: 0.01(0.01)  Forward time: 0.25(0.25)  Batch time: 0.26(0.26)
2025-06-18 09:35:52,371   INFO  Train:    7/80 (  9%) [ 831/928 ( 90%)]  Loss: 0.5840 (0.664)  LR: 5.977e-04  Time cost: 03:38/00:25 [28:00/4:56:30]  Acc_iter 6400        Data time: 0.01(0.01)  Forward time: 0.25(0.25)  Batch time: 0.26(0.26)
2025-06-18 09:36:05,429   INFO  Train:    7/80 (  9%) [ 881/928 ( 95%)]  Loss: 0.5909 (0.663)  LR: 6.022e-04  Time cost: 03:51/00:12 [28:13/4:56:13]  Acc_iter 6450        Data time: 0.01(0.01)  Forward time: 0.25(0.25)  Batch time: 0.26(0.26)
2025-06-18 09:36:05,613   INFO  user                                   Wed Jun 18 09:36:05 2025  535.183.01
[0] NVIDIA GeForce RTX 4060 Laptop GPU | 63°C,  97 % |  6082 /  8188 MB | user(6064M) gdm(4M) user(4M)

2025-06-18 09:36:17,648   INFO  Train:    7/80 (  9%) [ 927/928 (100%)]  Loss: 0.6470 (0.662)  LR: 6.063e-04  Time cost: 04:03/00:00 [28:25/4:56:13]  Acc_iter 6496        Data time: 0.01(0.01)  Forward time: 0.25(0.25)  Batch time: 0.26(0.26)
2025-06-18 09:36:18,143   INFO  Train:    8/80 ( 10%) [   0/928 (  0%)]  Loss: 0.7529 (0.753)  LR: 6.064e-04  Time cost: 00:00/05:58 [28:26/7:16:06]  Acc_iter 6497        Data time: 0.10(0.10)  Forward time: 0.28(0.28)  Batch time: 0.38(0.38)
2025-06-18 09:36:18,921   INFO  Train:    8/80 ( 10%) [   3/928 (  0%)]  Loss: 0.6275 (0.668)  LR: 6.067e-04  Time cost: 00:01/04:29 [28:27/5:28:36]  Acc_iter 6500        Data time: 0.01(0.03)  Forward time: 0.25(0.26)  Batch time: 0.26(0.29)
2025-06-18 09:36:31,985   INFO  Train:    8/80 ( 10%) [  53/928 (  6%)]  Loss: 0.5685 (0.643)  LR: 6.113e-04  Time cost: 00:14/03:50 [28:40/4:57:16]  Acc_iter 6550        Data time: 0.01(0.01)  Forward time: 0.25(0.25)  Batch time: 0.26(0.26)
2025-06-18 09:36:45,045   INFO  Train:    8/80 ( 10%) [ 103/928 ( 11%)]  Loss: 0.7945 (0.645)  LR: 6.158e-04  Time cost: 00:27/03:36 [28:53/4:55:48]  Acc_iter 6600        Data time: 0.01(0.01)  Forward time: 0.25(0.25)  Batch time: 0.26(0.26)
2025-06-18 09:36:45,264   INFO  user                                   Wed Jun 18 09:36:45 2025  535.183.01
[0] NVIDIA GeForce RTX 4060 Laptop GPU | 63°C,  97 % |  6082 /  8188 MB | user(6064M) gdm(4M) user(4M)

2025-06-18 09:36:58,304   INFO  Train:    8/80 ( 10%) [ 153/928 ( 16%)]  Loss: 0.5422 (0.646)  LR: 6.204e-04  Time cost: 00:40/03:24 [29:06/4:56:36]  Acc_iter 6650        Data time: 0.01(0.01)  Forward time: 0.25(0.25)  Batch time: 0.26(0.26)
2025-06-18 09:37:11,341   INFO  Train:    8/80 ( 10%) [ 203/928 ( 22%)]  Loss: 0.6714 (0.648)  LR: 6.251e-04  Time cost: 00:53/03:10 [29:19/4:55:40]  Acc_iter 6700        Data time: 0.01(0.01)  Forward time: 0.25(0.25)  Batch time: 0.26(0.26)
2025-06-18 09:37:24,379   INFO  Train:    8/80 ( 10%) [ 253/928 ( 27%)]  Loss: 0.7208 (0.648)  LR: 6.297e-04  Time cost: 01:06/02:57 [29:32/4:55:02]  Acc_iter 6750        Data time: 0.01(0.01)  Forward time: 0.25(0.25)  Batch time: 0.26(0.26)
2025-06-18 09:37:24,567   INFO  user                                   Wed Jun 18 09:37:24 2025  535.183.01
[0] NVIDIA GeForce RTX 4060 Laptop GPU | 63°C,  90 % |  6082 /  8188 MB | user(6064M) gdm(4M) user(4M)

2025-06-18 09:37:37,640   INFO  Train:    8/80 ( 10%) [ 303/928 ( 33%)]  Loss: 0.6520 (0.650)  LR: 6.344e-04  Time cost: 01:19/02:44 [29:45/4:55:21]  Acc_iter 6800        Data time: 0.01(0.01)  Forward time: 0.25(0.25)  Batch time: 0.26(0.26)
2025-06-18 09:37:50,670   INFO  Train:    8/80 ( 10%) [ 353/928 ( 38%)]  Loss: 0.6270 (0.650)  LR: 6.391e-04  Time cost: 01:32/02:30 [29:58/4:54:47]  Acc_iter 6850        Data time: 0.01(0.01)  Forward time: 0.25(0.25)  Batch time: 0.26(0.26)
2025-06-18 09:38:03,704   INFO  Train:    8/80 ( 10%) [ 403/928 ( 43%)]  Loss: 0.6314 (0.650)  LR: 6.439e-04  Time cost: 01:45/02:17 [30:11/4:54:19]  Acc_iter 6900        Data time: 0.01(0.01)  Forward time: 0.25(0.25)  Batch time: 0.26(0.26)
2025-06-18 09:38:03,932   INFO  user                                   Wed Jun 18 09:38:03 2025  535.183.01
[0] NVIDIA GeForce RTX 4060 Laptop GPU | 63°C,  62 % |  6082 /  8188 MB | user(6064M) gdm(4M) user(4M)

2025-06-18 09:38:16,974   INFO  Train:    8/80 ( 10%) [ 453/928 ( 49%)]  Loss: 0.7554 (0.652)  LR: 6.487e-04  Time cost: 01:59/02:04 [30:25/4:54:30]  Acc_iter 6950        Data time: 0.01(0.01)  Forward time: 0.25(0.25)  Batch time: 0.26(0.26)
2025-06-18 09:38:29,998   INFO  Train:    8/80 ( 10%) [ 503/928 ( 54%)]  Loss: 0.6361 (0.650)  LR: 6.535e-04  Time cost: 02:12/01:51 [30:38/4:54:02]  Acc_iter 7000        Data time: 0.01(0.01)  Forward time: 0.25(0.25)  Batch time: 0.26(0.26)
2025-06-18 09:38:43,067   INFO  Train:    8/80 ( 10%) [ 553/928 ( 60%)]  Loss: 0.6781 (0.651)  LR: 6.583e-04  Time cost: 02:25/01:38 [30:51/4:53:43]  Acc_iter 7050        Data time: 0.01(0.01)  Forward time: 0.25(0.25)  Batch time: 0.26(0.26)
2025-06-18 09:38:43,256   INFO  user                                   Wed Jun 18 09:38:43 2025  535.183.01
[0] NVIDIA GeForce RTX 4060 Laptop GPU | 63°C,  95 % |  6082 /  8188 MB | user(6064M) gdm(4M) user(4M)

2025-06-18 09:38:56,305   INFO  Train:    8/80 ( 10%) [ 603/928 ( 65%)]  Loss: 0.6579 (0.651)  LR: 6.632e-04  Time cost: 02:38/01:25 [31:04/4:53:44]  Acc_iter 7100        Data time: 0.01(0.01)  Forward time: 0.25(0.25)  Batch time: 0.26(0.26)
2025-06-18 09:39:09,345   INFO  Train:    8/80 ( 10%) [ 653/928 ( 70%)]  Loss: 0.6762 (0.652)  LR: 6.680e-04  Time cost: 02:51/01:12 [31:17/4:53:22]  Acc_iter 7150        Data time: 0.01(0.01)  Forward time: 0.25(0.25)  Batch time: 0.26(0.26)
2025-06-18 09:39:22,385   INFO  Train:    8/80 ( 10%) [ 703/928 ( 76%)]  Loss: 0.7269 (0.652)  LR: 6.730e-04  Time cost: 03:04/00:59 [31:30/4:53:01]  Acc_iter 7200        Data time: 0.01(0.01)  Forward time: 0.25(0.25)  Batch time: 0.26(0.26)
2025-06-18 09:39:22,594   INFO  user                                   Wed Jun 18 09:39:22 2025  535.183.01
[0] NVIDIA GeForce RTX 4060 Laptop GPU | 63°C,  97 % |  6082 /  8188 MB | user(6064M) gdm(4M) user(4M)

2025-06-18 09:39:35,703   INFO  Train:    8/80 ( 10%) [ 753/928 ( 81%)]  Loss: 0.5947 (0.651)  LR: 6.779e-04  Time cost: 03:17/00:45 [31:43/4:53:07]  Acc_iter 7250        Data time: 0.01(0.01)  Forward time: 0.25(0.25)  Batch time: 0.26(0.26)
2025-06-18 09:39:48,747   INFO  Train:    8/80 ( 10%) [ 803/928 ( 87%)]  Loss: 0.6861 (0.650)  LR: 6.829e-04  Time cost: 03:30/00:32 [31:56/4:52:47]  Acc_iter 7300        Data time: 0.01(0.01)  Forward time: 0.25(0.25)  Batch time: 0.26(0.26)
2025-06-18 09:40:01,810   INFO  Train:    8/80 ( 10%) [ 853/928 ( 92%)]  Loss: 0.6110 (0.650)  LR: 6.879e-04  Time cost: 03:44/00:19 [32:10/4:52:29]  Acc_iter 7350        Data time: 0.02(0.01)  Forward time: 0.25(0.25)  Batch time: 0.27(0.26)
2025-06-18 09:40:01,993   INFO  user                                   Wed Jun 18 09:40:01 2025  535.183.01
[0] NVIDIA GeForce RTX 4060 Laptop GPU | 63°C,  94 % |  6082 /  8188 MB | user(6064M) gdm(4M) user(4M)

2025-06-18 09:40:15,037   INFO  Train:    8/80 ( 10%) [ 903/928 ( 97%)]  Loss: 0.6097 (0.650)  LR: 6.929e-04  Time cost: 03:57/00:06 [32:23/4:52:24]  Acc_iter 7400        Data time: 0.01(0.01)  Forward time: 0.25(0.25)  Batch time: 0.26(0.26)
2025-06-18 09:40:21,287   INFO  Train:    8/80 ( 10%) [ 927/928 (100%)]  Loss: 0.6403 (0.649)  LR: 6.953e-04  Time cost: 04:03/00:00 [32:29/4:52:14]  Acc_iter 7424        Data time: 0.01(0.01)  Forward time: 0.25(0.25)  Batch time: 0.26(0.26)
2025-06-18 09:40:21,814   INFO  Train:    9/80 ( 11%) [   0/928 (  0%)]  Loss: 0.5780 (0.578)  LR: 6.954e-04  Time cost: 00:00/06:23 [32:30/7:40:44]  Acc_iter 7425        Data time: 0.14(0.14)  Forward time: 0.26(0.26)  Batch time: 0.40(0.40)
2025-06-18 09:40:28,355   INFO  Train:    9/80 ( 11%) [  25/928 (  3%)]  Loss: 0.5196 (0.634)  LR: 6.979e-04  Time cost: 00:06/04:01 [32:36/4:57:44]  Acc_iter 7450        Data time: 0.01(0.02)  Forward time: 0.25(0.25)  Batch time: 0.26(0.27)
2025-06-18 09:40:41,418   INFO  Train:    9/80 ( 11%) [  75/928 (  8%)]  Loss: 0.6332 (0.651)  LR: 7.030e-04  Time cost: 00:20/03:44 [32:49/4:52:58]  Acc_iter 7500        Data time: 0.01(0.01)  Forward time: 0.25(0.25)  Batch time: 0.26(0.26)
2025-06-18 09:40:41,628   INFO  user                                   Wed Jun 18 09:40:41 2025  535.183.01
[0] NVIDIA GeForce RTX 4060 Laptop GPU | 63°C,  96 % |  6082 /  8188 MB | user(6064M) gdm(4M) user(4M)

2025-06-18 09:40:54,666   INFO  Train:    9/80 ( 11%) [ 125/928 ( 13%)]  Loss: 0.5853 (0.649)  LR: 7.081e-04  Time cost: 00:33/03:32 [33:02/4:53:27]  Acc_iter 7550        Data time: 0.01(0.02)  Forward time: 0.25(0.25)  Batch time: 0.26(0.26)
2025-06-18 09:41:07,699   INFO  Train:    9/80 ( 11%) [ 175/928 ( 19%)]  Loss: 0.5424 (0.649)  LR: 7.132e-04  Time cost: 00:46/03:18 [33:15/4:52:10]  Acc_iter 7600        Data time: 0.01(0.01)  Forward time: 0.25(0.25)  Batch time: 0.26(0.26)
2025-06-18 09:41:20,721   INFO  Train:    9/80 ( 11%) [ 225/928 ( 24%)]  Loss: 0.5997 (0.643)  LR: 7.184e-04  Time cost: 00:59/03:04 [33:28/4:51:18]  Acc_iter 7650        Data time: 0.01(0.01)  Forward time: 0.25(0.25)  Batch time: 0.26(0.26)
2025-06-18 09:41:20,913   INFO  user                                   Wed Jun 18 09:41:20 2025  535.183.01
[0] NVIDIA GeForce RTX 4060 Laptop GPU | 63°C,  97 % |  6082 /  8188 MB | user(6064M) gdm(4M) user(4M)

2025-06-18 09:41:33,980   INFO  Train:    9/80 ( 11%) [ 275/928 ( 30%)]  Loss: 0.6596 (0.639)  LR: 7.236e-04  Time cost: 01:12/02:51 [33:42/4:51:38]  Acc_iter 7700        Data time: 0.01(0.01)  Forward time: 0.25(0.25)  Batch time: 0.26(0.26)
2025-06-18 09:41:47,048   INFO  Train:    9/80 ( 11%) [ 325/928 ( 35%)]  Loss: 0.6293 (0.636)  LR: 7.288e-04  Time cost: 01:25/02:38 [33:55/4:51:08]  Acc_iter 7750        Data time: 0.01(0.01)  Forward time: 0.25(0.25)  Batch time: 0.26(0.26)
2025-06-18 09:42:00,111   INFO  Train:    9/80 ( 11%) [ 375/928 ( 40%)]  Loss: 0.6325 (0.636)  LR: 7.340e-04  Time cost: 01:38/02:25 [34:08/4:50:42]  Acc_iter 7800        Data time: 0.01(0.01)  Forward time: 0.25(0.25)  Batch time: 0.26(0.26)
2025-06-18 09:42:00,329   INFO  user                                   Wed Jun 18 09:42:00 2025  535.183.01
[0] NVIDIA GeForce RTX 4060 Laptop GPU | 63°C,  97 % |  6082 /  8188 MB | user(6064M) gdm(4M) user(4M)

2025-06-18 09:42:13,380   INFO  Train:    9/80 ( 11%) [ 425/928 ( 46%)]  Loss: 0.6592 (0.633)  LR: 7.393e-04  Time cost: 01:51/02:12 [34:21/4:50:51]  Acc_iter 7850        Data time: 0.01(0.01)  Forward time: 0.25(0.25)  Batch time: 0.26(0.26)
2025-06-18 09:42:26,410   INFO  Train:    9/80 ( 11%) [ 475/928 ( 51%)]  Loss: 0.5732 (0.634)  LR: 7.446e-04  Time cost: 02:05/01:58 [34:34/4:50:22]  Acc_iter 7900        Data time: 0.01(0.01)  Forward time: 0.25(0.25)  Batch time: 0.26(0.26)
2025-06-18 09:42:39,447   INFO  Train:    9/80 ( 11%) [ 525/928 ( 57%)]  Loss: 0.6475 (0.634)  LR: 7.499e-04  Time cost: 02:18/01:45 [34:47/4:49:57]  Acc_iter 7950        Data time: 0.01(0.01)  Forward time: 0.25(0.25)  Batch time: 0.26(0.26)
2025-06-18 09:42:39,632   INFO  user                                   Wed Jun 18 09:42:39 2025  535.183.01
[0] NVIDIA GeForce RTX 4060 Laptop GPU | 63°C,  80 % |  6082 /  8188 MB | user(6064M) gdm(4M) user(4M)

2025-06-18 09:42:52,695   INFO  Train:    9/80 ( 11%) [ 575/928 ( 62%)]  Loss: 0.6791 (0.634)  LR: 7.552e-04  Time cost: 02:31/01:32 [35:00/4:49:59]  Acc_iter 8000        Data time: 0.01(0.01)  Forward time: 0.25(0.25)  Batch time: 0.26(0.26)
2025-06-18 09:43:05,727   INFO  Train:    9/80 ( 11%) [ 625/928 ( 67%)]  Loss: 0.6074 (0.634)  LR: 7.606e-04  Time cost: 02:44/01:19 [35:13/4:49:35]  Acc_iter 8050        Data time: 0.01(0.01)  Forward time: 0.25(0.25)  Batch time: 0.26(0.26)
2025-06-18 09:43:18,763   INFO  Train:    9/80 ( 11%) [ 675/928 ( 73%)]  Loss: 0.5480 (0.633)  LR: 7.659e-04  Time cost: 02:57/01:06 [35:26/4:49:13]  Acc_iter 8100        Data time: 0.01(0.01)  Forward time: 0.25(0.25)  Batch time: 0.26(0.26)
2025-06-18 09:43:19,006   INFO  user                                   Wed Jun 18 09:43:18 2025  535.183.01
[0] NVIDIA GeForce RTX 4060 Laptop GPU | 63°C,  45 % |  6082 /  8188 MB | user(6064M) gdm(4M) user(4M)

2025-06-18 09:43:32,006   INFO  Train:    9/80 ( 11%) [ 725/928 ( 78%)]  Loss: 0.7638 (0.632)  LR: 7.714e-04  Time cost: 03:10/00:53 [35:40/4:49:11]  Acc_iter 8150        Data time: 0.01(0.01)  Forward time: 0.25(0.25)  Batch time: 0.26(0.26)
2025-06-18 09:43:45,056   INFO  Train:    9/80 ( 11%) [ 775/928 ( 84%)]  Loss: 0.6769 (0.632)  LR: 7.768e-04  Time cost: 03:23/00:40 [35:53/4:48:51]  Acc_iter 8200        Data time: 0.01(0.01)  Forward time: 0.25(0.25)  Batch time: 0.26(0.26)
2025-06-18 09:43:58,130   INFO  Train:    9/80 ( 11%) [ 825/928 ( 89%)]  Loss: 0.5528 (0.633)  LR: 7.822e-04  Time cost: 03:36/00:27 [36:06/4:48:35]  Acc_iter 8250        Data time: 0.01(0.01)  Forward time: 0.25(0.25)  Batch time: 0.26(0.26)
2025-06-18 09:43:58,318   INFO  user                                   Wed Jun 18 09:43:58 2025  535.183.01
[0] NVIDIA GeForce RTX 4060 Laptop GPU | 63°C,  96 % |  6082 /  8188 MB | user(6064M) gdm(4M) user(4M)

2025-06-18 09:44:11,352   INFO  Train:    9/80 ( 11%) [ 875/928 ( 94%)]  Loss: 0.7220 (0.632)  LR: 7.877e-04  Time cost: 03:49/00:13 [36:19/4:48:29]  Acc_iter 8300        Data time: 0.01(0.01)  Forward time: 0.25(0.25)  Batch time: 0.26(0.26)
2025-06-18 09:44:24,386   INFO  Train:    9/80 ( 11%) [ 925/928 (100%)]  Loss: 0.6181 (0.632)  LR: 7.932e-04  Time cost: 04:02/00:00 [36:32/4:48:10]  Acc_iter 8350        Data time: 0.01(0.01)  Forward time: 0.25(0.25)  Batch time: 0.26(0.26)
2025-06-18 09:44:24,906   INFO  Train:    9/80 ( 11%) [ 927/928 (100%)]  Loss: 0.6280 (0.632)  LR: 7.935e-04  Time cost: 04:03/00:00 [36:33/4:48:09]  Acc_iter 8352        Data time: 0.01(0.01)  Forward time: 0.25(0.25)  Batch time: 0.26(0.26)
2025-06-18 09:44:25,415   INFO  Train:   10/80 ( 12%) [   0/928 (  0%)]  Loss: 0.6774 (0.677)  LR: 7.936e-04  Time cost: 00:00/06:11 [36:33/7:19:24]  Acc_iter 8353        Data time: 0.13(0.13)  Forward time: 0.26(0.26)  Batch time: 0.39(0.39)
2025-06-18 09:44:37,693   INFO  Train:   10/80 ( 12%) [  47/928 (  5%)]  Loss: 0.6624 (0.633)  LR: 7.988e-04  Time cost: 00:12/03:52 [36:45/4:49:51]  Acc_iter 8400        Data time: 0.01(0.02)  Forward time: 0.25(0.25)  Batch time: 0.26(0.26)
2025-06-18 09:44:37,903   INFO  user                                   Wed Jun 18 09:44:37 2025  535.183.01
[0] NVIDIA GeForce RTX 4060 Laptop GPU | 63°C,  97 % |  6082 /  8188 MB | user(6064M) gdm(4M) user(4M)

2025-06-18 09:44:50,961   INFO  Train:   10/80 ( 12%) [  97/928 ( 10%)]  Loss: 0.6270 (0.635)  LR: 8.043e-04  Time cost: 00:25/03:40 [36:59/4:50:18]  Acc_iter 8450        Data time: 0.01(0.02)  Forward time: 0.25(0.25)  Batch time: 0.26(0.26)
2025-06-18 09:45:04,033   INFO  Train:   10/80 ( 12%) [ 147/928 ( 16%)]  Loss: 0.6196 (0.633)  LR: 8.099e-04  Time cost: 00:39/03:25 [37:12/4:48:51]  Acc_iter 8500        Data time: 0.01(0.01)  Forward time: 0.25(0.25)  Batch time: 0.26(0.26)
2025-06-18 09:45:17,031   INFO  Train:   10/80 ( 12%) [ 197/928 ( 21%)]  Loss: 0.6238 (0.632)  LR: 8.155e-04  Time cost: 00:52/03:12 [37:25/4:47:37]  Acc_iter 8550        Data time: 0.01(0.01)  Forward time: 0.25(0.25)  Batch time: 0.26(0.26)
2025-06-18 09:45:17,215   INFO  user                                   Wed Jun 18 09:45:17 2025  535.183.01
[0] NVIDIA GeForce RTX 4060 Laptop GPU | 64°C,  96 % |  6082 /  8188 MB | user(6064M) gdm(4M) user(4M)

2025-06-18 09:45:30,256   INFO  Train:   10/80 ( 12%) [ 247/928 ( 27%)]  Loss: 0.6381 (0.631)  LR: 8.211e-04  Time cost: 01:05/02:59 [37:38/4:47:48]  Acc_iter 8600        Data time: 0.01(0.01)  Forward time: 0.25(0.25)  Batch time: 0.26(0.26)
2025-06-18 09:45:43,312   INFO  Train:   10/80 ( 12%) [ 297/928 ( 32%)]  Loss: 0.6294 (0.632)  LR: 8.268e-04  Time cost: 01:18/02:45 [37:51/4:47:13]  Acc_iter 8650        Data time: 0.01(0.01)  Forward time: 0.25(0.25)  Batch time: 0.26(0.26)
2025-06-18 09:45:56,306   INFO  Train:   10/80 ( 12%) [ 347/928 ( 37%)]  Loss: 0.6306 (0.630)  LR: 8.324e-04  Time cost: 01:31/02:32 [38:04/4:46:33]  Acc_iter 8700        Data time: 0.01(0.01)  Forward time: 0.25(0.25)  Batch time: 0.26(0.26)
2025-06-18 09:45:56,492   INFO  user                                   Wed Jun 18 09:45:56 2025  535.183.01
[0] NVIDIA GeForce RTX 4060 Laptop GPU | 63°C,  96 % |  6082 /  8188 MB | user(6064M) gdm(4M) user(4M)

2025-06-18 09:46:09,522   INFO  Train:   10/80 ( 12%) [ 397/928 ( 43%)]  Loss: 0.6487 (0.629)  LR: 8.381e-04  Time cost: 01:44/02:19 [38:17/4:46:36]  Acc_iter 8750        Data time: 0.01(0.01)  Forward time: 0.25(0.25)  Batch time: 0.26(0.26)
2025-06-18 09:46:22,554   INFO  Train:   10/80 ( 12%) [ 447/928 ( 48%)]  Loss: 0.5572 (0.628)  LR: 8.439e-04  Time cost: 01:57/02:06 [38:30/4:46:09]  Acc_iter 8800        Data time: 0.01(0.01)  Forward time: 0.25(0.25)  Batch time: 0.26(0.26)
2025-06-18 09:46:35,612   INFO  Train:   10/80 ( 12%) [ 497/928 ( 54%)]  Loss: 0.5764 (0.627)  LR: 8.496e-04  Time cost: 02:10/01:53 [38:43/4:45:48]  Acc_iter 8850        Data time: 0.01(0.01)  Forward time: 0.25(0.25)  Batch time: 0.26(0.26)
2025-06-18 09:46:35,803   INFO  user                                   Wed Jun 18 09:46:35 2025  535.183.01
[0] NVIDIA GeForce RTX 4060 Laptop GPU | 63°C,  97 % |  6082 /  8188 MB | user(6064M) gdm(4M) user(4M)

2025-06-18 09:46:48,842   INFO  Train:   10/80 ( 12%) [ 547/928 ( 59%)]  Loss: 0.6121 (0.627)  LR: 8.554e-04  Time cost: 02:23/01:39 [38:57/4:45:49]  Acc_iter 8900        Data time: 0.01(0.01)  Forward time: 0.25(0.25)  Batch time: 0.26(0.26)
2025-06-18 09:47:01,879   INFO  Train:   10/80 ( 12%) [ 597/928 ( 64%)]  Loss: 0.6932 (0.626)  LR: 8.611e-04  Time cost: 02:36/01:26 [39:10/4:45:26]  Acc_iter 8950        Data time: 0.01(0.01)  Forward time: 0.25(0.25)  Batch time: 0.26(0.26)
2025-06-18 09:47:14,917   INFO  Train:   10/80 ( 12%) [ 647/928 ( 70%)]  Loss: 0.6500 (0.626)  LR: 8.669e-04  Time cost: 02:49/01:13 [39:23/4:45:05]  Acc_iter 9000        Data time: 0.01(0.01)  Forward time: 0.25(0.25)  Batch time: 0.26(0.26)
2025-06-18 09:47:15,110   INFO  user                                   Wed Jun 18 09:47:15 2025  535.183.01
[0] NVIDIA GeForce RTX 4060 Laptop GPU | 63°C,  63 % |  6082 /  8188 MB | user(6064M) gdm(4M) user(4M)

2025-06-18 09:47:28,208   INFO  Train:   10/80 ( 12%) [ 697/928 ( 75%)]  Loss: 0.5982 (0.626)  LR: 8.728e-04  Time cost: 03:03/01:00 [39:36/4:45:09]  Acc_iter 9050        Data time: 0.01(0.01)  Forward time: 0.25(0.25)  Batch time: 0.26(0.26)
2025-06-18 09:47:41,244   INFO  Train:   10/80 ( 12%) [ 747/928 ( 80%)]  Loss: 0.5384 (0.625)  LR: 8.786e-04  Time cost: 03:16/00:47 [39:49/4:44:49]  Acc_iter 9100        Data time: 0.01(0.01)  Forward time: 0.25(0.25)  Batch time: 0.26(0.26)
2025-06-18 09:47:54,310   INFO  Train:   10/80 ( 12%) [ 797/928 ( 86%)]  Loss: 0.7627 (0.623)  LR: 8.845e-04  Time cost: 03:29/00:34 [40:02/4:44:31]  Acc_iter 9150        Data time: 0.01(0.01)  Forward time: 0.25(0.25)  Batch time: 0.26(0.26)
2025-06-18 09:47:54,508   INFO  user                                   Wed Jun 18 09:47:54 2025  535.183.01
[0] NVIDIA GeForce RTX 4060 Laptop GPU | 63°C,  66 % |  6082 /  8188 MB | user(6064M) gdm(4M) user(4M)

2025-06-18 09:48:07,545   INFO  Train:   10/80 ( 12%) [ 847/928 ( 91%)]  Loss: 0.6194 (0.623)  LR: 8.904e-04  Time cost: 03:42/00:21 [40:15/4:44:27]  Acc_iter 9200        Data time: 0.01(0.01)  Forward time: 0.25(0.25)  Batch time: 0.26(0.26)
2025-06-18 09:48:20,567   INFO  Train:   10/80 ( 12%) [ 897/928 ( 97%)]  Loss: 0.6065 (0.623)  LR: 8.963e-04  Time cost: 03:55/00:08 [40:28/4:44:07]  Acc_iter 9250        Data time: 0.01(0.01)  Forward time: 0.25(0.25)  Batch time: 0.26(0.26)
2025-06-18 09:48:28,392   INFO  Train:   10/80 ( 12%) [ 927/928 (100%)]  Loss: 0.5857 (0.624)  LR: 8.999e-04  Time cost: 04:03/00:00 [40:36/4:43:56]  Acc_iter 9280        Data time: 0.01(0.01)  Forward time: 0.25(0.25)  Batch time: 0.26(0.26)
2025-06-18 09:48:28,932   INFO  Train:   11/80 ( 14%) [   0/928 (  0%)]  Loss: 0.6048 (0.605)  LR: 9.000e-04  Time cost: 00:00/06:39 [40:37/7:46:05]  Acc_iter 9281        Data time: 0.15(0.15)  Forward time: 0.27(0.27)  Batch time: 0.42(0.42)
2025-06-18 09:48:33,887   INFO  Train:   11/80 ( 14%) [  19/928 (  2%)]  Loss: 0.5660 (0.615)  LR: 9.022e-04  Time cost: 00:05/04:04 [40:42/4:51:26]  Acc_iter 9300        Data time: 0.01(0.02)  Forward time: 0.25(0.25)  Batch time: 0.26(0.27)
2025-06-18 09:48:34,077   INFO  user                                   Wed Jun 18 09:48:34 2025  535.183.01
[0] NVIDIA GeForce RTX 4060 Laptop GPU | 63°C,  95 % |  6082 /  8188 MB | user(6064M) gdm(4M) user(4M)

2025-06-18 09:48:47,115   INFO  Train:   11/80 ( 14%) [  69/928 (  7%)]  Loss: 0.7326 (0.625)  LR: 9.082e-04  Time cost: 00:18/03:48 [40:55/4:47:34]  Acc_iter 9350        Data time: 0.01(0.02)  Forward time: 0.25(0.25)  Batch time: 0.26(0.27)
2025-06-18 09:49:00,165   INFO  Train:   11/80 ( 14%) [ 119/928 ( 13%)]  Loss: 0.7059 (0.621)  LR: 9.142e-04  Time cost: 00:31/03:33 [41:08/4:45:09]  Acc_iter 9400        Data time: 0.01(0.02)  Forward time: 0.25(0.25)  Batch time: 0.26(0.26)
2025-06-18 09:49:13,358   INFO  Train:   11/80 ( 14%) [ 169/928 ( 18%)]  Loss: 0.5610 (0.616)  LR: 9.202e-04  Time cost: 00:44/03:20 [41:21/4:44:55]  Acc_iter 9450        Data time: 0.01(0.01)  Forward time: 0.25(0.25)  Batch time: 0.26(0.26)
2025-06-18 09:49:13,560   INFO  user                                   Wed Jun 18 09:49:13 2025  535.183.01
[0] NVIDIA GeForce RTX 4060 Laptop GPU | 64°C,  97 % |  6082 /  8188 MB | user(6064M) gdm(4M) user(4M)

2025-06-18 09:49:26,600   INFO  Train:   11/80 ( 14%) [ 219/928 ( 24%)]  Loss: 0.6148 (0.616)  LR: 9.262e-04  Time cost: 00:58/03:07 [41:34/4:44:57]  Acc_iter 9500        Data time: 0.01(0.01)  Forward time: 0.25(0.25)  Batch time: 0.26(0.26)
2025-06-18 09:49:39,643   INFO  Train:   11/80 ( 14%) [ 269/928 ( 29%)]  Loss: 0.6482 (0.617)  LR: 9.322e-04  Time cost: 01:11/02:53 [41:47/4:44:05]  Acc_iter 9550        Data time: 0.01(0.01)  Forward time: 0.25(0.25)  Batch time: 0.26(0.26)
2025-06-18 09:49:52,959   INFO  Train:   11/80 ( 14%) [ 319/928 ( 34%)]  Loss: 0.6029 (0.617)  LR: 9.383e-04  Time cost: 01:24/02:40 [42:01/4:44:20]  Acc_iter 9600        Data time: 0.01(0.01)  Forward time: 0.25(0.25)  Batch time: 0.26(0.26)
2025-06-18 09:49:53,158   INFO  user                                   Wed Jun 18 09:49:53 2025  535.183.01
[0] NVIDIA GeForce RTX 4060 Laptop GPU | 64°C,  96 % |  6082 /  8188 MB | user(6064M) gdm(4M) user(4M)

2025-06-18 09:50:06,265   INFO  Train:   11/80 ( 14%) [ 369/928 ( 40%)]  Loss: 0.5908 (0.616)  LR: 9.444e-04  Time cost: 01:37/02:27 [42:14/4:44:26]  Acc_iter 9650        Data time: 0.01(0.01)  Forward time: 0.25(0.25)  Batch time: 0.26(0.26)
2025-06-18 09:50:19,343   INFO  Train:   11/80 ( 14%) [ 419/928 ( 45%)]  Loss: 0.5492 (0.616)  LR: 9.505e-04  Time cost: 01:50/02:14 [42:27/4:43:52]  Acc_iter 9700        Data time: 0.01(0.01)  Forward time: 0.25(0.25)  Batch time: 0.26(0.26)
2025-06-18 09:50:32,411   INFO  Train:   11/80 ( 14%) [ 469/928 ( 51%)]  Loss: 0.5947 (0.617)  LR: 9.566e-04  Time cost: 02:03/02:01 [42:40/4:43:22]  Acc_iter 9750        Data time: 0.01(0.01)  Forward time: 0.25(0.25)  Batch time: 0.26(0.26)
2025-06-18 09:50:32,676   INFO  user                                   Wed Jun 18 09:50:32 2025  535.183.01
[0] NVIDIA GeForce RTX 4060 Laptop GPU | 64°C,  44 % |  6082 /  8188 MB | user(6064M) gdm(4M) user(4M)

2025-06-18 09:50:45,757   INFO  Train:   11/80 ( 14%) [ 519/928 ( 56%)]  Loss: 0.5534 (0.617)  LR: 9.627e-04  Time cost: 02:17/01:47 [42:53/4:43:29]  Acc_iter 9800        Data time: 0.01(0.01)  Forward time: 0.25(0.25)  Batch time: 0.26(0.26)
2025-06-18 09:50:58,827   INFO  Train:   11/80 ( 14%) [ 569/928 ( 61%)]  Loss: 0.6103 (0.616)  LR: 9.689e-04  Time cost: 02:30/01:34 [43:07/4:43:01]  Acc_iter 9850        Data time: 0.01(0.01)  Forward time: 0.25(0.25)  Batch time: 0.26(0.26)
2025-06-18 09:51:11,883   INFO  Train:   11/80 ( 14%) [ 619/928 ( 67%)]  Loss: 0.6689 (0.616)  LR: 9.750e-04  Time cost: 02:43/01:21 [43:20/4:42:35]  Acc_iter 9900        Data time: 0.01(0.01)  Forward time: 0.25(0.25)  Batch time: 0.26(0.26)
2025-06-18 09:51:12,074   INFO  user                                   Wed Jun 18 09:51:12 2025  535.183.01
[0] NVIDIA GeForce RTX 4060 Laptop GPU | 64°C,  86 % |  6082 /  8188 MB | user(6064M) gdm(4M) user(4M)

2025-06-18 09:51:25,119   INFO  Train:   11/80 ( 14%) [ 669/928 ( 72%)]  Loss: 0.5847 (0.615)  LR: 9.812e-04  Time cost: 02:56/01:08 [43:33/4:42:27]  Acc_iter 9950        Data time: 0.01(0.01)  Forward time: 0.25(0.25)  Batch time: 0.26(0.26)
2025-06-18 09:51:38,233   INFO  Train:   11/80 ( 14%) [ 719/928 ( 77%)]  Loss: 0.6871 (0.614)  LR: 9.874e-04  Time cost: 03:09/00:55 [43:46/4:42:08]  Acc_iter 10000       Data time: 0.01(0.01)  Forward time: 0.25(0.25)  Batch time: 0.26(0.26)
2025-06-18 09:51:51,303   INFO  Train:   11/80 ( 14%) [ 769/928 ( 83%)]  Loss: 0.6051 (0.615)  LR: 9.937e-04  Time cost: 03:22/00:41 [43:59/4:41:46]  Acc_iter 10050       Data time: 0.01(0.01)  Forward time: 0.25(0.25)  Batch time: 0.26(0.26)
2025-06-18 09:51:51,488   INFO  user                                   Wed Jun 18 09:51:51 2025  535.183.01
[0] NVIDIA GeForce RTX 4060 Laptop GPU | 64°C,  97 % |  6082 /  8188 MB | user(6064M) gdm(4M) user(4M)

2025-06-18 09:52:04,532   INFO  Train:   11/80 ( 14%) [ 819/928 ( 88%)]  Loss: 0.6702 (0.614)  LR: 9.999e-04  Time cost: 03:36/00:28 [44:12/4:41:38]  Acc_iter 10100       Data time: 0.01(0.01)  Forward time: 0.25(0.25)  Batch time: 0.26(0.26)
2025-06-18 09:52:17,577   INFO  Train:   11/80 ( 14%) [ 869/928 ( 94%)]  Loss: 0.6570 (0.613)  LR: 1.006e-03  Time cost: 03:49/00:15 [44:25/4:41:15]  Acc_iter 10150       Data time: 0.01(0.01)  Forward time: 0.25(0.25)  Batch time: 0.26(0.26)
2025-06-18 09:52:30,669   INFO  Train:   11/80 ( 14%) [ 919/928 ( 99%)]  Loss: 0.6476 (0.612)  LR: 1.012e-03  Time cost: 04:02/00:02 [44:38/4:40:57]  Acc_iter 10200       Data time: 0.01(0.01)  Forward time: 0.25(0.25)  Batch time: 0.27(0.26)
2025-06-18 09:52:30,853   INFO  user                                   Wed Jun 18 09:52:30 2025  535.183.01
[0] NVIDIA GeForce RTX 4060 Laptop GPU | 64°C,  89 % |  6082 /  8188 MB | user(6064M) gdm(4M) user(4M)

2025-06-18 09:52:32,959   INFO  Train:   11/80 ( 14%) [ 927/928 (100%)]  Loss: 0.5812 (0.612)  LR: 1.013e-03  Time cost: 04:04/00:00 [44:41/4:41:07]  Acc_iter 10208       Data time: 0.01(0.01)  Forward time: 0.25(0.25)  Batch time: 0.26(0.26)
2025-06-18 09:52:33,555   INFO  Train:   12/80 ( 15%) [   0/928 (  0%)]  Loss: 0.6301 (0.630)  LR: 1.014e-03  Time cost: 00:00/06:42 [44:41/7:43:10]  Acc_iter 10209       Data time: 0.16(0.16)  Forward time: 0.26(0.26)  Batch time: 0.42(0.42)
2025-06-18 09:52:44,303   INFO  Train:   12/80 ( 15%) [  41/928 (  4%)]  Loss: 0.6520 (0.594)  LR: 1.019e-03  Time cost: 00:11/03:56 [44:52/4:43:56]  Acc_iter 10250       Data time: 0.01(0.02)  Forward time: 0.26(0.25)  Batch time: 0.27(0.27)
2025-06-18 09:52:57,390   INFO  Train:   12/80 ( 15%) [  91/928 ( 10%)]  Loss: 0.5646 (0.594)  LR: 1.025e-03  Time cost: 00:24/03:40 [45:05/4:41:07]  Acc_iter 10300       Data time: 0.01(0.01)  Forward time: 0.25(0.25)  Batch time: 0.26(0.26)
2025-06-18 09:53:10,461   INFO  Train:   12/80 ( 15%) [ 141/928 ( 15%)]  Loss: 0.5916 (0.599)  LR: 1.031e-03  Time cost: 00:37/03:26 [45:18/4:40:00]  Acc_iter 10350       Data time: 0.01(0.01)  Forward time: 0.25(0.25)  Batch time: 0.26(0.26)
2025-06-18 09:53:10,690   INFO  user                                   Wed Jun 18 09:53:10 2025  535.183.01
[0] NVIDIA GeForce RTX 4060 Laptop GPU | 64°C,  93 % |  6082 /  8188 MB | user(6064M) gdm(4M) user(4M)

2025-06-18 09:53:23,778   INFO  Train:   12/80 ( 15%) [ 191/928 ( 21%)]  Loss: 0.6106 (0.594)  LR: 1.038e-03  Time cost: 00:50/03:14 [45:32/4:40:43]  Acc_iter 10400       Data time: 0.01(0.01)  Forward time: 0.25(0.25)  Batch time: 0.26(0.26)
2025-06-18 09:53:36,863   INFO  Train:   12/80 ( 15%) [ 241/928 ( 26%)]  Loss: 0.5789 (0.596)  LR: 1.044e-03  Time cost: 01:03/03:00 [45:45/4:40:02]  Acc_iter 10450       Data time: 0.01(0.01)  Forward time: 0.25(0.25)  Batch time: 0.26(0.26)
2025-06-18 09:53:49,939   INFO  Train:   12/80 ( 15%) [ 291/928 ( 31%)]  Loss: 0.6043 (0.597)  LR: 1.051e-03  Time cost: 01:16/02:47 [45:58/4:39:28]  Acc_iter 10500       Data time: 0.01(0.01)  Forward time: 0.25(0.25)  Batch time: 0.26(0.26)
2025-06-18 09:53:50,133   INFO  user                                   Wed Jun 18 09:53:50 2025  535.183.01
[0] NVIDIA GeForce RTX 4060 Laptop GPU | 64°C,  95 % |  6082 /  8188 MB | user(6064M) gdm(4M) user(4M)

2025-06-18 09:54:03,182   INFO  Train:   12/80 ( 15%) [ 341/928 ( 37%)]  Loss: 0.5721 (0.595)  LR: 1.057e-03  Time cost: 01:30/02:34 [46:11/4:39:32]  Acc_iter 10550       Data time: 0.01(0.01)  Forward time: 0.25(0.25)  Batch time: 0.26(0.26)
2025-06-18 09:54:16,238   INFO  Train:   12/80 ( 15%) [ 391/928 ( 42%)]  Loss: 0.5884 (0.596)  LR: 1.063e-03  Time cost: 01:43/02:21 [46:24/4:39:00]  Acc_iter 10600       Data time: 0.01(0.01)  Forward time: 0.25(0.25)  Batch time: 0.26(0.26)
2025-06-18 09:54:29,272   INFO  Train:   12/80 ( 15%) [ 441/928 ( 48%)]  Loss: 0.5924 (0.596)  LR: 1.070e-03  Time cost: 01:56/02:07 [46:37/4:38:30]  Acc_iter 10650       Data time: 0.01(0.01)  Forward time: 0.25(0.25)  Batch time: 0.26(0.26)
2025-06-18 09:54:29,464   INFO  user                                   Wed Jun 18 09:54:29 2025  535.183.01
[0] NVIDIA GeForce RTX 4060 Laptop GPU | 64°C,  97 % |  6082 /  8188 MB | user(6064M) gdm(4M) user(4M)

2025-06-18 09:54:42,559   INFO  Train:   12/80 ( 15%) [ 491/928 ( 53%)]  Loss: 0.5916 (0.596)  LR: 1.076e-03  Time cost: 02:09/01:54 [46:50/4:38:36]  Acc_iter 10700       Data time: 0.02(0.01)  Forward time: 0.25(0.25)  Batch time: 0.26(0.26)
2025-06-18 09:54:55,623   INFO  Train:   12/80 ( 15%) [ 541/928 ( 58%)]  Loss: 0.5799 (0.596)  LR: 1.083e-03  Time cost: 02:22/01:41 [47:03/4:38:12]  Acc_iter 10750       Data time: 0.01(0.01)  Forward time: 0.25(0.25)  Batch time: 0.26(0.26)
2025-06-18 09:55:08,651   INFO  Train:   12/80 ( 15%) [ 591/928 ( 64%)]  Loss: 0.5575 (0.594)  LR: 1.089e-03  Time cost: 02:35/01:28 [47:16/4:37:47]  Acc_iter 10800       Data time: 0.01(0.01)  Forward time: 0.25(0.25)  Batch time: 0.26(0.26)
2025-06-18 09:55:08,863   INFO  user                                   Wed Jun 18 09:55:08 2025  535.183.01
[0] NVIDIA GeForce RTX 4060 Laptop GPU | 64°C,  97 % |  6082 /  8188 MB | user(6064M) gdm(4M) user(4M)

2025-06-18 09:55:21,914   INFO  Train:   12/80 ( 15%) [ 641/928 ( 69%)]  Loss: 0.6296 (0.594)  LR: 1.096e-03  Time cost: 02:48/01:15 [47:30/4:37:46]  Acc_iter 10850       Data time: 0.01(0.01)  Forward time: 0.25(0.25)  Batch time: 0.26(0.26)
2025-06-18 09:55:35,000   INFO  Train:   12/80 ( 15%) [ 691/928 ( 74%)]  Loss: 0.5654 (0.595)  LR: 1.102e-03  Time cost: 03:01/01:02 [47:43/4:37:27]  Acc_iter 10900       Data time: 0.01(0.01)  Forward time: 0.25(0.25)  Batch time: 0.26(0.26)
2025-06-18 09:55:48,039   INFO  Train:   12/80 ( 15%) [ 741/928 ( 80%)]  Loss: 0.6566 (0.595)  LR: 1.109e-03  Time cost: 03:14/00:49 [47:56/4:37:06]  Acc_iter 10950       Data time: 0.01(0.01)  Forward time: 0.25(0.25)  Batch time: 0.26(0.26)
2025-06-18 09:55:48,231   INFO  user                                   Wed Jun 18 09:55:48 2025  535.183.01
[0] NVIDIA GeForce RTX 4060 Laptop GPU | 64°C,  97 % |  6082 /  8188 MB | user(6064M) gdm(4M) user(4M)

2025-06-18 09:56:01,377   INFO  Train:   12/80 ( 15%) [ 791/928 ( 85%)]  Loss: 0.5619 (0.596)  LR: 1.115e-03  Time cost: 03:28/00:36 [48:09/4:37:09]  Acc_iter 11000       Data time: 0.01(0.01)  Forward time: 0.25(0.25)  Batch time: 0.26(0.26)
2025-06-18 09:56:14,777   INFO  Train:   12/80 ( 15%) [ 841/928 ( 91%)]  Loss: 0.5917 (0.596)  LR: 1.122e-03  Time cost: 03:41/00:22 [48:23/4:37:14]  Acc_iter 11050       Data time: 0.02(0.01)  Forward time: 0.25(0.25)  Batch time: 0.27(0.26)
2025-06-18 09:56:28,055   INFO  Train:   12/80 ( 15%) [ 891/928 ( 96%)]  Loss: 0.6176 (0.597)  LR: 1.128e-03  Time cost: 03:54/00:09 [48:36/4:37:10]  Acc_iter 11100       Data time: 0.01(0.01)  Forward time: 0.25(0.25)  Batch time: 0.26(0.26)
2025-06-18 09:56:28,304   INFO  user                                   Wed Jun 18 09:56:28 2025  535.183.01
[0] NVIDIA GeForce RTX 4060 Laptop GPU | 65°C,  96 % |  6082 /  8188 MB | user(6064M) gdm(4M) user(4M)

2025-06-18 09:56:37,809   INFO  Train:   12/80 ( 15%) [ 927/928 (100%)]  Loss: 0.5370 (0.597)  LR: 1.133e-03  Time cost: 04:04/00:00 [48:46/4:37:18]  Acc_iter 11136       Data time: 0.01(0.01)  Forward time: 0.25(0.25)  Batch time: 0.26(0.26)
2025-06-18 09:56:38,475   INFO  Train:   13/80 ( 16%) [   0/928 (  0%)]  Loss: 0.6389 (0.639)  LR: 1.133e-03  Time cost: 00:00/08:23 [48:46/9:30:34]  Acc_iter 11137       Data time: 0.23(0.23)  Forward time: 0.30(0.30)  Batch time: 0.53(0.53)
2025-06-18 09:56:41,933   INFO  Train:   13/80 ( 16%) [  13/928 (  1%)]  Loss: 0.5433 (0.597)  LR: 1.135e-03  Time cost: 00:04/04:21 [48:50/5:00:27]  Acc_iter 11150       Data time: 0.01(0.03)  Forward time: 0.25(0.26)  Batch time: 0.26(0.28)
2025-06-18 09:56:55,075   INFO  Train:   13/80 ( 16%) [  63/928 (  7%)]  Loss: 0.4964 (0.595)  LR: 1.142e-03  Time cost: 00:17/03:51 [49:03/4:41:25]  Acc_iter 11200       Data time: 0.01(0.02)  Forward time: 0.25(0.25)  Batch time: 0.27(0.27)
2025-06-18 09:57:08,238   INFO  Train:   13/80 ( 16%) [ 113/928 ( 12%)]  Loss: 0.5993 (0.594)  LR: 1.148e-03  Time cost: 00:30/03:36 [49:16/4:39:05]  Acc_iter 11250       Data time: 0.01(0.01)  Forward time: 0.25(0.25)  Batch time: 0.27(0.27)
2025-06-18 09:57:08,448   INFO  user                                   Wed Jun 18 09:57:08 2025  535.183.01
[0] NVIDIA GeForce RTX 4060 Laptop GPU | 66°C,  96 % |  6082 /  8188 MB | user(6064M) gdm(4M) user(4M)

2025-06-18 09:57:21,621   INFO  Train:   13/80 ( 16%) [ 163/928 ( 18%)]  Loss: 0.6463 (0.592)  LR: 1.155e-03  Time cost: 00:43/03:23 [49:29/4:39:26]  Acc_iter 11300       Data time: 0.01(0.01)  Forward time: 0.25(0.25)  Batch time: 0.26(0.27)
2025-06-18 09:57:34,733   INFO  Train:   13/80 ( 16%) [ 213/928 ( 23%)]  Loss: 0.5603 (0.591)  LR: 1.162e-03  Time cost: 00:56/03:09 [49:42/4:38:12]  Acc_iter 11350       Data time: 0.01(0.01)  Forward time: 0.25(0.25)  Batch time: 0.26(0.27)
2025-06-18 09:57:47,893   INFO  Train:   13/80 ( 16%) [ 263/928 ( 28%)]  Loss: 0.6216 (0.592)  LR: 1.168e-03  Time cost: 01:09/02:56 [49:56/4:37:32]  Acc_iter 11400       Data time: 0.01(0.01)  Forward time: 0.25(0.25)  Batch time: 0.26(0.26)
2025-06-18 09:57:48,151   INFO  user                                   Wed Jun 18 09:57:48 2025  535.183.01
[0] NVIDIA GeForce RTX 4060 Laptop GPU | 65°C,  55 % |  6082 /  8188 MB | user(6064M) gdm(4M) user(4M)

2025-06-18 09:58:01,200   INFO  Train:   13/80 ( 16%) [ 313/928 ( 34%)]  Loss: 0.5198 (0.591)  LR: 1.175e-03  Time cost: 01:23/02:43 [50:09/4:37:31]  Acc_iter 11450       Data time: 0.01(0.01)  Forward time: 0.25(0.25)  Batch time: 0.26(0.27)
2025-06-18 09:58:14,324   INFO  Train:   13/80 ( 16%) [ 363/928 ( 39%)]  Loss: 0.5327 (0.589)  LR: 1.182e-03  Time cost: 01:36/02:29 [50:22/4:36:54]  Acc_iter 11500       Data time: 0.02(0.01)  Forward time: 0.25(0.25)  Batch time: 0.26(0.26)
2025-06-18 09:58:27,606   INFO  Train:   13/80 ( 16%) [ 413/928 ( 45%)]  Loss: 0.5757 (0.588)  LR: 1.188e-03  Time cost: 01:49/02:16 [50:35/4:36:47]  Acc_iter 11550       Data time: 0.01(0.01)  Forward time: 0.25(0.25)  Batch time: 0.26(0.26)
2025-06-18 09:58:27,850   INFO  user                                   Wed Jun 18 09:58:27 2025  535.183.01
[0] NVIDIA GeForce RTX 4060 Laptop GPU | 65°C,  97 % |  6082 /  8188 MB | user(6064M) gdm(4M) user(4M)

2025-06-18 09:58:40,963   INFO  Train:   13/80 ( 16%) [ 463/928 ( 50%)]  Loss: 0.5473 (0.587)  LR: 1.195e-03  Time cost: 02:03/02:03 [50:49/4:36:49]  Acc_iter 11600       Data time: 0.01(0.01)  Forward time: 0.25(0.25)  Batch time: 0.26(0.27)
2025-06-18 09:58:54,046   INFO  Train:   13/80 ( 16%) [ 513/928 ( 55%)]  Loss: 0.5363 (0.589)  LR: 1.202e-03  Time cost: 02:16/01:49 [51:02/4:36:14]  Acc_iter 11650       Data time: 0.01(0.01)  Forward time: 0.25(0.25)  Batch time: 0.26(0.26)
2025-06-18 09:59:07,085   INFO  Train:   13/80 ( 16%) [ 563/928 ( 61%)]  Loss: 0.5995 (0.589)  LR: 1.209e-03  Time cost: 02:29/01:36 [51:15/4:35:39]  Acc_iter 11700       Data time: 0.01(0.01)  Forward time: 0.25(0.25)  Batch time: 0.26(0.26)
2025-06-18 09:59:07,313   INFO  user                                   Wed Jun 18 09:59:07 2025  535.183.01
[0] NVIDIA GeForce RTX 4060 Laptop GPU | 64°C,  95 % |  6082 /  8188 MB | user(6064M) gdm(4M) user(4M)

2025-06-18 09:59:20,476   INFO  Train:   13/80 ( 16%) [ 613/928 ( 66%)]  Loss: 0.6277 (0.589)  LR: 1.215e-03  Time cost: 02:42/01:23 [51:28/4:35:43]  Acc_iter 11750       Data time: 0.01(0.01)  Forward time: 0.25(0.25)  Batch time: 0.26(0.26)
2025-06-18 09:59:33,593   INFO  Train:   13/80 ( 16%) [ 663/928 ( 71%)]  Loss: 0.5066 (0.588)  LR: 1.222e-03  Time cost: 02:55/01:10 [51:41/4:35:18]  Acc_iter 11800       Data time: 0.01(0.01)  Forward time: 0.25(0.25)  Batch time: 0.26(0.26)
2025-06-18 09:59:46,671   INFO  Train:   13/80 ( 16%) [ 713/928 ( 77%)]  Loss: 0.5606 (0.587)  LR: 1.229e-03  Time cost: 03:08/00:56 [51:54/4:34:52]  Acc_iter 11850       Data time: 0.01(0.01)  Forward time: 0.25(0.25)  Batch time: 0.26(0.26)
2025-06-18 09:59:46,873   INFO  user                                   Wed Jun 18 09:59:46 2025  535.183.01
[0] NVIDIA GeForce RTX 4060 Laptop GPU | 65°C,  95 % |  6082 /  8188 MB | user(6064M) gdm(4M) user(4M)

2025-06-18 09:59:59,982   INFO  Train:   13/80 ( 16%) [ 763/928 ( 82%)]  Loss: 0.6646 (0.588)  LR: 1.236e-03  Time cost: 03:22/00:43 [52:08/4:34:46]  Acc_iter 11900       Data time: 0.01(0.01)  Forward time: 0.25(0.25)  Batch time: 0.26(0.26)
2025-06-18 10:00:13,100   INFO  Train:   13/80 ( 16%) [ 813/928 ( 88%)]  Loss: 0.6375 (0.587)  LR: 1.242e-03  Time cost: 03:35/00:30 [52:21/4:34:25]  Acc_iter 11950       Data time: 0.01(0.01)  Forward time: 0.26(0.25)  Batch time: 0.27(0.26)
2025-06-18 10:00:26,161   INFO  Train:   13/80 ( 16%) [ 863/928 ( 93%)]  Loss: 0.5401 (0.587)  LR: 1.249e-03  Time cost: 03:48/00:17 [52:34/4:34:01]  Acc_iter 12000       Data time: 0.01(0.01)  Forward time: 0.25(0.25)  Batch time: 0.26(0.26)
2025-06-18 10:00:26,416   INFO  user                                   Wed Jun 18 10:00:26 2025  535.183.01
[0] NVIDIA GeForce RTX 4060 Laptop GPU | 64°C,  95 % |  6082 /  8188 MB | user(6064M) gdm(4M) user(4M)

2025-06-18 10:00:39,499   INFO  Train:   13/80 ( 16%) [ 913/928 ( 98%)]  Loss: 0.5848 (0.587)  LR: 1.256e-03  Time cost: 04:01/00:03 [52:47/4:33:56]  Acc_iter 12050       Data time: 0.01(0.01)  Forward time: 0.25(0.25)  Batch time: 0.26(0.26)
2025-06-18 10:00:43,201   INFO  Train:   13/80 ( 16%) [ 927/928 (100%)]  Loss: 0.5993 (0.588)  LR: 1.258e-03  Time cost: 04:05/00:00 [52:51/4:33:53]  Acc_iter 12064       Data time: 0.01(0.01)  Forward time: 0.25(0.25)  Batch time: 0.26(0.26)
2025-06-18 10:00:43,732   INFO  Train:   14/80 ( 18%) [   0/928 (  0%)]  Loss: 0.5493 (0.549)  LR: 1.258e-03  Time cost: 00:00/06:29 [52:51/7:14:32]  Acc_iter 12065       Data time: 0.15(0.15)  Forward time: 0.26(0.26)  Batch time: 0.41(0.41)
2025-06-18 10:00:52,916   INFO  Train:   14/80 ( 18%) [  35/928 (  4%)]  Loss: 0.6572 (0.572)  LR: 1.263e-03  Time cost: 00:09/03:58 [53:01/4:36:18]  Acc_iter 12100       Data time: 0.01(0.02)  Forward time: 0.25(0.25)  Batch time: 0.26(0.27)
2025-06-18 10:01:05,973   INFO  Train:   14/80 ( 18%) [  85/928 (  9%)]  Loss: 0.5483 (0.590)  LR: 1.270e-03  Time cost: 00:22/03:42 [53:14/4:32:40]  Acc_iter 12150       Data time: 0.01(0.01)  Forward time: 0.25(0.25)  Batch time: 0.26(0.26)
2025-06-18 10:01:06,179   INFO  user                                   Wed Jun 18 10:01:06 2025  535.183.01
[0] NVIDIA GeForce RTX 4060 Laptop GPU | 64°C,  97 % |  6082 /  8188 MB | user(6064M) gdm(4M) user(4M)

2025-06-18 10:01:19,257   INFO  Train:   14/80 ( 18%) [ 135/928 ( 15%)]  Loss: 0.5266 (0.585)  LR: 1.277e-03  Time cost: 00:35/03:29 [53:27/4:33:17]  Acc_iter 12200       Data time: 0.01(0.01)  Forward time: 0.25(0.25)  Batch time: 0.26(0.26)
2025-06-18 10:01:32,334   INFO  Train:   14/80 ( 18%) [ 185/928 ( 20%)]  Loss: 0.5970 (0.583)  LR: 1.283e-03  Time cost: 00:49/03:15 [53:40/4:32:18]  Acc_iter 12250       Data time: 0.01(0.01)  Forward time: 0.25(0.25)  Batch time: 0.26(0.26)
2025-06-18 10:01:45,418   INFO  Train:   14/80 ( 18%) [ 235/928 ( 25%)]  Loss: 0.5663 (0.581)  LR: 1.290e-03  Time cost: 01:02/03:02 [53:53/4:31:40]  Acc_iter 12300       Data time: 0.01(0.01)  Forward time: 0.25(0.25)  Batch time: 0.26(0.26)
2025-06-18 10:01:45,619   INFO  user                                   Wed Jun 18 10:01:45 2025  535.183.01
[0] NVIDIA GeForce RTX 4060 Laptop GPU | 64°C,  95 % |  6082 /  8188 MB | user(6064M) gdm(4M) user(4M)

2025-06-18 10:01:58,761   INFO  Train:   14/80 ( 18%) [ 285/928 ( 31%)]  Loss: 0.6637 (0.578)  LR: 1.297e-03  Time cost: 01:15/02:49 [54:06/4:32:07]  Acc_iter 12350       Data time: 0.01(0.01)  Forward time: 0.25(0.25)  Batch time: 0.26(0.26)
2025-06-18 10:02:11,876   INFO  Train:   14/80 ( 18%) [ 335/928 ( 36%)]  Loss: 0.5373 (0.579)  LR: 1.304e-03  Time cost: 01:28/02:36 [54:20/4:31:40]  Acc_iter 12400       Data time: 0.01(0.01)  Forward time: 0.25(0.25)  Batch time: 0.26(0.26)
2025-06-18 10:02:24,967   INFO  Train:   14/80 ( 18%) [ 385/928 ( 41%)]  Loss: 0.5100 (0.580)  LR: 1.311e-03  Time cost: 01:41/02:23 [54:33/4:31:13]  Acc_iter 12450       Data time: 0.01(0.01)  Forward time: 0.25(0.25)  Batch time: 0.26(0.26)
2025-06-18 10:02:25,168   INFO  user                                   Wed Jun 18 10:02:25 2025  535.183.01
[0] NVIDIA GeForce RTX 4060 Laptop GPU | 64°C,  97 % |  6082 /  8188 MB | user(6064M) gdm(4M) user(4M)

2025-06-18 10:02:38,234   INFO  Train:   14/80 ( 18%) [ 435/928 ( 47%)]  Loss: 0.5700 (0.579)  LR: 1.318e-03  Time cost: 01:54/02:09 [54:46/4:31:13]  Acc_iter 12500       Data time: 0.01(0.01)  Forward time: 0.25(0.25)  Batch time: 0.27(0.26)
2025-06-18 10:02:51,301   INFO  Train:   14/80 ( 18%) [ 485/928 ( 52%)]  Loss: 0.5907 (0.580)  LR: 1.325e-03  Time cost: 02:07/01:56 [54:59/4:30:46]  Acc_iter 12550       Data time: 0.01(0.01)  Forward time: 0.25(0.25)  Batch time: 0.26(0.26)
2025-06-18 10:03:04,383   INFO  Train:   14/80 ( 18%) [ 535/928 ( 58%)]  Loss: 0.7007 (0.579)  LR: 1.332e-03  Time cost: 02:21/01:43 [55:12/4:30:23]  Acc_iter 12600       Data time: 0.01(0.01)  Forward time: 0.25(0.25)  Batch time: 0.26(0.26)
2025-06-18 10:03:04,573   INFO  user                                   Wed Jun 18 10:03:04 2025  535.183.01
[0] NVIDIA GeForce RTX 4060 Laptop GPU | 64°C,  96 % |  6082 /  8188 MB | user(6064M) gdm(4M) user(4M)

2025-06-18 10:03:17,633   INFO  Train:   14/80 ( 18%) [ 585/928 ( 63%)]  Loss: 0.5659 (0.578)  LR: 1.339e-03  Time cost: 02:34/01:30 [55:25/4:30:19]  Acc_iter 12650       Data time: 0.01(0.01)  Forward time: 0.25(0.25)  Batch time: 0.26(0.26)
2025-06-18 10:03:30,689   INFO  Train:   14/80 ( 18%) [ 635/928 ( 68%)]  Loss: 0.5169 (0.578)  LR: 1.346e-03  Time cost: 02:47/01:17 [55:38/4:29:55]  Acc_iter 12700       Data time: 0.01(0.01)  Forward time: 0.25(0.25)  Batch time: 0.26(0.26)
2025-06-18 10:03:43,773   INFO  Train:   14/80 ( 18%) [ 685/928 ( 74%)]  Loss: 0.6153 (0.579)  LR: 1.353e-03  Time cost: 03:00/01:03 [55:52/4:29:35]  Acc_iter 12750       Data time: 0.02(0.01)  Forward time: 0.25(0.25)  Batch time: 0.27(0.26)
2025-06-18 10:03:44,007   INFO  user                                   Wed Jun 18 10:03:43 2025  535.183.01
[0] NVIDIA GeForce RTX 4060 Laptop GPU | 64°C,  97 % |  6082 /  8188 MB | user(6064M) gdm(4M) user(4M)

2025-06-18 10:03:57,060   INFO  Train:   14/80 ( 18%) [ 735/928 ( 79%)]  Loss: 0.5718 (0.579)  LR: 1.360e-03  Time cost: 03:13/00:50 [56:05/4:29:34]  Acc_iter 12800       Data time: 0.01(0.01)  Forward time: 0.25(0.25)  Batch time: 0.26(0.26)
2025-06-18 10:04:10,153   INFO  Train:   14/80 ( 18%) [ 785/928 ( 85%)]  Loss: 0.5037 (0.579)  LR: 1.367e-03  Time cost: 03:26/00:37 [56:18/4:29:15]  Acc_iter 12850       Data time: 0.01(0.01)  Forward time: 0.25(0.25)  Batch time: 0.26(0.26)
2025-06-18 10:04:23,197   INFO  Train:   14/80 ( 18%) [ 835/928 ( 90%)]  Loss: 0.5365 (0.579)  LR: 1.374e-03  Time cost: 03:39/00:24 [56:31/4:28:53]  Acc_iter 12900       Data time: 0.01(0.01)  Forward time: 0.25(0.25)  Batch time: 0.26(0.26)
2025-06-18 10:04:23,404   INFO  user                                   Wed Jun 18 10:04:23 2025  535.183.01
[0] NVIDIA GeForce RTX 4060 Laptop GPU | 64°C,  95 % |  6082 /  8188 MB | user(6064M) gdm(4M) user(4M)

2025-06-18 10:04:36,525   INFO  Train:   14/80 ( 18%) [ 885/928 ( 95%)]  Loss: 0.6158 (0.579)  LR: 1.381e-03  Time cost: 03:53/00:11 [56:44/4:28:53]  Acc_iter 12950       Data time: 0.01(0.01)  Forward time: 0.25(0.25)  Batch time: 0.26(0.26)
2025-06-18 10:04:47,481   INFO  Train:   14/80 ( 18%) [ 927/928 (100%)]  Loss: 0.6230 (0.578)  LR: 1.386e-03  Time cost: 04:04/00:00 [56:55/4:28:35]  Acc_iter 12992       Data time: 0.01(0.01)  Forward time: 0.25(0.25)  Batch time: 0.26(0.26)
2025-06-18 10:04:47,993   INFO  Train:   15/80 ( 19%) [   0/928 (  0%)]  Loss: 0.4727 (0.473)  LR: 1.387e-03  Time cost: 00:00/06:07 [56:56/6:43:59]  Acc_iter 12993       Data time: 0.12(0.12)  Forward time: 0.27(0.27)  Batch time: 0.39(0.39)
2025-06-18 10:04:49,824   INFO  Train:   15/80 ( 19%) [   7/928 (  1%)]  Loss: 0.5572 (0.548)  LR: 1.388e-03  Time cost: 00:02/04:16 [56:58/4:44:06]  Acc_iter 13000       Data time: 0.01(0.02)  Forward time: 0.25(0.25)  Batch time: 0.26(0.28)
2025-06-18 10:05:02,877   INFO  Train:   15/80 ( 19%) [  57/928 (  6%)]  Loss: 0.6170 (0.551)  LR: 1.395e-03  Time cost: 00:15/03:49 [57:11/4:28:40]  Acc_iter 13050       Data time: 0.01(0.01)  Forward time: 0.25(0.25)  Batch time: 0.26(0.26)
2025-06-18 10:05:03,097   INFO  user                                   Wed Jun 18 10:05:03 2025  535.183.01
[0] NVIDIA GeForce RTX 4060 Laptop GPU | 64°C,  81 % |  6082 /  8188 MB | user(6064M) gdm(4M) user(4M)

2025-06-18 10:05:16,228   INFO  Train:   15/80 ( 19%) [ 107/928 ( 12%)]  Loss: 0.6721 (0.567)  LR: 1.402e-03  Time cost: 00:28/03:37 [57:24/4:30:08]  Acc_iter 13100       Data time: 0.01(0.02)  Forward time: 0.25(0.25)  Batch time: 0.26(0.27)
2025-06-18 10:05:29,329   INFO  Train:   15/80 ( 19%) [ 157/928 ( 17%)]  Loss: 0.6452 (0.574)  LR: 1.409e-03  Time cost: 00:41/03:23 [57:37/4:28:55]  Acc_iter 13150       Data time: 0.01(0.01)  Forward time: 0.25(0.25)  Batch time: 0.27(0.26)
2025-06-18 10:05:42,425   INFO  Train:   15/80 ( 19%) [ 207/928 ( 22%)]  Loss: 0.6058 (0.575)  LR: 1.416e-03  Time cost: 00:54/03:10 [57:50/4:28:10]  Acc_iter 13200       Data time: 0.01(0.01)  Forward time: 0.25(0.25)  Batch time: 0.26(0.26)
2025-06-18 10:05:42,625   INFO  user                                   Wed Jun 18 10:05:42 2025  535.183.01
[0] NVIDIA GeForce RTX 4060 Laptop GPU | 64°C,  60 % |  6432 /  8188 MB | user(6414M) gdm(4M) user(4M)

2025-06-18 10:05:55,706   INFO  Train:   15/80 ( 19%) [ 257/928 ( 28%)]  Loss: 0.4376 (0.572)  LR: 1.423e-03  Time cost: 01:08/02:57 [58:03/4:28:20]  Acc_iter 13250       Data time: 0.01(0.01)  Forward time: 0.25(0.25)  Batch time: 0.26(0.26)
2025-06-18 10:06:08,757   INFO  Train:   15/80 ( 19%) [ 307/928 ( 33%)]  Loss: 0.5830 (0.570)  LR: 1.430e-03  Time cost: 01:21/02:43 [58:16/4:27:38]  Acc_iter 13300       Data time: 0.01(0.01)  Forward time: 0.25(0.25)  Batch time: 0.26(0.26)
2025-06-18 10:06:21,802   INFO  Train:   15/80 ( 19%) [ 357/928 ( 38%)]  Loss: 0.6239 (0.571)  LR: 1.437e-03  Time cost: 01:34/02:30 [58:30/4:27:02]  Acc_iter 13350       Data time: 0.01(0.01)  Forward time: 0.25(0.25)  Batch time: 0.26(0.26)
2025-06-18 10:06:22,049   INFO  user                                   Wed Jun 18 10:06:22 2025  535.183.01
[0] NVIDIA GeForce RTX 4060 Laptop GPU | 64°C,  52 % |  6432 /  8188 MB | user(6414M) gdm(4M) user(4M)

2025-06-18 10:06:35,128   INFO  Train:   15/80 ( 19%) [ 407/928 ( 44%)]  Loss: 0.5391 (0.571)  LR: 1.444e-03  Time cost: 01:47/02:17 [58:43/4:27:15]  Acc_iter 13400       Data time: 0.01(0.01)  Forward time: 0.25(0.25)  Batch time: 0.26(0.26)
2025-06-18 10:06:48,170   INFO  Train:   15/80 ( 19%) [ 457/928 ( 49%)]  Loss: 0.4389 (0.572)  LR: 1.451e-03  Time cost: 02:00/02:03 [58:56/4:26:43]  Acc_iter 13450       Data time: 0.01(0.01)  Forward time: 0.25(0.25)  Batch time: 0.26(0.26)
2025-06-18 10:07:01,272   INFO  Train:   15/80 ( 19%) [ 507/928 ( 55%)]  Loss: 0.5317 (0.573)  LR: 1.458e-03  Time cost: 02:13/01:50 [59:09/4:26:23]  Acc_iter 13500       Data time: 0.01(0.01)  Forward time: 0.25(0.25)  Batch time: 0.26(0.26)
2025-06-18 10:07:01,504   INFO  user                                   Wed Jun 18 10:07:01 2025  535.183.01
[0] NVIDIA GeForce RTX 4060 Laptop GPU | 64°C,  90 % |  6432 /  8188 MB | user(6414M) gdm(4M) user(4M)

2025-06-18 10:07:14,578   INFO  Train:   15/80 ( 19%) [ 557/928 ( 60%)]  Loss: 0.6014 (0.573)  LR: 1.465e-03  Time cost: 02:26/01:37 [59:22/4:26:26]  Acc_iter 13550       Data time: 0.01(0.01)  Forward time: 0.25(0.25)  Batch time: 0.26(0.26)
2025-06-18 10:07:27,639   INFO  Train:   15/80 ( 19%) [ 607/928 ( 65%)]  Loss: 0.5226 (0.571)  LR: 1.472e-03  Time cost: 02:40/01:24 [59:35/4:26:02]  Acc_iter 13600       Data time: 0.01(0.01)  Forward time: 0.25(0.25)  Batch time: 0.26(0.26)
2025-06-18 10:07:40,718   INFO  Train:   15/80 ( 19%) [ 657/928 ( 71%)]  Loss: 0.4786 (0.571)  LR: 1.479e-03  Time cost: 02:53/01:11 [59:48/4:25:41]  Acc_iter 13650       Data time: 0.01(0.01)  Forward time: 0.25(0.25)  Batch time: 0.26(0.26)
2025-06-18 10:07:40,974   INFO  user                                   Wed Jun 18 10:07:40 2025  535.183.01
[0] NVIDIA GeForce RTX 4060 Laptop GPU | 64°C,  97 % |  6432 /  8188 MB | user(6414M) gdm(4M) user(4M)

2025-06-18 10:07:54,035   INFO  Train:   15/80 ( 19%) [ 707/928 ( 76%)]  Loss: 0.5332 (0.570)  LR: 1.486e-03  Time cost: 03:06/00:58 [1:00:02/4:25:42]  Acc_iter 13700       Data time: 0.01(0.01)  Forward time: 0.25(0.25)  Batch time: 0.26(0.26)
2025-06-18 10:08:07,092   INFO  Train:   15/80 ( 19%) [ 757/928 ( 82%)]  Loss: 0.5306 (0.570)  LR: 1.493e-03  Time cost: 03:19/00:45 [1:00:15/4:25:20]  Acc_iter 13750       Data time: 0.01(0.01)  Forward time: 0.25(0.25)  Batch time: 0.26(0.26)
2025-06-18 10:08:20,186   INFO  Train:   15/80 ( 19%) [ 807/928 ( 87%)]  Loss: 0.6543 (0.570)  LR: 1.500e-03  Time cost: 03:32/00:31 [1:00:28/4:25:02]  Acc_iter 13800       Data time: 0.01(0.01)  Forward time: 0.25(0.25)  Batch time: 0.26(0.26)
2025-06-18 10:08:20,410   INFO  user                                   Wed Jun 18 10:08:20 2025  535.183.01
[0] NVIDIA GeForce RTX 4060 Laptop GPU | 64°C,  58 % |  6432 /  8188 MB | user(6414M) gdm(4M) user(4M)

2025-06-18 10:08:33,460   INFO  Train:   15/80 ( 19%) [ 857/928 ( 92%)]  Loss: 0.5993 (0.570)  LR: 1.508e-03  Time cost: 03:45/00:18 [1:00:41/4:24:57]  Acc_iter 13850       Data time: 0.01(0.01)  Forward time: 0.25(0.25)  Batch time: 0.26(0.26)
2025-06-18 10:08:46,514   INFO  Train:   15/80 ( 19%) [ 907/928 ( 98%)]  Loss: 0.6094 (0.570)  LR: 1.515e-03  Time cost: 03:58/00:05 [1:00:54/4:24:37]  Acc_iter 13900       Data time: 0.01(0.01)  Forward time: 0.25(0.25)  Batch time: 0.26(0.26)
2025-06-18 10:08:51,747   INFO  Train:   15/80 ( 19%) [ 927/928 (100%)]  Loss: 0.5379 (0.570)  LR: 1.518e-03  Time cost: 04:04/00:00 [1:00:59/4:24:30]  Acc_iter 13920       Data time: 0.01(0.01)  Forward time: 0.25(0.25)  Batch time: 0.26(0.26)
2025-06-18 10:08:52,303   INFO  Train:   16/80 ( 20%) [   0/928 (  0%)]  Loss: 0.6712 (0.671)  LR: 1.518e-03  Time cost: 00:00/06:41 [1:01:00/7:14:47]  Acc_iter 13921       Data time: 0.17(0.17)  Forward time: 0.26(0.26)  Batch time: 0.42(0.42)
2025-06-18 10:08:59,903   INFO  Train:   16/80 ( 20%) [  29/928 (  3%)]  Loss: 0.5012 (0.563)  LR: 1.522e-03  Time cost: 00:08/04:00 [1:01:08/4:29:03]  Acc_iter 13950       Data time: 0.01(0.02)  Forward time: 0.25(0.25)  Batch time: 0.26(0.27)
2025-06-18 10:09:00,100   INFO  user                                   Wed Jun 18 10:09:00 2025  535.183.01
[0] NVIDIA GeForce RTX 4060 Laptop GPU | 64°C,  96 % |  6432 /  8188 MB | user(6414M) gdm(4M) user(4M)

2025-06-18 10:09:13,181   INFO  Train:   16/80 ( 20%) [  79/928 (  9%)]  Loss: 0.5920 (0.568)  LR: 1.529e-03  Time cost: 00:21/03:46 [1:01:21/4:27:27]  Acc_iter 14000       Data time: 0.01(0.02)  Forward time: 0.25(0.25)  Batch time: 0.26(0.27)
2025-06-18 10:09:26,265   INFO  Train:   16/80 ( 20%) [ 129/928 ( 14%)]  Loss: 0.4684 (0.565)  LR: 1.536e-03  Time cost: 00:34/03:31 [1:01:34/4:25:24]  Acc_iter 14050       Data time: 0.01(0.01)  Forward time: 0.25(0.25)  Batch time: 0.26(0.26)
2025-06-18 10:09:39,350   INFO  Train:   16/80 ( 20%) [ 179/928 ( 19%)]  Loss: 0.5673 (0.569)  LR: 1.543e-03  Time cost: 00:47/03:17 [1:01:47/4:24:23]  Acc_iter 14100       Data time: 0.01(0.01)  Forward time: 0.25(0.25)  Batch time: 0.26(0.26)
2025-06-18 10:09:39,594   INFO  user                                   Wed Jun 18 10:09:39 2025  535.183.01
[0] NVIDIA GeForce RTX 4060 Laptop GPU | 64°C,  50 % |  6432 /  8188 MB | user(6414M) gdm(4M) user(4M)

2025-06-18 10:09:52,672   INFO  Train:   16/80 ( 20%) [ 229/928 ( 25%)]  Loss: 0.5924 (0.570)  LR: 1.550e-03  Time cost: 01:00/03:04 [1:02:00/4:24:45]  Acc_iter 14150       Data time: 0.01(0.01)  Forward time: 0.25(0.25)  Batch time: 0.26(0.26)
2025-06-18 10:10:05,739   INFO  Train:   16/80 ( 20%) [ 279/928 ( 30%)]  Loss: 0.4456 (0.567)  LR: 1.557e-03  Time cost: 01:13/02:51 [1:02:13/4:23:59]  Acc_iter 14200       Data time: 0.01(0.01)  Forward time: 0.25(0.25)  Batch time: 0.26(0.26)
2025-06-18 10:10:18,823   INFO  Train:   16/80 ( 20%) [ 329/928 ( 35%)]  Loss: 0.5702 (0.568)  LR: 1.565e-03  Time cost: 01:26/02:37 [1:02:27/4:23:27]  Acc_iter 14250       Data time: 0.01(0.01)  Forward time: 0.25(0.25)  Batch time: 0.26(0.26)
2025-06-18 10:10:19,016   INFO  user                                   Wed Jun 18 10:10:19 2025  535.183.01
[0] NVIDIA GeForce RTX 4060 Laptop GPU | 64°C,  89 % |  6432 /  8188 MB | user(6414M) gdm(4M) user(4M)

2025-06-18 10:10:32,063   INFO  Train:   16/80 ( 20%) [ 379/928 ( 41%)]  Loss: 0.6085 (0.565)  LR: 1.572e-03  Time cost: 01:40/02:24 [1:02:40/4:23:24]  Acc_iter 14300       Data time: 0.01(0.01)  Forward time: 0.25(0.25)  Batch time: 0.26(0.26)
2025-06-18 10:10:45,113   INFO  Train:   16/80 ( 20%) [ 429/928 ( 46%)]  Loss: 0.6062 (0.566)  LR: 1.579e-03  Time cost: 01:53/02:11 [1:02:53/4:22:52]  Acc_iter 14350       Data time: 0.02(0.01)  Forward time: 0.25(0.25)  Batch time: 0.26(0.26)
2025-06-18 10:10:58,231   INFO  Train:   16/80 ( 20%) [ 479/928 ( 52%)]  Loss: 0.5103 (0.565)  LR: 1.586e-03  Time cost: 02:06/01:58 [1:03:06/4:22:33]  Acc_iter 14400       Data time: 0.01(0.01)  Forward time: 0.26(0.25)  Batch time: 0.27(0.26)
2025-06-18 10:10:58,471   INFO  user                                   Wed Jun 18 10:10:58 2025  535.183.01
[0] NVIDIA GeForce RTX 4060 Laptop GPU | 64°C,  94 % |  6432 /  8188 MB | user(6414M) gdm(4M) user(4M)

2025-06-18 10:11:11,579   INFO  Train:   16/80 ( 20%) [ 529/928 ( 57%)]  Loss: 0.5856 (0.565)  LR: 1.593e-03  Time cost: 02:19/01:45 [1:03:19/4:22:40]  Acc_iter 14450       Data time: 0.01(0.01)  Forward time: 0.25(0.25)  Batch time: 0.26(0.26)
2025-06-18 10:11:24,660   INFO  Train:   16/80 ( 20%) [ 579/928 ( 62%)]  Loss: 0.5552 (0.565)  LR: 1.600e-03  Time cost: 02:32/01:31 [1:03:32/4:22:17]  Acc_iter 14500       Data time: 0.01(0.01)  Forward time: 0.25(0.25)  Batch time: 0.26(0.26)
2025-06-18 10:11:37,731   INFO  Train:   16/80 ( 20%) [ 629/928 ( 68%)]  Loss: 0.5878 (0.565)  LR: 1.607e-03  Time cost: 02:45/01:18 [1:03:45/4:21:54]  Acc_iter 14550       Data time: 0.01(0.01)  Forward time: 0.25(0.25)  Batch time: 0.27(0.26)
2025-06-18 10:11:37,948   INFO  user                                   Wed Jun 18 10:11:37 2025  535.183.01
[0] NVIDIA GeForce RTX 4060 Laptop GPU | 64°C,  56 % |  6432 /  8188 MB | user(6414M) gdm(4M) user(4M)

2025-06-18 10:11:51,074   INFO  Train:   16/80 ( 20%) [ 679/928 ( 73%)]  Loss: 0.5409 (0.565)  LR: 1.614e-03  Time cost: 02:59/01:05 [1:03:59/4:21:57]  Acc_iter 14600       Data time: 0.01(0.01)  Forward time: 0.25(0.25)  Batch time: 0.26(0.26)
2025-06-18 10:12:04,130   INFO  Train:   16/80 ( 20%) [ 729/928 ( 79%)]  Loss: 0.5345 (0.565)  LR: 1.622e-03  Time cost: 03:12/00:52 [1:04:12/4:21:34]  Acc_iter 14650       Data time: 0.01(0.01)  Forward time: 0.25(0.25)  Batch time: 0.26(0.26)
2025-06-18 10:12:17,212   INFO  Train:   16/80 ( 20%) [ 779/928 ( 84%)]  Loss: 0.5911 (0.565)  LR: 1.629e-03  Time cost: 03:25/00:39 [1:04:25/4:21:14]  Acc_iter 14700       Data time: 0.01(0.01)  Forward time: 0.25(0.25)  Batch time: 0.26(0.26)
2025-06-18 10:12:17,448   INFO  user                                   Wed Jun 18 10:12:17 2025  535.183.01
[0] NVIDIA GeForce RTX 4060 Laptop GPU | 64°C,  97 % |  6432 /  8188 MB | user(6414M) gdm(4M) user(4M)

2025-06-18 10:12:30,538   INFO  Train:   16/80 ( 20%) [ 829/928 ( 89%)]  Loss: 0.7235 (0.564)  LR: 1.636e-03  Time cost: 03:38/00:26 [1:04:38/4:21:13]  Acc_iter 14750       Data time: 0.01(0.01)  Forward time: 0.25(0.25)  Batch time: 0.26(0.26)
2025-06-18 10:12:43,607   INFO  Train:   16/80 ( 20%) [ 879/928 ( 95%)]  Loss: 0.6278 (0.564)  LR: 1.643e-03  Time cost: 03:51/00:12 [1:04:51/4:20:53]  Acc_iter 14800       Data time: 0.01(0.01)  Forward time: 0.25(0.25)  Batch time: 0.26(0.26)
2025-06-18 10:12:56,163   INFO  Train:   16/80 ( 20%) [ 927/928 (100%)]  Loss: 0.5086 (0.563)  LR: 1.650e-03  Time cost: 04:04/00:00 [1:05:04/4:20:34]  Acc_iter 14848       Data time: 0.01(0.01)  Forward time: 0.25(0.25)  Batch time: 0.26(0.26)
2025-06-18 10:12:56,754   INFO  Train:   17/80 ( 21%) [   0/928 (  0%)]  Loss: 0.5143 (0.514)  LR: 1.650e-03  Time cost: 00:00/06:48 [1:05:04/7:16:07]  Acc_iter 14849       Data time: 0.17(0.17)  Forward time: 0.26(0.26)  Batch time: 0.43(0.43)
2025-06-18 10:12:57,016   INFO  Train:   17/80 ( 21%) [   1/928 (  0%)]  Loss: 0.6336 (0.574)  LR: 1.650e-03  Time cost: 00:00/05:25 [1:05:05/5:47:32]  Acc_iter 14850       Data time: 0.01(0.09)  Forward time: 0.25(0.25)  Batch time: 0.26(0.35)
2025-06-18 10:12:57,245   INFO  user                                   Wed Jun 18 10:12:57 2025  535.183.01
[0] NVIDIA GeForce RTX 4060 Laptop GPU | 63°C,  97 % |  6432 /  8188 MB | user(6414M) gdm(4M) user(4M)

2025-06-18 10:13:10,267   INFO  Train:   17/80 ( 21%) [  51/928 (  5%)]  Loss: 0.6132 (0.555)  LR: 1.657e-03  Time cost: 00:13/03:55 [1:05:18/4:25:23]  Acc_iter 14900       Data time: 0.01(0.02)  Forward time: 0.25(0.25)  Batch time: 0.26(0.27)
2025-06-18 10:13:23,332   INFO  Train:   17/80 ( 21%) [ 101/928 ( 11%)]  Loss: 0.6758 (0.567)  LR: 1.664e-03  Time cost: 00:27/03:39 [1:05:31/4:21:45]  Acc_iter 14950       Data time: 0.01(0.02)  Forward time: 0.25(0.25)  Batch time: 0.26(0.26)
2025-06-18 10:13:36,418   INFO  Train:   17/80 ( 21%) [ 151/928 ( 16%)]  Loss: 0.7273 (0.565)  LR: 1.672e-03  Time cost: 00:40/03:25 [1:05:44/4:20:30]  Acc_iter 15000       Data time: 0.01(0.01)  Forward time: 0.25(0.25)  Batch time: 0.26(0.26)
2025-06-18 10:13:36,610   INFO  user                                   Wed Jun 18 10:13:36 2025  535.183.01
[0] NVIDIA GeForce RTX 4060 Laptop GPU | 63°C,  97 % |  6432 /  8188 MB | user(6414M) gdm(4M) user(4M)

2025-06-18 10:13:49,674   INFO  Train:   17/80 ( 21%) [ 201/928 ( 22%)]  Loss: 0.5385 (0.562)  LR: 1.679e-03  Time cost: 00:53/03:12 [1:05:57/4:20:36]  Acc_iter 15050       Data time: 0.01(0.02)  Forward time: 0.25(0.25)  Batch time: 0.26(0.26)
2025-06-18 10:14:02,698   INFO  Train:   17/80 ( 21%) [ 251/928 ( 27%)]  Loss: 0.5690 (0.564)  LR: 1.686e-03  Time cost: 01:06/02:58 [1:06:10/4:19:39]  Acc_iter 15100       Data time: 0.01(0.01)  Forward time: 0.25(0.25)  Batch time: 0.26(0.26)
2025-06-18 10:14:15,756   INFO  Train:   17/80 ( 21%) [ 301/928 ( 32%)]  Loss: 0.6074 (0.564)  LR: 1.693e-03  Time cost: 01:19/02:44 [1:06:23/4:19:04]  Acc_iter 15150       Data time: 0.01(0.01)  Forward time: 0.25(0.25)  Batch time: 0.26(0.26)
2025-06-18 10:14:15,982   INFO  user                                   Wed Jun 18 10:14:15 2025  535.183.01
[0] NVIDIA GeForce RTX 4060 Laptop GPU | 64°C,  88 % |  6432 /  8188 MB | user(6414M) gdm(4M) user(4M)

2025-06-18 10:14:29,022   INFO  Train:   17/80 ( 21%) [ 351/928 ( 38%)]  Loss: 0.6496 (0.562)  LR: 1.700e-03  Time cost: 01:32/02:31 [1:06:37/4:19:10]  Acc_iter 15200       Data time: 0.01(0.01)  Forward time: 0.25(0.25)  Batch time: 0.26(0.26)
2025-06-18 10:14:42,091   INFO  Train:   17/80 ( 21%) [ 401/928 ( 43%)]  Loss: 0.6015 (0.562)  LR: 1.707e-03  Time cost: 01:45/02:18 [1:06:50/4:18:42]  Acc_iter 15250       Data time: 0.01(0.01)  Forward time: 0.25(0.25)  Batch time: 0.26(0.26)
2025-06-18 10:14:55,119   INFO  Train:   17/80 ( 21%) [ 451/928 ( 49%)]  Loss: 0.4937 (0.561)  LR: 1.714e-03  Time cost: 01:58/02:05 [1:07:03/4:18:12]  Acc_iter 15300       Data time: 0.02(0.01)  Forward time: 0.25(0.25)  Batch time: 0.26(0.26)
2025-06-18 10:14:55,325   INFO  user                                   Wed Jun 18 10:14:55 2025  535.183.01
[0] NVIDIA GeForce RTX 4060 Laptop GPU | 64°C,  76 % |  6432 /  8188 MB | user(6414M) gdm(4M) user(4M)

2025-06-18 10:15:08,406   INFO  Train:   17/80 ( 21%) [ 501/928 ( 54%)]  Loss: 0.4420 (0.559)  LR: 1.722e-03  Time cost: 02:12/01:52 [1:07:16/4:18:16]  Acc_iter 15350       Data time: 0.01(0.01)  Forward time: 0.25(0.25)  Batch time: 0.26(0.26)
2025-06-18 10:15:21,491   INFO  Train:   17/80 ( 21%) [ 551/928 ( 59%)]  Loss: 0.5422 (0.559)  LR: 1.729e-03  Time cost: 02:25/01:39 [1:07:29/4:17:55]  Acc_iter 15400       Data time: 0.01(0.01)  Forward time: 0.25(0.25)  Batch time: 0.26(0.26)
2025-06-18 10:15:34,602   INFO  Train:   17/80 ( 21%) [ 601/928 ( 65%)]  Loss: 0.4799 (0.557)  LR: 1.736e-03  Time cost: 02:38/01:25 [1:07:42/4:17:38]  Acc_iter 15450       Data time: 0.01(0.01)  Forward time: 0.25(0.25)  Batch time: 0.26(0.26)
2025-06-18 10:15:34,802   INFO  user                                   Wed Jun 18 10:15:34 2025  535.183.01
[0] NVIDIA GeForce RTX 4060 Laptop GPU | 64°C,  97 % |  6432 /  8188 MB | user(6414M) gdm(4M) user(4M)

2025-06-18 10:15:47,890   INFO  Train:   17/80 ( 21%) [ 651/928 ( 70%)]  Loss: 0.5604 (0.556)  LR: 1.743e-03  Time cost: 02:51/01:12 [1:07:56/4:17:37]  Acc_iter 15500       Data time: 0.01(0.01)  Forward time: 0.25(0.25)  Batch time: 0.26(0.26)
2025-06-18 10:16:00,977   INFO  Train:   17/80 ( 21%) [ 701/928 ( 76%)]  Loss: 0.4943 (0.556)  LR: 1.750e-03  Time cost: 03:04/00:59 [1:08:09/4:17:18]  Acc_iter 15550       Data time: 0.01(0.01)  Forward time: 0.25(0.25)  Batch time: 0.26(0.26)
2025-06-18 10:16:14,045   INFO  Train:   17/80 ( 21%) [ 751/928 ( 81%)]  Loss: 0.5759 (0.556)  LR: 1.757e-03  Time cost: 03:17/00:46 [1:08:22/4:16:59]  Acc_iter 15600       Data time: 0.01(0.01)  Forward time: 0.25(0.25)  Batch time: 0.26(0.26)
2025-06-18 10:16:14,275   INFO  user                                   Wed Jun 18 10:16:14 2025  535.183.01
[0] NVIDIA GeForce RTX 4060 Laptop GPU | 64°C,  50 % |  6432 /  8188 MB | user(6414M) gdm(4M) user(4M)

2025-06-18 10:16:27,322   INFO  Train:   17/80 ( 21%) [ 801/928 ( 86%)]  Loss: 0.4172 (0.555)  LR: 1.764e-03  Time cost: 03:31/00:33 [1:08:35/4:16:55]  Acc_iter 15650       Data time: 0.01(0.01)  Forward time: 0.25(0.25)  Batch time: 0.26(0.26)
2025-06-18 10:16:40,390   INFO  Train:   17/80 ( 21%) [ 851/928 ( 92%)]  Loss: 0.6530 (0.555)  LR: 1.771e-03  Time cost: 03:44/00:20 [1:08:48/4:16:36]  Acc_iter 15700       Data time: 0.01(0.01)  Forward time: 0.25(0.25)  Batch time: 0.26(0.26)
2025-06-18 10:16:53,485   INFO  Train:   17/80 ( 21%) [ 901/928 ( 97%)]  Loss: 0.5175 (0.556)  LR: 1.778e-03  Time cost: 03:57/00:07 [1:09:01/4:16:19]  Acc_iter 15750       Data time: 0.01(0.01)  Forward time: 0.25(0.25)  Batch time: 0.26(0.26)
2025-06-18 10:16:53,704   INFO  user                                   Wed Jun 18 10:16:53 2025  535.183.01
[0] NVIDIA GeForce RTX 4060 Laptop GPU | 64°C,  76 % |  6432 /  8188 MB | user(6414M) gdm(4M) user(4M)

2025-06-18 10:17:00,534   INFO  Train:   17/80 ( 21%) [ 927/928 (100%)]  Loss: 0.6465 (0.556)  LR: 1.782e-03  Time cost: 04:04/00:00 [1:09:08/4:16:26]  Acc_iter 15776       Data time: 0.01(0.01)  Forward time: 0.25(0.25)  Batch time: 0.26(0.26)
2025-06-18 10:17:01,067   INFO  Train:   18/80 ( 22%) [   0/928 (  0%)]  Loss: 0.4184 (0.418)  LR: 1.782e-03  Time cost: 00:00/06:14 [1:09:09/6:33:01]  Acc_iter 15777       Data time: 0.12(0.12)  Forward time: 0.27(0.27)  Batch time: 0.39(0.39)
2025-06-18 10:17:07,098   INFO  Train:   18/80 ( 22%) [  23/928 (  2%)]  Loss: 0.5809 (0.531)  LR: 1.786e-03  Time cost: 00:06/04:02 [1:09:15/4:21:08]  Acc_iter 15800       Data time: 0.01(0.02)  Forward time: 0.25(0.25)  Batch time: 0.26(0.27)
2025-06-18 10:17:20,165   INFO  Train:   18/80 ( 22%) [  73/928 (  8%)]  Loss: 0.5455 (0.541)  LR: 1.793e-03  Time cost: 00:19/03:45 [1:09:28/4:16:28]  Acc_iter 15850       Data time: 0.01(0.01)  Forward time: 0.25(0.25)  Batch time: 0.26(0.26)
2025-06-18 10:17:33,211   INFO  Train:   18/80 ( 22%) [ 123/928 ( 13%)]  Loss: 0.6203 (0.541)  LR: 1.800e-03  Time cost: 00:32/03:31 [1:09:41/4:15:13]  Acc_iter 15900       Data time: 0.01(0.01)  Forward time: 0.26(0.25)  Batch time: 0.27(0.26)
2025-06-18 10:17:33,454   INFO  user                                   Wed Jun 18 10:17:33 2025  535.183.01
[0] NVIDIA GeForce RTX 4060 Laptop GPU | 63°C,  92 % |  6432 /  8188 MB | user(6414M) gdm(4M) user(4M)

2025-06-18 10:17:46,632   INFO  Train:   18/80 ( 22%) [ 173/928 ( 19%)]  Loss: 0.5793 (0.547)  LR: 1.807e-03  Time cost: 00:45/03:19 [1:09:54/4:16:39]  Acc_iter 15950       Data time: 0.01(0.01)  Forward time: 0.25(0.25)  Batch time: 0.26(0.26)
2025-06-18 10:17:59,890   INFO  Train:   18/80 ( 22%) [ 223/928 ( 24%)]  Loss: 0.5554 (0.549)  LR: 1.814e-03  Time cost: 00:59/03:06 [1:10:08/4:16:39]  Acc_iter 16000       Data time: 0.01(0.01)  Forward time: 0.25(0.25)  Batch time: 0.26(0.26)
2025-06-18 10:18:13,018   INFO  Train:   18/80 ( 22%) [ 273/928 ( 29%)]  Loss: 0.6037 (0.546)  LR: 1.821e-03  Time cost: 01:12/02:52 [1:10:21/4:16:06]  Acc_iter 16050       Data time: 0.01(0.01)  Forward time: 0.25(0.25)  Batch time: 0.27(0.26)
2025-06-18 10:18:13,274   INFO  user                                   Wed Jun 18 10:18:13 2025  535.183.01
[0] NVIDIA GeForce RTX 4060 Laptop GPU | 64°C,  53 % |  6432 /  8188 MB | user(6414M) gdm(4M) user(4M)

2025-06-18 10:18:26,406   INFO  Train:   18/80 ( 22%) [ 323/928 ( 35%)]  Loss: 0.5105 (0.546)  LR: 1.828e-03  Time cost: 01:25/02:40 [1:10:34/4:16:26]  Acc_iter 16100       Data time: 0.01(0.01)  Forward time: 0.25(0.25)  Batch time: 0.26(0.26)
2025-06-18 10:18:39,494   INFO  Train:   18/80 ( 22%) [ 373/928 ( 40%)]  Loss: 0.4798 (0.546)  LR: 1.835e-03  Time cost: 01:38/02:26 [1:10:47/4:15:50]  Acc_iter 16150       Data time: 0.01(0.01)  Forward time: 0.25(0.25)  Batch time: 0.26(0.26)
2025-06-18 10:18:52,595   INFO  Train:   18/80 ( 22%) [ 423/928 ( 46%)]  Loss: 0.4532 (0.546)  LR: 1.842e-03  Time cost: 01:51/02:13 [1:11:00/4:15:22]  Acc_iter 16200       Data time: 0.01(0.01)  Forward time: 0.25(0.25)  Batch time: 0.26(0.26)
2025-06-18 10:18:52,797   INFO  user                                   Wed Jun 18 10:18:52 2025  535.183.01
[0] NVIDIA GeForce RTX 4060 Laptop GPU | 64°C,  95 % |  6432 /  8188 MB | user(6414M) gdm(4M) user(4M)

2025-06-18 10:19:05,902   INFO  Train:   18/80 ( 22%) [ 473/928 ( 51%)]  Loss: 0.6339 (0.546)  LR: 1.849e-03  Time cost: 02:05/02:00 [1:11:14/4:15:22]  Acc_iter 16250       Data time: 0.01(0.01)  Forward time: 0.25(0.25)  Batch time: 0.26(0.26)
2025-06-18 10:19:18,998   INFO  Train:   18/80 ( 22%) [ 523/928 ( 56%)]  Loss: 0.6125 (0.546)  LR: 1.856e-03  Time cost: 02:18/01:46 [1:11:27/4:14:56]  Acc_iter 16300       Data time: 0.01(0.01)  Forward time: 0.25(0.25)  Batch time: 0.26(0.26)
2025-06-18 10:19:32,056   INFO  Train:   18/80 ( 22%) [ 573/928 ( 62%)]  Loss: 0.5459 (0.546)  LR: 1.863e-03  Time cost: 02:31/01:33 [1:11:40/4:14:28]  Acc_iter 16350       Data time: 0.01(0.01)  Forward time: 0.25(0.25)  Batch time: 0.26(0.26)
2025-06-18 10:19:32,276   INFO  user                                   Wed Jun 18 10:19:32 2025  535.183.01
[0] NVIDIA GeForce RTX 4060 Laptop GPU | 64°C,  84 % |  6432 /  8188 MB | user(6414M) gdm(4M) user(4M)

2025-06-18 10:19:45,357   INFO  Train:   18/80 ( 22%) [ 623/928 ( 67%)]  Loss: 0.5519 (0.545)  LR: 1.871e-03  Time cost: 02:44/01:20 [1:11:53/4:14:26]  Acc_iter 16400       Data time: 0.01(0.01)  Forward time: 0.25(0.25)  Batch time: 0.26(0.26)
2025-06-18 10:19:58,402   INFO  Train:   18/80 ( 22%) [ 673/928 ( 73%)]  Loss: 0.5565 (0.544)  LR: 1.878e-03  Time cost: 02:57/01:07 [1:12:06/4:13:59]  Acc_iter 16450       Data time: 0.01(0.01)  Forward time: 0.25(0.25)  Batch time: 0.26(0.26)
2025-06-18 10:20:11,572   INFO  Train:   18/80 ( 22%) [ 723/928 ( 78%)]  Loss: 0.5480 (0.545)  LR: 1.885e-03  Time cost: 03:10/00:54 [1:12:19/4:13:45]  Acc_iter 16500       Data time: 0.01(0.01)  Forward time: 0.25(0.25)  Batch time: 0.26(0.26)
2025-06-18 10:20:11,832   INFO  user                                   Wed Jun 18 10:20:11 2025  535.183.01
[0] NVIDIA GeForce RTX 4060 Laptop GPU | 64°C,  48 % |  6432 /  8188 MB | user(6414M) gdm(4M) user(4M)

2025-06-18 10:20:24,925   INFO  Train:   18/80 ( 22%) [ 773/928 ( 83%)]  Loss: 0.4886 (0.545)  LR: 1.892e-03  Time cost: 03:24/00:40 [1:12:33/4:13:44]  Acc_iter 16550       Data time: 0.01(0.01)  Forward time: 0.25(0.25)  Batch time: 0.26(0.26)
2025-06-18 10:20:37,985   INFO  Train:   18/80 ( 22%) [ 823/928 ( 89%)]  Loss: 0.5054 (0.546)  LR: 1.899e-03  Time cost: 03:37/00:27 [1:12:46/4:13:22]  Acc_iter 16600       Data time: 0.01(0.01)  Forward time: 0.25(0.25)  Batch time: 0.26(0.26)
2025-06-18 10:20:51,072   INFO  Train:   18/80 ( 22%) [ 873/928 ( 94%)]  Loss: 0.5939 (0.546)  LR: 1.906e-03  Time cost: 03:50/00:14 [1:12:59/4:13:02]  Acc_iter 16650       Data time: 0.01(0.01)  Forward time: 0.25(0.25)  Batch time: 0.26(0.26)
2025-06-18 10:20:51,272   INFO  user                                   Wed Jun 18 10:20:51 2025  535.183.01
[0] NVIDIA GeForce RTX 4060 Laptop GPU | 64°C,  97 % |  6432 /  8188 MB | user(6414M) gdm(4M) user(4M)

2025-06-18 10:21:04,385   INFO  Train:   18/80 ( 22%) [ 923/928 ( 99%)]  Loss: 0.5394 (0.546)  LR: 1.913e-03  Time cost: 04:03/00:01 [1:13:12/4:12:57]  Acc_iter 16700       Data time: 0.01(0.01)  Forward time: 0.25(0.25)  Batch time: 0.26(0.26)
2025-06-18 10:21:05,423   INFO  Train:   18/80 ( 22%) [ 927/928 (100%)]  Loss: 0.5587 (0.546)  LR: 1.913e-03  Time cost: 04:04/00:00 [1:13:13/4:12:55]  Acc_iter 16704       Data time: 0.01(0.01)  Forward time: 0.25(0.25)  Batch time: 0.26(0.26)
2025-06-18 10:21:05,942   INFO  Train:   19/80 ( 24%) [   0/928 (  0%)]  Loss: 0.4046 (0.405)  LR: 1.913e-03  Time cost: 00:00/06:05 [1:13:14/6:17:25]  Acc_iter 16705       Data time: 0.13(0.13)  Forward time: 0.26(0.26)  Batch time: 0.38(0.38)
2025-06-18 10:21:17,710   INFO  Train:   19/80 ( 24%) [  45/928 (  5%)]  Loss: 0.5228 (0.545)  LR: 1.920e-03  Time cost: 00:12/03:53 [1:13:25/4:13:19]  Acc_iter 16750       Data time: 0.01(0.01)  Forward time: 0.25(0.25)  Batch time: 0.27(0.26)
2025-06-18 10:21:30,794   INFO  Train:   19/80 ( 24%) [  95/928 ( 10%)]  Loss: 0.6012 (0.545)  LR: 1.927e-03  Time cost: 00:25/03:39 [1:13:39/4:11:45]  Acc_iter 16800       Data time: 0.01(0.01)  Forward time: 0.25(0.25)  Batch time: 0.26(0.26)
2025-06-18 10:21:31,039   INFO  user                                   Wed Jun 18 10:21:31 2025  535.183.01
[0] NVIDIA GeForce RTX 4060 Laptop GPU | 64°C,  70 % |  6432 /  8188 MB | user(6414M) gdm(4M) user(4M)

2025-06-18 10:21:44,134   INFO  Train:   19/80 ( 24%) [ 145/928 ( 16%)]  Loss: 0.5769 (0.547)  LR: 1.934e-03  Time cost: 00:38/03:26 [1:13:52/4:12:47]  Acc_iter 16850       Data time: 0.01(0.01)  Forward time: 0.25(0.25)  Batch time: 0.26(0.26)
2025-06-18 10:21:57,224   INFO  Train:   19/80 ( 24%) [ 195/928 ( 21%)]  Loss: 0.5192 (0.547)  LR: 1.941e-03  Time cost: 00:51/03:13 [1:14:05/4:11:57]  Acc_iter 16900       Data time: 0.01(0.01)  Forward time: 0.25(0.25)  Batch time: 0.26(0.26)
2025-06-18 10:22:10,284   INFO  Train:   19/80 ( 24%) [ 245/928 ( 26%)]  Loss: 0.4516 (0.545)  LR: 1.948e-03  Time cost: 01:04/02:59 [1:14:18/4:11:16]  Acc_iter 16950       Data time: 0.01(0.01)  Forward time: 0.25(0.25)  Batch time: 0.26(0.26)
2025-06-18 10:22:10,492   INFO  user                                   Wed Jun 18 10:22:10 2025  535.183.01
[0] NVIDIA GeForce RTX 4060 Laptop GPU | 64°C,  97 % |  6432 /  8188 MB | user(6414M) gdm(4M) user(4M)

2025-06-18 10:22:23,616   INFO  Train:   19/80 ( 24%) [ 295/928 ( 32%)]  Loss: 0.5088 (0.544)  LR: 1.955e-03  Time cost: 01:18/02:46 [1:14:31/4:11:36]  Acc_iter 17000       Data time: 0.01(0.01)  Forward time: 0.25(0.25)  Batch time: 0.26(0.26)
2025-06-18 10:22:36,680   INFO  Train:   19/80 ( 24%) [ 345/928 ( 37%)]  Loss: 0.4869 (0.545)  LR: 1.962e-03  Time cost: 01:31/02:33 [1:14:44/4:11:03]  Acc_iter 17050       Data time: 0.01(0.01)  Forward time: 0.25(0.25)  Batch time: 0.26(0.26)
2025-06-18 10:22:49,803   INFO  Train:   19/80 ( 24%) [ 395/928 ( 43%)]  Loss: 0.5511 (0.546)  LR: 1.968e-03  Time cost: 01:44/02:20 [1:14:58/4:10:43]  Acc_iter 17100       Data time: 0.01(0.01)  Forward time: 0.25(0.25)  Batch time: 0.26(0.26)
2025-06-18 10:22:50,027   INFO  user                                   Wed Jun 18 10:22:50 2025  535.183.01
[0] NVIDIA GeForce RTX 4060 Laptop GPU | 64°C,  86 % |  6432 /  8188 MB | user(6414M) gdm(4M) user(4M)

2025-06-18 10:23:03,075   INFO  Train:   19/80 ( 24%) [ 445/928 ( 48%)]  Loss: 0.4899 (0.546)  LR: 1.975e-03  Time cost: 01:57/02:07 [1:15:11/4:10:44]  Acc_iter 17150       Data time: 0.01(0.01)  Forward time: 0.25(0.25)  Batch time: 0.26(0.26)
2025-06-18 10:23:16,168   INFO  Train:   19/80 ( 24%) [ 495/928 ( 53%)]  Loss: 0.5470 (0.545)  LR: 1.982e-03  Time cost: 02:10/01:54 [1:15:24/4:10:21]  Acc_iter 17200       Data time: 0.01(0.01)  Forward time: 0.25(0.25)  Batch time: 0.26(0.26)
2025-06-18 10:23:29,227   INFO  Train:   19/80 ( 24%) [ 545/928 ( 59%)]  Loss: 0.4737 (0.542)  LR: 1.989e-03  Time cost: 02:23/01:40 [1:15:37/4:09:57]  Acc_iter 17250       Data time: 0.01(0.01)  Forward time: 0.25(0.25)  Batch time: 0.26(0.26)
2025-06-18 10:23:29,472   INFO  user                                   Wed Jun 18 10:23:29 2025  535.183.01
[0] NVIDIA GeForce RTX 4060 Laptop GPU | 64°C,  97 % |  6432 /  8188 MB | user(6414M) gdm(4M) user(4M)

2025-06-18 10:23:42,583   INFO  Train:   19/80 ( 24%) [ 595/928 ( 64%)]  Loss: 0.4839 (0.540)  LR: 1.996e-03  Time cost: 02:37/01:27 [1:15:50/4:10:02]  Acc_iter 17300       Data time: 0.01(0.01)  Forward time: 0.25(0.25)  Batch time: 0.26(0.26)
2025-06-18 10:23:55,650   INFO  Train:   19/80 ( 24%) [ 645/928 ( 70%)]  Loss: 0.5104 (0.540)  LR: 2.003e-03  Time cost: 02:50/01:14 [1:16:03/4:09:40]  Acc_iter 17350       Data time: 0.01(0.01)  Forward time: 0.25(0.25)  Batch time: 0.26(0.26)
2025-06-18 10:24:08,716   INFO  Train:   19/80 ( 24%) [ 695/928 ( 75%)]  Loss: 0.4726 (0.540)  LR: 2.010e-03  Time cost: 03:03/01:01 [1:16:16/4:09:18]  Acc_iter 17400       Data time: 0.01(0.01)  Forward time: 0.25(0.25)  Batch time: 0.26(0.26)
2025-06-18 10:24:08,914   INFO  user                                   Wed Jun 18 10:24:08 2025  535.183.01
[0] NVIDIA GeForce RTX 4060 Laptop GPU | 64°C,  95 % |  6432 /  8188 MB | user(6414M) gdm(4M) user(4M)

2025-06-18 10:24:22,018   INFO  Train:   19/80 ( 24%) [ 745/928 ( 80%)]  Loss: 0.5873 (0.539)  LR: 2.017e-03  Time cost: 03:16/00:48 [1:16:30/4:09:16]  Acc_iter 17450       Data time: 0.01(0.01)  Forward time: 0.25(0.25)  Batch time: 0.26(0.26)
2025-06-18 10:24:35,080   INFO  Train:   19/80 ( 24%) [ 795/928 ( 86%)]  Loss: 0.6191 (0.539)  LR: 2.024e-03  Time cost: 03:29/00:35 [1:16:43/4:08:55]  Acc_iter 17500       Data time: 0.01(0.01)  Forward time: 0.25(0.25)  Batch time: 0.26(0.26)
2025-06-18 10:24:48,222   INFO  Train:   19/80 ( 24%) [ 845/928 ( 91%)]  Loss: 0.5749 (0.539)  LR: 2.031e-03  Time cost: 03:42/00:21 [1:16:56/4:08:41]  Acc_iter 17550       Data time: 0.01(0.01)  Forward time: 0.25(0.25)  Batch time: 0.26(0.26)
2025-06-18 10:24:48,417   INFO  user                                   Wed Jun 18 10:24:48 2025  535.183.01
[0] NVIDIA GeForce RTX 4060 Laptop GPU | 64°C,  94 % |  6432 /  8188 MB | user(6414M) gdm(4M) user(4M)

2025-06-18 10:25:01,509   INFO  Train:   19/80 ( 24%) [ 895/928 ( 96%)]  Loss: 0.6070 (0.538)  LR: 2.037e-03  Time cost: 03:55/00:08 [1:17:09/4:08:36]  Acc_iter 17600       Data time: 0.01(0.01)  Forward time: 0.25(0.25)  Batch time: 0.26(0.26)
2025-06-18 10:25:09,882   INFO  Train:   19/80 ( 24%) [ 927/928 (100%)]  Loss: 0.5733 (0.538)  LR: 2.042e-03  Time cost: 04:04/00:00 [1:17:18/4:08:24]  Acc_iter 17632       Data time: 0.01(0.01)  Forward time: 0.25(0.25)  Batch time: 0.26(0.26)
2025-06-18 10:25:10,433   INFO  Train:   20/80 ( 25%) [   0/928 (  0%)]  Loss: 0.5992 (0.599)  LR: 2.042e-03  Time cost: 00:00/06:33 [1:17:18/6:39:57]  Acc_iter 17633       Data time: 0.15(0.15)  Forward time: 0.26(0.26)  Batch time: 0.41(0.41)
2025-06-18 10:25:14,883   INFO  Train:   20/80 ( 25%) [  17/928 (  2%)]  Loss: 0.5688 (0.556)  LR: 2.044e-03  Time cost: 00:04/04:06 [1:17:23/4:15:22]  Acc_iter 17650       Data time: 0.01(0.02)  Forward time: 0.25(0.25)  Batch time: 0.26(0.27)
2025-06-18 10:25:27,975   INFO  Train:   20/80 ( 25%) [  67/928 (  7%)]  Loss: 0.5281 (0.549)  LR: 2.051e-03  Time cost: 00:17/03:47 [1:17:36/4:08:58]  Acc_iter 17700       Data time: 0.01(0.01)  Forward time: 0.25(0.25)  Batch time: 0.26(0.26)
2025-06-18 10:25:28,174   INFO  user                                   Wed Jun 18 10:25:28 2025  535.183.01
[0] NVIDIA GeForce RTX 4060 Laptop GPU | 64°C,  93 % |  6432 /  8188 MB | user(6414M) gdm(4M) user(4M)

2025-06-18 10:25:41,220   INFO  Train:   20/80 ( 25%) [ 117/928 ( 13%)]  Loss: 0.5251 (0.539)  LR: 2.058e-03  Time cost: 00:31/03:34 [1:17:49/4:09:02]  Acc_iter 17750       Data time: 0.01(0.02)  Forward time: 0.25(0.25)  Batch time: 0.26(0.26)
2025-06-18 10:25:54,261   INFO  Train:   20/80 ( 25%) [ 167/928 ( 18%)]  Loss: 0.5923 (0.541)  LR: 2.065e-03  Time cost: 00:44/03:20 [1:18:02/4:07:46]  Acc_iter 17800       Data time: 0.01(0.01)  Forward time: 0.25(0.25)  Batch time: 0.26(0.26)
2025-06-18 10:26:07,350   INFO  Train:   20/80 ( 25%) [ 217/928 ( 23%)]  Loss: 0.5281 (0.540)  LR: 2.071e-03  Time cost: 00:57/03:07 [1:18:15/4:07:12]  Acc_iter 17850       Data time: 0.01(0.01)  Forward time: 0.25(0.25)  Batch time: 0.26(0.26)
2025-06-18 10:26:07,596   INFO  user                                   Wed Jun 18 10:26:07 2025  535.183.01
[0] NVIDIA GeForce RTX 4060 Laptop GPU | 63°C,  88 % |  6432 /  8188 MB | user(6414M) gdm(4M) user(4M)

2025-06-18 10:26:20,690   INFO  Train:   20/80 ( 25%) [ 267/928 ( 29%)]  Loss: 0.4919 (0.538)  LR: 2.078e-03  Time cost: 01:10/02:54 [1:18:28/4:07:39]  Acc_iter 17900       Data time: 0.01(0.01)  Forward time: 0.25(0.25)  Batch time: 0.26(0.26)
2025-06-18 10:26:33,776   INFO  Train:   20/80 ( 25%) [ 317/928 ( 34%)]  Loss: 0.5805 (0.538)  LR: 2.085e-03  Time cost: 01:23/02:40 [1:18:42/4:07:08]  Acc_iter 17950       Data time: 0.01(0.01)  Forward time: 0.25(0.25)  Batch time: 0.26(0.26)
2025-06-18 10:26:46,805   INFO  Train:   20/80 ( 25%) [ 367/928 ( 40%)]  Loss: 0.4618 (0.537)  LR: 2.092e-03  Time cost: 01:36/02:27 [1:18:55/4:06:33]  Acc_iter 18000       Data time: 0.01(0.01)  Forward time: 0.25(0.25)  Batch time: 0.26(0.26)
2025-06-18 10:26:47,054   INFO  user                                   Wed Jun 18 10:26:47 2025  535.183.01
[0] NVIDIA GeForce RTX 4060 Laptop GPU | 63°C,  97 % |  6432 /  8188 MB | user(6414M) gdm(4M) user(4M)

2025-06-18 10:27:00,107   INFO  Train:   20/80 ( 25%) [ 417/928 ( 45%)]  Loss: 0.4842 (0.538)  LR: 2.098e-03  Time cost: 01:50/02:14 [1:19:08/4:06:40]  Acc_iter 18050       Data time: 0.01(0.01)  Forward time: 0.25(0.25)  Batch time: 0.26(0.26)
2025-06-18 10:27:13,200   INFO  Train:   20/80 ( 25%) [ 467/928 ( 50%)]  Loss: 0.5726 (0.537)  LR: 2.105e-03  Time cost: 02:03/02:01 [1:19:21/4:06:17]  Acc_iter 18100       Data time: 0.01(0.01)  Forward time: 0.25(0.25)  Batch time: 0.26(0.26)
2025-06-18 10:27:26,264   INFO  Train:   20/80 ( 25%) [ 517/928 ( 56%)]  Loss: 0.5995 (0.538)  LR: 2.112e-03  Time cost: 02:16/01:48 [1:19:34/4:05:54]  Acc_iter 18150       Data time: 0.01(0.01)  Forward time: 0.25(0.25)  Batch time: 0.26(0.26)
2025-06-18 10:27:26,472   INFO  user                                   Wed Jun 18 10:27:26 2025  535.183.01
[0] NVIDIA GeForce RTX 4060 Laptop GPU | 63°C,  58 % |  6432 /  8188 MB | user(6414M) gdm(4M) user(4M)

2025-06-18 10:27:39,543   INFO  Train:   20/80 ( 25%) [ 567/928 ( 61%)]  Loss: 0.5209 (0.536)  LR: 2.119e-03  Time cost: 02:29/01:35 [1:19:47/4:05:53]  Acc_iter 18200       Data time: 0.01(0.01)  Forward time: 0.25(0.25)  Batch time: 0.26(0.26)
2025-06-18 10:27:52,616   INFO  Train:   20/80 ( 25%) [ 617/928 ( 66%)]  Loss: 0.6384 (0.536)  LR: 2.125e-03  Time cost: 02:42/01:21 [1:20:00/4:05:32]  Acc_iter 18250       Data time: 0.01(0.01)  Forward time: 0.25(0.25)  Batch time: 0.26(0.26)
2025-06-18 10:28:05,702   INFO  Train:   20/80 ( 25%) [ 667/928 ( 72%)]  Loss: 0.5175 (0.536)  LR: 2.132e-03  Time cost: 02:55/01:08 [1:20:13/4:05:13]  Acc_iter 18300       Data time: 0.01(0.01)  Forward time: 0.25(0.25)  Batch time: 0.26(0.26)
2025-06-18 10:28:05,916   INFO  user                                   Wed Jun 18 10:28:05 2025  535.183.01
[0] NVIDIA GeForce RTX 4060 Laptop GPU | 64°C,  83 % |  6432 /  8188 MB | user(6414M) gdm(4M) user(4M)

2025-06-18 10:28:18,967   INFO  Train:   20/80 ( 25%) [ 717/928 ( 77%)]  Loss: 0.5752 (0.536)  LR: 2.139e-03  Time cost: 03:08/00:55 [1:20:27/4:05:08]  Acc_iter 18350       Data time: 0.01(0.01)  Forward time: 0.25(0.25)  Batch time: 0.26(0.26)
2025-06-18 10:28:32,014   INFO  Train:   20/80 ( 25%) [ 767/928 ( 83%)]  Loss: 0.5394 (0.535)  LR: 2.145e-03  Time cost: 03:22/00:42 [1:20:40/4:04:47]  Acc_iter 18400       Data time: 0.01(0.01)  Forward time: 0.25(0.25)  Batch time: 0.26(0.26)
2025-06-18 10:28:45,070   INFO  Train:   20/80 ( 25%) [ 817/928 ( 88%)]  Loss: 0.4455 (0.535)  LR: 2.152e-03  Time cost: 03:35/00:29 [1:20:53/4:04:28]  Acc_iter 18450       Data time: 0.01(0.01)  Forward time: 0.25(0.25)  Batch time: 0.26(0.26)
2025-06-18 10:28:45,279   INFO  user                                   Wed Jun 18 10:28:45 2025  535.183.01
[0] NVIDIA GeForce RTX 4060 Laptop GPU | 64°C,  72 % |  6432 /  8188 MB | user(6414M) gdm(4M) user(4M)

2025-06-18 10:28:58,378   INFO  Train:   20/80 ( 25%) [ 867/928 ( 93%)]  Loss: 0.5549 (0.535)  LR: 2.159e-03  Time cost: 03:48/00:16 [1:21:06/4:04:25]  Acc_iter 18500       Data time: 0.01(0.01)  Forward time: 0.25(0.25)  Batch time: 0.26(0.26)
2025-06-18 10:29:11,506   INFO  Train:   20/80 ( 25%) [ 917/928 ( 99%)]  Loss: 0.4478 (0.534)  LR: 2.165e-03  Time cost: 04:01/00:02 [1:21:19/4:04:10]  Acc_iter 18550       Data time: 0.01(0.01)  Forward time: 0.25(0.25)  Batch time: 0.26(0.26)
2025-06-18 10:29:14,113   INFO  Train:   20/80 ( 25%) [ 927/928 (100%)]  Loss: 0.5348 (0.534)  LR: 2.166e-03  Time cost: 04:04/00:00 [1:21:22/4:04:06]  Acc_iter 18560       Data time: 0.01(0.01)  Forward time: 0.25(0.25)  Batch time: 0.26(0.26)
2025-06-18 10:29:14,639   INFO  Train:   21/80 ( 26%) [   0/928 (  0%)]  Loss: 0.4621 (0.462)  LR: 2.167e-03  Time cost: 00:00/06:16 [1:21:22/6:16:37]  Acc_iter 18561       Data time: 0.12(0.12)  Forward time: 0.27(0.27)  Batch time: 0.40(0.40)
2025-06-18 10:29:24,835   INFO  Train:   21/80 ( 26%) [  39/928 (  4%)]  Loss: 0.5908 (0.522)  LR: 2.172e-03  Time cost: 00:10/03:55 [1:21:33/4:05:48]  Acc_iter 18600       Data time: 0.01(0.02)  Forward time: 0.25(0.25)  Batch time: 0.26(0.26)
2025-06-18 10:29:25,048   INFO  user                                   Wed Jun 18 10:29:25 2025  535.183.01
[0] NVIDIA GeForce RTX 4060 Laptop GPU | 64°C,  61 % |  6432 /  8188 MB | user(6414M) gdm(4M) user(4M)

2025-06-18 10:29:38,084   INFO  Train:   21/80 ( 26%) [  89/928 ( 10%)]  Loss: 0.4907 (0.520)  LR: 2.178e-03  Time cost: 00:23/03:42 [1:21:46/4:05:32]  Acc_iter 18650       Data time: 0.01(0.02)  Forward time: 0.25(0.25)  Batch time: 0.26(0.26)
2025-06-18 10:29:51,151   INFO  Train:   21/80 ( 26%) [ 139/928 ( 15%)]  Loss: 0.4900 (0.524)  LR: 2.185e-03  Time cost: 00:36/03:28 [1:21:59/4:04:06]  Acc_iter 18700       Data time: 0.02(0.01)  Forward time: 0.25(0.25)  Batch time: 0.26(0.26)
2025-06-18 10:30:04,230   INFO  Train:   21/80 ( 26%) [ 189/928 ( 20%)]  Loss: 0.6544 (0.523)  LR: 2.191e-03  Time cost: 00:49/03:14 [1:22:12/4:03:22]  Acc_iter 18750       Data time: 0.01(0.01)  Forward time: 0.25(0.25)  Batch time: 0.26(0.26)
2025-06-18 10:30:04,475   INFO  user                                   Wed Jun 18 10:30:04 2025  535.183.01
[0] NVIDIA GeForce RTX 4060 Laptop GPU | 64°C,  64 % |  6432 /  8188 MB | user(6414M) gdm(4M) user(4M)

2025-06-18 10:30:17,556   INFO  Train:   21/80 ( 26%) [ 239/928 ( 26%)]  Loss: 0.5318 (0.524)  LR: 2.198e-03  Time cost: 01:03/03:01 [1:22:25/4:03:47]  Acc_iter 18800       Data time: 0.01(0.01)  Forward time: 0.25(0.25)  Batch time: 0.26(0.26)
2025-06-18 10:30:30,627   INFO  Train:   21/80 ( 26%) [ 289/928 ( 31%)]  Loss: 0.5822 (0.523)  LR: 2.205e-03  Time cost: 01:16/02:48 [1:22:38/4:03:11]  Acc_iter 18850       Data time: 0.01(0.01)  Forward time: 0.25(0.25)  Batch time: 0.26(0.26)
2025-06-18 10:30:43,679   INFO  Train:   21/80 ( 26%) [ 339/928 ( 37%)]  Loss: 0.5368 (0.525)  LR: 2.211e-03  Time cost: 01:29/02:34 [1:22:51/4:02:38]  Acc_iter 18900       Data time: 0.01(0.01)  Forward time: 0.25(0.25)  Batch time: 0.26(0.26)
2025-06-18 10:30:43,956   INFO  user                                   Wed Jun 18 10:30:43 2025  535.183.01
[0] NVIDIA GeForce RTX 4060 Laptop GPU | 63°C,  91 % |  6432 /  8188 MB | user(6414M) gdm(4M) user(4M)

2025-06-18 10:30:57,094   INFO  Train:   21/80 ( 26%) [ 389/928 ( 42%)]  Loss: 0.5352 (0.525)  LR: 2.217e-03  Time cost: 01:42/02:22 [1:23:05/4:03:02]  Acc_iter 18950       Data time: 0.01(0.01)  Forward time: 0.25(0.25)  Batch time: 0.26(0.26)
2025-06-18 10:31:10,154   INFO  Train:   21/80 ( 26%) [ 439/928 ( 47%)]  Loss: 0.4359 (0.523)  LR: 2.224e-03  Time cost: 01:55/02:08 [1:23:18/4:02:33]  Acc_iter 19000       Data time: 0.01(0.01)  Forward time: 0.25(0.25)  Batch time: 0.26(0.26)
2025-06-18 10:31:23,196   INFO  Train:   21/80 ( 26%) [ 489/928 ( 53%)]  Loss: 0.4319 (0.525)  LR: 2.230e-03  Time cost: 02:08/01:55 [1:23:31/4:02:05]  Acc_iter 19050       Data time: 0.01(0.01)  Forward time: 0.25(0.25)  Batch time: 0.26(0.26)
2025-06-18 10:31:23,405   INFO  user                                   Wed Jun 18 10:31:23 2025  535.183.01
[0] NVIDIA GeForce RTX 4060 Laptop GPU | 63°C,  60 % |  6432 /  8188 MB | user(6414M) gdm(4M) user(4M)

2025-06-18 10:31:36,488   INFO  Train:   21/80 ( 26%) [ 539/928 ( 58%)]  Loss: 0.4918 (0.525)  LR: 2.237e-03  Time cost: 02:22/01:42 [1:23:44/4:02:06]  Acc_iter 19100       Data time: 0.01(0.01)  Forward time: 0.25(0.25)  Batch time: 0.26(0.26)
2025-06-18 10:31:49,535   INFO  Train:   21/80 ( 26%) [ 589/928 ( 63%)]  Loss: 0.5273 (0.526)  LR: 2.243e-03  Time cost: 02:35/01:29 [1:23:57/4:01:41]  Acc_iter 19150       Data time: 0.01(0.01)  Forward time: 0.25(0.25)  Batch time: 0.26(0.26)
2025-06-18 10:32:02,608   INFO  Train:   21/80 ( 26%) [ 639/928 ( 69%)]  Loss: 0.4351 (0.527)  LR: 2.250e-03  Time cost: 02:48/01:16 [1:24:10/4:01:20]  Acc_iter 19200       Data time: 0.01(0.01)  Forward time: 0.25(0.25)  Batch time: 0.26(0.26)
2025-06-18 10:32:02,802   INFO  user                                   Wed Jun 18 10:32:02 2025  535.183.01
[0] NVIDIA GeForce RTX 4060 Laptop GPU | 63°C,  72 % |  6432 /  8188 MB | user(6414M) gdm(4M) user(4M)

2025-06-18 10:32:15,875   INFO  Train:   21/80 ( 26%) [ 689/928 ( 74%)]  Loss: 0.4239 (0.526)  LR: 2.256e-03  Time cost: 03:01/01:02 [1:24:24/4:01:16]  Acc_iter 19250       Data time: 0.01(0.01)  Forward time: 0.25(0.25)  Batch time: 0.26(0.26)
2025-06-18 10:32:28,914   INFO  Train:   21/80 ( 26%) [ 739/928 ( 80%)]  Loss: 0.5325 (0.525)  LR: 2.262e-03  Time cost: 03:14/00:49 [1:24:37/4:00:54]  Acc_iter 19300       Data time: 0.01(0.01)  Forward time: 0.25(0.25)  Batch time: 0.26(0.26)
2025-06-18 10:32:41,982   INFO  Train:   21/80 ( 26%) [ 789/928 ( 85%)]  Loss: 0.5340 (0.526)  LR: 2.269e-03  Time cost: 03:27/00:36 [1:24:50/4:00:34]  Acc_iter 19350       Data time: 0.01(0.01)  Forward time: 0.25(0.25)  Batch time: 0.26(0.26)
2025-06-18 10:32:42,211   INFO  user                                   Wed Jun 18 10:32:42 2025  535.183.01
[0] NVIDIA GeForce RTX 4060 Laptop GPU | 63°C,  65 % |  6432 /  8188 MB | user(6414M) gdm(4M) user(4M)

2025-06-18 10:32:55,306   INFO  Train:   21/80 ( 26%) [ 839/928 ( 90%)]  Loss: 0.5352 (0.524)  LR: 2.275e-03  Time cost: 03:41/00:23 [1:25:03/4:00:33]  Acc_iter 19400       Data time: 0.01(0.01)  Forward time: 0.25(0.25)  Batch time: 0.26(0.26)
2025-06-18 10:33:08,360   INFO  Train:   21/80 ( 26%) [ 889/928 ( 96%)]  Loss: 0.5218 (0.524)  LR: 2.281e-03  Time cost: 03:54/00:10 [1:25:16/4:00:13]  Acc_iter 19450       Data time: 0.01(0.01)  Forward time: 0.25(0.25)  Batch time: 0.26(0.26)
2025-06-18 10:33:18,304   INFO  Train:   21/80 ( 26%) [ 927/928 (100%)]  Loss: 0.5110 (0.523)  LR: 2.286e-03  Time cost: 04:04/00:00 [1:25:26/4:00:00]  Acc_iter 19488       Data time: 0.01(0.01)  Forward time: 0.25(0.25)  Batch time: 0.26(0.26)
2025-06-18 10:33:18,866   INFO  Train:   22/80 ( 28%) [   0/928 (  0%)]  Loss: 0.4904 (0.490)  LR: 2.286e-03  Time cost: 00:00/06:41 [1:25:27/6:34:33]  Acc_iter 19489       Data time: 0.15(0.15)  Forward time: 0.27(0.27)  Batch time: 0.42(0.42)
2025-06-18 10:33:21,737   INFO  Train:   22/80 ( 28%) [  11/928 (  1%)]  Loss: 0.4941 (0.500)  LR: 2.288e-03  Time cost: 00:03/04:12 [1:25:29/4:11:06]  Acc_iter 19500       Data time: 0.01(0.02)  Forward time: 0.25(0.25)  Batch time: 0.26(0.27)
2025-06-18 10:33:21,981   INFO  user                                   Wed Jun 18 10:33:21 2025  535.183.01
[0] NVIDIA GeForce RTX 4060 Laptop GPU | 63°C,  49 % |  6432 /  8188 MB | user(6414M) gdm(4M) user(4M)

2025-06-18 10:33:35,060   INFO  Train:   22/80 ( 28%) [  61/928 (  7%)]  Loss: 0.4146 (0.505)  LR: 2.294e-03  Time cost: 00:16/03:52 [1:25:43/4:04:26]  Acc_iter 19550       Data time: 0.01(0.02)  Forward time: 0.25(0.25)  Batch time: 0.26(0.27)
2025-06-18 10:33:48,112   INFO  Train:   22/80 ( 28%) [ 111/928 ( 12%)]  Loss: 0.5026 (0.513)  LR: 2.300e-03  Time cost: 00:29/03:36 [1:25:56/4:01:18]  Acc_iter 19600       Data time: 0.01(0.02)  Forward time: 0.25(0.25)  Batch time: 0.26(0.26)
2025-06-18 10:34:01,150   INFO  Train:   22/80 ( 28%) [ 161/928 ( 17%)]  Loss: 0.5434 (0.518)  LR: 2.307e-03  Time cost: 00:42/03:22 [1:26:09/3:59:54]  Acc_iter 19650       Data time: 0.01(0.01)  Forward time: 0.25(0.25)  Batch time: 0.26(0.26)
2025-06-18 10:34:01,386   INFO  user                                   Wed Jun 18 10:34:01 2025  535.183.01
[0] NVIDIA GeForce RTX 4060 Laptop GPU | 63°C,  62 % |  6432 /  8188 MB | user(6414M) gdm(4M) user(4M)

2025-06-18 10:34:14,461   INFO  Train:   22/80 ( 28%) [ 211/928 ( 23%)]  Loss: 0.5170 (0.521)  LR: 2.313e-03  Time cost: 00:56/03:09 [1:26:22/4:00:13]  Acc_iter 19700       Data time: 0.01(0.02)  Forward time: 0.25(0.25)  Batch time: 0.26(0.26)
2025-06-18 10:34:27,560   INFO  Train:   22/80 ( 28%) [ 261/928 ( 28%)]  Loss: 0.5522 (0.521)  LR: 2.319e-03  Time cost: 01:09/02:55 [1:26:35/3:59:36]  Acc_iter 19750       Data time: 0.01(0.01)  Forward time: 0.25(0.25)  Batch time: 0.26(0.26)
2025-06-18 10:34:40,639   INFO  Train:   22/80 ( 28%) [ 311/928 ( 34%)]  Loss: 0.4888 (0.521)  LR: 2.325e-03  Time cost: 01:22/02:42 [1:26:48/3:59:03]  Acc_iter 19800       Data time: 0.01(0.01)  Forward time: 0.25(0.25)  Batch time: 0.26(0.26)
2025-06-18 10:34:40,835   INFO  user                                   Wed Jun 18 10:34:40 2025  535.183.01
[0] NVIDIA GeForce RTX 4060 Laptop GPU | 63°C,  97 % |  6432 /  8188 MB | user(6414M) gdm(4M) user(4M)

2025-06-18 10:34:53,919   INFO  Train:   22/80 ( 28%) [ 361/928 ( 39%)]  Loss: 0.5062 (0.522)  LR: 2.331e-03  Time cost: 01:35/02:29 [1:27:02/3:59:06]  Acc_iter 19850       Data time: 0.01(0.01)  Forward time: 0.25(0.25)  Batch time: 0.26(0.26)
2025-06-18 10:35:06,990   INFO  Train:   22/80 ( 28%) [ 411/928 ( 44%)]  Loss: 0.4978 (0.523)  LR: 2.338e-03  Time cost: 01:48/02:16 [1:27:15/3:58:38]  Acc_iter 19900       Data time: 0.02(0.01)  Forward time: 0.25(0.25)  Batch time: 0.27(0.26)
2025-06-18 10:35:20,045   INFO  Train:   22/80 ( 28%) [ 461/928 ( 50%)]  Loss: 0.5921 (0.523)  LR: 2.344e-03  Time cost: 02:01/02:02 [1:27:28/3:58:10]  Acc_iter 19950       Data time: 0.01(0.01)  Forward time: 0.25(0.25)  Batch time: 0.26(0.26)
2025-06-18 10:35:20,275   INFO  user                                   Wed Jun 18 10:35:20 2025  535.183.01
[0] NVIDIA GeForce RTX 4060 Laptop GPU | 64°C,  97 % |  6432 /  8188 MB | user(6414M) gdm(4M) user(4M)

2025-06-18 10:35:33,330   INFO  Train:   22/80 ( 28%) [ 511/928 ( 55%)]  Loss: 0.5666 (0.522)  LR: 2.350e-03  Time cost: 02:14/01:49 [1:27:41/3:58:10]  Acc_iter 20000       Data time: 0.01(0.01)  Forward time: 0.25(0.25)  Batch time: 0.26(0.26)
2025-06-18 10:35:46,383   INFO  Train:   22/80 ( 28%) [ 561/928 ( 60%)]  Loss: 0.4951 (0.523)  LR: 2.356e-03  Time cost: 02:27/01:36 [1:27:54/3:57:46]  Acc_iter 20050       Data time: 0.01(0.01)  Forward time: 0.25(0.25)  Batch time: 0.26(0.26)
2025-06-18 10:35:59,455   INFO  Train:   22/80 ( 28%) [ 611/928 ( 66%)]  Loss: 0.4858 (0.523)  LR: 2.362e-03  Time cost: 02:41/01:23 [1:28:07/3:57:24]  Acc_iter 20100       Data time: 0.01(0.01)  Forward time: 0.25(0.25)  Batch time: 0.26(0.26)
2025-06-18 10:35:59,685   INFO  user                                   Wed Jun 18 10:35:59 2025  535.183.01
[0] NVIDIA GeForce RTX 4060 Laptop GPU | 63°C,  95 % |  6432 /  8188 MB | user(6414M) gdm(4M) user(4M)

2025-06-18 10:36:12,766   INFO  Train:   22/80 ( 28%) [ 661/928 ( 71%)]  Loss: 0.5299 (0.524)  LR: 2.368e-03  Time cost: 02:54/01:10 [1:28:20/3:57:24]  Acc_iter 20150       Data time: 0.01(0.01)  Forward time: 0.25(0.25)  Batch time: 0.26(0.26)
2025-06-18 10:36:25,865   INFO  Train:   22/80 ( 28%) [ 711/928 ( 77%)]  Loss: 0.5785 (0.524)  LR: 2.374e-03  Time cost: 03:07/00:57 [1:28:34/3:57:06]  Acc_iter 20200       Data time: 0.01(0.01)  Forward time: 0.25(0.25)  Batch time: 0.26(0.26)
2025-06-18 10:36:38,938   INFO  Train:   22/80 ( 28%) [ 761/928 ( 82%)]  Loss: 0.4835 (0.524)  LR: 2.380e-03  Time cost: 03:20/00:43 [1:28:47/3:56:46]  Acc_iter 20250       Data time: 0.01(0.01)  Forward time: 0.25(0.25)  Batch time: 0.26(0.26)
2025-06-18 10:36:39,171   INFO  user                                   Wed Jun 18 10:36:39 2025  535.183.01
[0] NVIDIA GeForce RTX 4060 Laptop GPU | 63°C,  82 % |  6432 /  8188 MB | user(6414M) gdm(4M) user(4M)

2025-06-18 10:36:52,221   INFO  Train:   22/80 ( 28%) [ 811/928 ( 87%)]  Loss: 0.5819 (0.523)  LR: 2.386e-03  Time cost: 03:33/00:30 [1:29:00/3:56:41]  Acc_iter 20300       Data time: 0.01(0.01)  Forward time: 0.25(0.25)  Batch time: 0.26(0.26)
2025-06-18 10:37:05,314   INFO  Train:   22/80 ( 28%) [ 861/928 ( 93%)]  Loss: 0.5304 (0.523)  LR: 2.392e-03  Time cost: 03:46/00:17 [1:29:13/3:56:24]  Acc_iter 20350       Data time: 0.01(0.01)  Forward time: 0.25(0.25)  Batch time: 0.26(0.26)
2025-06-18 10:37:18,404   INFO  Train:   22/80 ( 28%) [ 911/928 ( 98%)]  Loss: 0.5085 (0.522)  LR: 2.398e-03  Time cost: 03:59/00:04 [1:29:26/3:56:06]  Acc_iter 20400       Data time: 0.01(0.01)  Forward time: 0.25(0.25)  Batch time: 0.26(0.26)
2025-06-18 10:37:18,607   INFO  user                                   Wed Jun 18 10:37:18 2025  535.183.01
[0] NVIDIA GeForce RTX 4060 Laptop GPU | 63°C,  97 % |  6432 /  8188 MB | user(6414M) gdm(4M) user(4M)

2025-06-18 10:37:22,777   INFO  Train:   22/80 ( 28%) [ 927/928 (100%)]  Loss: 0.6612 (0.522)  LR: 2.400e-03  Time cost: 04:04/00:00 [1:29:31/3:56:12]  Acc_iter 20416       Data time: 0.01(0.01)  Forward time: 0.25(0.25)  Batch time: 0.26(0.26)
2025-06-18 10:37:23,303   INFO  Train:   23/80 ( 29%) [   0/928 (  0%)]  Loss: 0.5485 (0.548)  LR: 2.400e-03  Time cost: 00:00/06:01 [1:29:31/5:49:54]  Acc_iter 20417       Data time: 0.11(0.11)  Forward time: 0.27(0.27)  Batch time: 0.38(0.38)
2025-06-18 10:37:31,912   INFO  Train:   23/80 ( 29%) [  33/928 (  4%)]  Loss: 0.4945 (0.535)  LR: 2.404e-03  Time cost: 00:08/03:56 [1:29:40/3:57:17]  Acc_iter 20450       Data time: 0.01(0.01)  Forward time: 0.25(0.25)  Batch time: 0.26(0.26)
2025-06-18 10:37:44,962   INFO  Train:   23/80 ( 29%) [  83/928 (  9%)]  Loss: 0.5570 (0.530)  LR: 2.410e-03  Time cost: 00:22/03:41 [1:29:53/3:55:06]  Acc_iter 20500       Data time: 0.01(0.01)  Forward time: 0.25(0.25)  Batch time: 0.26(0.26)
2025-06-18 10:37:58,036   INFO  Train:   23/80 ( 29%) [ 133/928 ( 14%)]  Loss: 0.4684 (0.522)  LR: 2.416e-03  Time cost: 00:35/03:28 [1:30:06/3:54:33]  Acc_iter 20550       Data time: 0.01(0.01)  Forward time: 0.25(0.25)  Batch time: 0.26(0.26)
2025-06-18 10:37:58,228   INFO  user                                   Wed Jun 18 10:37:58 2025  535.183.01
[0] NVIDIA GeForce RTX 4060 Laptop GPU | 63°C,  96 % |  6432 /  8188 MB | user(6414M) gdm(4M) user(4M)

2025-06-18 10:38:11,297   INFO  Train:   23/80 ( 29%) [ 183/928 ( 20%)]  Loss: 0.4827 (0.523)  LR: 2.422e-03  Time cost: 00:48/03:15 [1:30:19/3:55:05]  Acc_iter 20600       Data time: 0.01(0.01)  Forward time: 0.25(0.25)  Batch time: 0.26(0.26)
2025-06-18 10:38:24,337   INFO  Train:   23/80 ( 29%) [ 233/928 ( 25%)]  Loss: 0.4030 (0.519)  LR: 2.427e-03  Time cost: 01:01/03:02 [1:30:32/3:54:27]  Acc_iter 20650       Data time: 0.01(0.01)  Forward time: 0.25(0.25)  Batch time: 0.26(0.26)
2025-06-18 10:38:37,395   INFO  Train:   23/80 ( 29%) [ 283/928 ( 30%)]  Loss: 0.4178 (0.517)  LR: 2.433e-03  Time cost: 01:14/02:49 [1:30:45/3:54:01]  Acc_iter 20700       Data time: 0.01(0.01)  Forward time: 0.25(0.25)  Batch time: 0.26(0.26)
2025-06-18 10:38:37,600   INFO  user                                   Wed Jun 18 10:38:37 2025  535.183.01
[0] NVIDIA GeForce RTX 4060 Laptop GPU | 63°C,  96 % |  6432 /  8188 MB | user(6414M) gdm(4M) user(4M)

2025-06-18 10:38:50,712   INFO  Train:   23/80 ( 29%) [ 333/928 ( 36%)]  Loss: 0.5214 (0.519)  LR: 2.439e-03  Time cost: 01:27/02:36 [1:30:58/3:54:21]  Acc_iter 20750       Data time: 0.01(0.01)  Forward time: 0.26(0.25)  Batch time: 0.27(0.26)
2025-06-18 10:39:03,762   INFO  Train:   23/80 ( 29%) [ 383/928 ( 41%)]  Loss: 0.4818 (0.520)  LR: 2.445e-03  Time cost: 01:40/02:23 [1:31:11/3:53:55]  Acc_iter 20800       Data time: 0.01(0.01)  Forward time: 0.25(0.25)  Batch time: 0.26(0.26)
2025-06-18 10:39:16,827   INFO  Train:   23/80 ( 29%) [ 433/928 ( 47%)]  Loss: 0.5095 (0.517)  LR: 2.451e-03  Time cost: 01:53/02:09 [1:31:25/3:53:33]  Acc_iter 20850       Data time: 0.01(0.01)  Forward time: 0.25(0.25)  Batch time: 0.26(0.26)
2025-06-18 10:39:17,029   INFO  user                                   Wed Jun 18 10:39:17 2025  535.183.01
[0] NVIDIA GeForce RTX 4060 Laptop GPU | 63°C,  95 % |  6432 /  8188 MB | user(6414M) gdm(4M) user(4M)

2025-06-18 10:39:30,133   INFO  Train:   23/80 ( 29%) [ 483/928 ( 52%)]  Loss: 0.5665 (0.517)  LR: 2.456e-03  Time cost: 02:07/01:56 [1:31:38/3:53:40]  Acc_iter 20900       Data time: 0.01(0.01)  Forward time: 0.25(0.25)  Batch time: 0.26(0.26)
2025-06-18 10:39:43,150   INFO  Train:   23/80 ( 29%) [ 533/928 ( 57%)]  Loss: 0.4744 (0.518)  LR: 2.462e-03  Time cost: 02:20/01:43 [1:31:51/3:53:15]  Acc_iter 20950       Data time: 0.01(0.01)  Forward time: 0.25(0.25)  Batch time: 0.26(0.26)
2025-06-18 10:39:56,213   INFO  Train:   23/80 ( 29%) [ 583/928 ( 63%)]  Loss: 0.5869 (0.519)  LR: 2.468e-03  Time cost: 02:33/01:30 [1:32:04/3:52:55]  Acc_iter 21000       Data time: 0.01(0.01)  Forward time: 0.25(0.25)  Batch time: 0.26(0.26)
2025-06-18 10:39:56,412   INFO  user                                   Wed Jun 18 10:39:56 2025  535.183.01
[0] NVIDIA GeForce RTX 4060 Laptop GPU | 63°C,  95 % |  6432 /  8188 MB | user(6414M) gdm(4M) user(4M)

2025-06-18 10:40:09,484   INFO  Train:   23/80 ( 29%) [ 633/928 ( 68%)]  Loss: 0.5356 (0.520)  LR: 2.473e-03  Time cost: 02:46/01:17 [1:32:17/3:52:54]  Acc_iter 21050       Data time: 0.01(0.01)  Forward time: 0.25(0.25)  Batch time: 0.26(0.26)
2025-06-18 10:40:22,529   INFO  Train:   23/80 ( 29%) [ 683/928 ( 74%)]  Loss: 0.4151 (0.519)  LR: 2.479e-03  Time cost: 02:59/01:04 [1:32:30/3:52:34]  Acc_iter 21100       Data time: 0.01(0.01)  Forward time: 0.25(0.25)  Batch time: 0.26(0.26)
2025-06-18 10:40:35,590   INFO  Train:   23/80 ( 29%) [ 733/928 ( 79%)]  Loss: 0.6968 (0.519)  LR: 2.485e-03  Time cost: 03:12/00:51 [1:32:43/3:52:16]  Acc_iter 21150       Data time: 0.01(0.01)  Forward time: 0.25(0.25)  Batch time: 0.26(0.26)
2025-06-18 10:40:35,809   INFO  user                                   Wed Jun 18 10:40:35 2025  535.183.01
[0] NVIDIA GeForce RTX 4060 Laptop GPU | 63°C,  95 % |  6432 /  8188 MB | user(6414M) gdm(4M) user(4M)

2025-06-18 10:40:48,927   INFO  Train:   23/80 ( 29%) [ 783/928 ( 84%)]  Loss: 0.5020 (0.518)  LR: 2.490e-03  Time cost: 03:26/00:38 [1:32:57/3:52:17]  Acc_iter 21200       Data time: 0.01(0.01)  Forward time: 0.25(0.25)  Batch time: 0.26(0.26)
2025-06-18 10:41:01,997   INFO  Train:   23/80 ( 29%) [ 833/928 ( 90%)]  Loss: 0.5480 (0.518)  LR: 2.496e-03  Time cost: 03:39/00:24 [1:33:10/3:52:00]  Acc_iter 21250       Data time: 0.01(0.01)  Forward time: 0.25(0.25)  Batch time: 0.26(0.26)
2025-06-18 10:41:15,079   INFO  Train:   23/80 ( 29%) [ 883/928 ( 95%)]  Loss: 0.6480 (0.518)  LR: 2.501e-03  Time cost: 03:52/00:11 [1:33:23/3:51:44]  Acc_iter 21300       Data time: 0.01(0.01)  Forward time: 0.25(0.25)  Batch time: 0.26(0.26)
2025-06-18 10:41:15,279   INFO  user                                   Wed Jun 18 10:41:15 2025  535.183.01
[0] NVIDIA GeForce RTX 4060 Laptop GPU | 63°C,  93 % |  6432 /  8188 MB | user(6414M) gdm(4M) user(4M)

2025-06-18 10:41:26,798   INFO  Train:   23/80 ( 29%) [ 927/928 (100%)]  Loss: 0.4665 (0.518)  LR: 2.506e-03  Time cost: 04:03/00:00 [1:33:35/3:51:41]  Acc_iter 21344       Data time: 0.01(0.01)  Forward time: 0.25(0.25)  Batch time: 0.26(0.26)
2025-06-18 10:41:27,367   INFO  Train:   24/80 ( 30%) [   0/928 (  0%)]  Loss: 0.5448 (0.545)  LR: 2.506e-03  Time cost: 00:00/06:21 [1:33:35/6:02:45]  Acc_iter 21345       Data time: 0.14(0.14)  Forward time: 0.26(0.26)  Batch time: 0.40(0.40)
2025-06-18 10:41:28,675   INFO  Train:   24/80 ( 30%) [   5/928 (  1%)]  Loss: 0.5750 (0.540)  LR: 2.507e-03  Time cost: 00:01/04:24 [1:33:36/4:12:34]  Acc_iter 21350       Data time: 0.01(0.03)  Forward time: 0.25(0.25)  Batch time: 0.26(0.28)
2025-06-18 10:41:41,732   INFO  Train:   24/80 ( 30%) [  55/928 (  6%)]  Loss: 0.5485 (0.507)  LR: 2.512e-03  Time cost: 00:14/03:50 [1:33:49/3:52:22]  Acc_iter 21400       Data time: 0.01(0.01)  Forward time: 0.25(0.25)  Batch time: 0.26(0.26)
2025-06-18 10:41:54,790   INFO  Train:   24/80 ( 30%) [ 105/928 ( 11%)]  Loss: 0.4382 (0.509)  LR: 2.518e-03  Time cost: 00:27/03:36 [1:34:03/3:51:02]  Acc_iter 21450       Data time: 0.01(0.01)  Forward time: 0.25(0.25)  Batch time: 0.26(0.26)
2025-06-18 10:41:55,017   INFO  user                                   Wed Jun 18 10:41:55 2025  535.183.01
[0] NVIDIA GeForce RTX 4060 Laptop GPU | 63°C,  58 % |  6432 /  8188 MB | user(6414M) gdm(4M) user(4M)

2025-06-18 10:42:08,090   INFO  Train:   24/80 ( 30%) [ 155/928 ( 17%)]  Loss: 0.5126 (0.514)  LR: 2.523e-03  Time cost: 00:41/03:23 [1:34:16/3:51:46]  Acc_iter 21500       Data time: 0.01(0.01)  Forward time: 0.25(0.25)  Batch time: 0.26(0.26)
2025-06-18 10:42:21,137   INFO  Train:   24/80 ( 30%) [ 205/928 ( 22%)]  Loss: 0.4865 (0.519)  LR: 2.529e-03  Time cost: 00:54/03:10 [1:34:29/3:50:58]  Acc_iter 21550       Data time: 0.02(0.01)  Forward time: 0.25(0.25)  Batch time: 0.27(0.26)
2025-06-18 10:42:34,161   INFO  Train:   24/80 ( 30%) [ 255/928 ( 27%)]  Loss: 0.6407 (0.518)  LR: 2.534e-03  Time cost: 01:07/02:56 [1:34:42/3:50:19]  Acc_iter 21600       Data time: 0.01(0.01)  Forward time: 0.25(0.25)  Batch time: 0.26(0.26)
2025-06-18 10:42:34,384   INFO  user                                   Wed Jun 18 10:42:34 2025  535.183.01
[0] NVIDIA GeForce RTX 4060 Laptop GPU | 63°C,  50 % |  6432 /  8188 MB | user(6414M) gdm(4M) user(4M)

2025-06-18 10:42:47,440   INFO  Train:   24/80 ( 30%) [ 305/928 ( 33%)]  Loss: 0.5041 (0.517)  LR: 2.540e-03  Time cost: 01:20/02:43 [1:34:55/3:50:32]  Acc_iter 21650       Data time: 0.01(0.01)  Forward time: 0.25(0.25)  Batch time: 0.26(0.26)
2025-06-18 10:43:00,530   INFO  Train:   24/80 ( 30%) [ 355/928 ( 38%)]  Loss: 0.4710 (0.516)  LR: 2.545e-03  Time cost: 01:33/02:30 [1:35:08/3:50:10]  Acc_iter 21700       Data time: 0.01(0.01)  Forward time: 0.25(0.25)  Batch time: 0.26(0.26)
2025-06-18 10:43:13,556   INFO  Train:   24/80 ( 30%) [ 405/928 ( 44%)]  Loss: 0.5081 (0.516)  LR: 2.550e-03  Time cost: 01:46/02:17 [1:35:21/3:49:42]  Acc_iter 21750       Data time: 0.01(0.01)  Forward time: 0.25(0.25)  Batch time: 0.26(0.26)
2025-06-18 10:43:13,843   INFO  user                                   Wed Jun 18 10:43:13 2025  535.183.01
[0] NVIDIA GeForce RTX 4060 Laptop GPU | 63°C,  54 % |  6432 /  8188 MB | user(6414M) gdm(4M) user(4M)

2025-06-18 10:43:26,895   INFO  Train:   24/80 ( 30%) [ 455/928 ( 49%)]  Loss: 0.5500 (0.514)  LR: 2.556e-03  Time cost: 01:59/02:04 [1:35:35/3:49:53]  Acc_iter 21800       Data time: 0.01(0.01)  Forward time: 0.25(0.25)  Batch time: 0.26(0.26)
2025-06-18 10:43:39,944   INFO  Train:   24/80 ( 30%) [ 505/928 ( 54%)]  Loss: 0.4679 (0.515)  LR: 2.561e-03  Time cost: 02:12/01:51 [1:35:48/3:49:29]  Acc_iter 21850       Data time: 0.01(0.01)  Forward time: 0.25(0.25)  Batch time: 0.26(0.26)
2025-06-18 10:43:52,997   INFO  Train:   24/80 ( 30%) [ 555/928 ( 60%)]  Loss: 0.4678 (0.514)  LR: 2.566e-03  Time cost: 02:26/01:37 [1:36:01/3:49:08]  Acc_iter 21900       Data time: 0.01(0.01)  Forward time: 0.25(0.25)  Batch time: 0.26(0.26)
2025-06-18 10:43:53,243   INFO  user                                   Wed Jun 18 10:43:53 2025  535.183.01
[0] NVIDIA GeForce RTX 4060 Laptop GPU | 63°C,  81 % |  6432 /  8188 MB | user(6414M) gdm(4M) user(4M)

2025-06-18 10:44:06,360   INFO  Train:   24/80 ( 30%) [ 605/928 ( 65%)]  Loss: 0.4745 (0.514)  LR: 2.571e-03  Time cost: 02:39/01:24 [1:36:14/3:49:14]  Acc_iter 21950       Data time: 0.01(0.01)  Forward time: 0.25(0.25)  Batch time: 0.26(0.26)
2025-06-18 10:44:19,435   INFO  Train:   24/80 ( 30%) [ 655/928 ( 71%)]  Loss: 0.4945 (0.515)  LR: 2.577e-03  Time cost: 02:52/01:11 [1:36:27/3:48:55]  Acc_iter 22000       Data time: 0.01(0.01)  Forward time: 0.25(0.25)  Batch time: 0.27(0.26)
2025-06-18 10:44:32,501   INFO  Train:   24/80 ( 30%) [ 705/928 ( 76%)]  Loss: 0.4973 (0.513)  LR: 2.582e-03  Time cost: 03:05/00:58 [1:36:40/3:48:36]  Acc_iter 22050       Data time: 0.01(0.01)  Forward time: 0.25(0.25)  Batch time: 0.26(0.26)
2025-06-18 10:44:32,734   INFO  user                                   Wed Jun 18 10:44:32 2025  535.183.01
[0] NVIDIA GeForce RTX 4060 Laptop GPU | 63°C,  95 % |  6432 /  8188 MB | user(6414M) gdm(4M) user(4M)

2025-06-18 10:44:45,840   INFO  Train:   24/80 ( 30%) [ 755/928 ( 81%)]  Loss: 0.4962 (0.514)  LR: 2.587e-03  Time cost: 03:18/00:45 [1:36:54/3:48:36]  Acc_iter 22100       Data time: 0.01(0.01)  Forward time: 0.25(0.25)  Batch time: 0.26(0.26)
2025-06-18 10:44:58,922   INFO  Train:   24/80 ( 30%) [ 805/928 ( 87%)]  Loss: 0.4647 (0.514)  LR: 2.592e-03  Time cost: 03:31/00:32 [1:37:07/3:48:19]  Acc_iter 22150       Data time: 0.02(0.01)  Forward time: 0.25(0.25)  Batch time: 0.27(0.26)
2025-06-18 10:45:11,961   INFO  Train:   24/80 ( 30%) [ 855/928 ( 92%)]  Loss: 0.4470 (0.514)  LR: 2.597e-03  Time cost: 03:45/00:19 [1:37:20/3:47:59]  Acc_iter 22200       Data time: 0.01(0.01)  Forward time: 0.25(0.25)  Batch time: 0.26(0.26)
2025-06-18 10:45:12,177   INFO  user                                   Wed Jun 18 10:45:12 2025  535.183.01
[0] NVIDIA GeForce RTX 4060 Laptop GPU | 63°C,  75 % |  6432 /  8188 MB | user(6414M) gdm(4M) user(4M)

2025-06-18 10:45:25,255   INFO  Train:   24/80 ( 30%) [ 905/928 ( 98%)]  Loss: 0.4891 (0.514)  LR: 2.602e-03  Time cost: 03:58/00:06 [1:37:33/3:47:54]  Acc_iter 22250       Data time: 0.01(0.01)  Forward time: 0.25(0.25)  Batch time: 0.26(0.26)
2025-06-18 10:45:31,006   INFO  Train:   24/80 ( 30%) [ 927/928 (100%)]  Loss: 0.4538 (0.514)  LR: 2.604e-03  Time cost: 04:04/00:00 [1:37:39/3:47:47]  Acc_iter 22272       Data time: 0.01(0.01)  Forward time: 0.25(0.25)  Batch time: 0.26(0.26)
2025-06-18 10:45:31,522   INFO  Train:   25/80 ( 31%) [   0/928 (  0%)]  Loss: 0.4915 (0.491)  LR: 2.605e-03  Time cost: 00:00/06:04 [1:37:39/5:40:11]  Acc_iter 22273       Data time: 0.12(0.12)  Forward time: 0.26(0.26)  Batch time: 0.38(0.38)
2025-06-18 10:45:38,562   INFO  Train:   25/80 ( 31%) [  27/928 (  3%)]  Loss: 0.4805 (0.494)  LR: 2.607e-03  Time cost: 00:07/03:59 [1:37:46/3:49:49]  Acc_iter 22300       Data time: 0.01(0.02)  Forward time: 0.25(0.25)  Batch time: 0.26(0.27)
2025-06-18 10:45:51,614   INFO  Train:   25/80 ( 31%) [  77/928 (  8%)]  Loss: 0.5805 (0.513)  LR: 2.612e-03  Time cost: 00:20/03:43 [1:37:59/3:47:08]  Acc_iter 22350       Data time: 0.01(0.01)  Forward time: 0.25(0.25)  Batch time: 0.26(0.26)
2025-06-18 10:45:51,819   INFO  user                                   Wed Jun 18 10:45:51 2025  535.183.01
[0] NVIDIA GeForce RTX 4060 Laptop GPU | 63°C,  97 % |  6432 /  8188 MB | user(6414M) gdm(4M) user(4M)

2025-06-18 10:46:04,895   INFO  Train:   25/80 ( 31%) [ 127/928 ( 14%)]  Loss: 0.5420 (0.511)  LR: 2.617e-03  Time cost: 00:33/03:31 [1:38:13/3:47:55]  Acc_iter 22400       Data time: 0.01(0.01)  Forward time: 0.25(0.25)  Batch time: 0.26(0.26)
2025-06-18 10:46:17,974   INFO  Train:   25/80 ( 31%) [ 177/928 ( 19%)]  Loss: 0.5302 (0.511)  LR: 2.622e-03  Time cost: 00:46/03:17 [1:38:26/3:47:10]  Acc_iter 22450       Data time: 0.01(0.01)  Forward time: 0.25(0.25)  Batch time: 0.26(0.26)
2025-06-18 10:46:31,043   INFO  Train:   25/80 ( 31%) [ 227/928 ( 24%)]  Loss: 0.5729 (0.508)  LR: 2.627e-03  Time cost: 00:59/03:04 [1:38:39/3:46:36]  Acc_iter 22500       Data time: 0.01(0.01)  Forward time: 0.25(0.25)  Batch time: 0.26(0.26)
2025-06-18 10:46:31,329   INFO  user                                   Wed Jun 18 10:46:31 2025  535.183.01
[0] NVIDIA GeForce RTX 4060 Laptop GPU | 63°C,  28 % |  6432 /  8188 MB | user(6414M) gdm(4M) user(4M)

2025-06-18 10:46:44,416   INFO  Train:   25/80 ( 31%) [ 277/928 ( 30%)]  Loss: 0.5344 (0.508)  LR: 2.632e-03  Time cost: 01:13/02:51 [1:38:52/3:47:07]  Acc_iter 22550       Data time: 0.01(0.01)  Forward time: 0.25(0.25)  Batch time: 0.26(0.26)
2025-06-18 10:46:57,482   INFO  Train:   25/80 ( 31%) [ 327/928 ( 35%)]  Loss: 0.5006 (0.512)  LR: 2.637e-03  Time cost: 01:26/02:38 [1:39:05/3:46:35]  Acc_iter 22600       Data time: 0.01(0.01)  Forward time: 0.25(0.25)  Batch time: 0.26(0.26)
2025-06-18 10:47:10,523   INFO  Train:   25/80 ( 31%) [ 377/928 ( 41%)]  Loss: 0.5158 (0.512)  LR: 2.642e-03  Time cost: 01:39/02:24 [1:39:18/3:46:05]  Acc_iter 22650       Data time: 0.01(0.01)  Forward time: 0.25(0.25)  Batch time: 0.26(0.26)
2025-06-18 10:47:10,725   INFO  user                                   Wed Jun 18 10:47:10 2025  535.183.01
[0] NVIDIA GeForce RTX 4060 Laptop GPU | 63°C,  74 % |  6432 /  8188 MB | user(6414M) gdm(4M) user(4M)

2025-06-18 10:47:23,803   INFO  Train:   25/80 ( 31%) [ 427/928 ( 46%)]  Loss: 0.4518 (0.510)  LR: 2.647e-03  Time cost: 01:52/02:11 [1:39:32/3:46:08]  Acc_iter 22700       Data time: 0.01(0.01)  Forward time: 0.25(0.25)  Batch time: 0.26(0.26)
2025-06-18 10:47:36,875   INFO  Train:   25/80 ( 31%) [ 477/928 ( 51%)]  Loss: 0.5355 (0.511)  LR: 2.652e-03  Time cost: 02:05/01:58 [1:39:45/3:45:45]  Acc_iter 22750       Data time: 0.01(0.01)  Forward time: 0.25(0.25)  Batch time: 0.26(0.26)
2025-06-18 10:47:49,952   INFO  Train:   25/80 ( 31%) [ 527/928 ( 57%)]  Loss: 0.4414 (0.509)  LR: 2.656e-03  Time cost: 02:18/01:45 [1:39:58/3:45:25]  Acc_iter 22800       Data time: 0.01(0.01)  Forward time: 0.25(0.25)  Batch time: 0.27(0.26)
2025-06-18 10:47:50,148   INFO  user                                   Wed Jun 18 10:47:50 2025  535.183.01
[0] NVIDIA GeForce RTX 4060 Laptop GPU | 63°C,  92 % |  6432 /  8188 MB | user(6414M) gdm(4M) user(4M)

2025-06-18 10:48:03,238   INFO  Train:   25/80 ( 31%) [ 577/928 ( 62%)]  Loss: 0.5222 (0.508)  LR: 2.661e-03  Time cost: 02:32/01:32 [1:40:11/3:45:24]  Acc_iter 22850       Data time: 0.01(0.01)  Forward time: 0.25(0.25)  Batch time: 0.26(0.26)
2025-06-18 10:48:16,316   INFO  Train:   25/80 ( 31%) [ 627/928 ( 68%)]  Loss: 0.5699 (0.509)  LR: 2.666e-03  Time cost: 02:45/01:19 [1:40:24/3:45:04]  Acc_iter 22900       Data time: 0.01(0.01)  Forward time: 0.25(0.25)  Batch time: 0.26(0.26)
2025-06-18 10:48:29,416   INFO  Train:   25/80 ( 31%) [ 677/928 ( 73%)]  Loss: 0.4685 (0.509)  LR: 2.670e-03  Time cost: 02:58/01:06 [1:40:37/3:44:47]  Acc_iter 22950       Data time: 0.01(0.01)  Forward time: 0.25(0.25)  Batch time: 0.26(0.26)
2025-06-18 10:48:29,613   INFO  user                                   Wed Jun 18 10:48:29 2025  535.183.01
[0] NVIDIA GeForce RTX 4060 Laptop GPU | 63°C,  96 % |  6432 /  8188 MB | user(6414M) gdm(4M) user(4M)

2025-06-18 10:48:42,697   INFO  Train:   25/80 ( 31%) [ 727/928 ( 78%)]  Loss: 0.6224 (0.510)  LR: 2.675e-03  Time cost: 03:11/00:52 [1:40:50/3:44:43]  Acc_iter 23000       Data time: 0.01(0.01)  Forward time: 0.25(0.25)  Batch time: 0.26(0.26)
2025-06-18 10:48:55,753   INFO  Train:   25/80 ( 31%) [ 777/928 ( 84%)]  Loss: 0.4844 (0.509)  LR: 2.680e-03  Time cost: 03:24/00:39 [1:41:03/3:44:23]  Acc_iter 23050       Data time: 0.01(0.01)  Forward time: 0.25(0.25)  Batch time: 0.26(0.26)
2025-06-18 10:49:08,813   INFO  Train:   25/80 ( 31%) [ 827/928 ( 89%)]  Loss: 0.5591 (0.509)  LR: 2.684e-03  Time cost: 03:37/00:26 [1:41:17/3:44:05]  Acc_iter 23100       Data time: 0.01(0.01)  Forward time: 0.25(0.25)  Batch time: 0.26(0.26)
2025-06-18 10:49:09,049   INFO  user                                   Wed Jun 18 10:49:09 2025  535.183.01
[0] NVIDIA GeForce RTX 4060 Laptop GPU | 63°C,  95 % |  6432 /  8188 MB | user(6414M) gdm(4M) user(4M)

2025-06-18 10:49:22,109   INFO  Train:   25/80 ( 31%) [ 877/928 ( 95%)]  Loss: 0.5018 (0.509)  LR: 2.689e-03  Time cost: 03:50/00:13 [1:41:30/3:44:00]  Acc_iter 23150       Data time: 0.01(0.01)  Forward time: 0.25(0.25)  Batch time: 0.26(0.26)
2025-06-18 10:49:35,210   INFO  Train:   25/80 ( 31%) [ 927/928 (100%)]  Loss: 0.4119 (0.508)  LR: 2.693e-03  Time cost: 04:04/00:00 [1:41:43/3:43:44]  Acc_iter 23200       Data time: 0.01(0.01)  Forward time: 0.25(0.25)  Batch time: 0.26(0.26)
2025-06-18 10:49:35,727   INFO  Train:   26/80 ( 32%) [   0/928 (  0%)]  Loss: 0.5256 (0.526)  LR: 2.694e-03  Time cost: 00:00/06:07 [1:41:43/5:36:43]  Acc_iter 23201       Data time: 0.12(0.12)  Forward time: 0.26(0.26)  Batch time: 0.38(0.38)
2025-06-18 10:49:48,549   INFO  Train:   26/80 ( 32%) [  49/928 (  5%)]  Loss: 0.5216 (0.517)  LR: 2.698e-03  Time cost: 00:13/03:52 [1:41:56/3:44:39]  Acc_iter 23250       Data time: 0.01(0.01)  Forward time: 0.25(0.25)  Batch time: 0.26(0.26)
2025-06-18 10:49:48,769   INFO  user                                   Wed Jun 18 10:49:48 2025  535.183.01
[0] NVIDIA GeForce RTX 4060 Laptop GPU | 63°C,  97 % |  6432 /  8188 MB | user(6414M) gdm(4M) user(4M)

2025-06-18 10:50:01,827   INFO  Train:   26/80 ( 32%) [  99/928 ( 11%)]  Loss: 0.4551 (0.512)  LR: 2.702e-03  Time cost: 00:26/03:39 [1:42:10/3:44:57]  Acc_iter 23300       Data time: 0.01(0.02)  Forward time: 0.25(0.25)  Batch time: 0.26(0.26)
2025-06-18 10:50:14,865   INFO  Train:   26/80 ( 32%) [ 149/928 ( 16%)]  Loss: 0.4456 (0.504)  LR: 2.707e-03  Time cost: 00:39/03:25 [1:42:23/3:43:32]  Acc_iter 23350       Data time: 0.01(0.01)  Forward time: 0.25(0.25)  Batch time: 0.26(0.26)
2025-06-18 10:50:27,988   INFO  Train:   26/80 ( 32%) [ 199/928 ( 21%)]  Loss: 0.4545 (0.505)  LR: 2.711e-03  Time cost: 00:52/03:11 [1:42:36/3:43:05]  Acc_iter 23400       Data time: 0.01(0.01)  Forward time: 0.25(0.25)  Batch time: 0.27(0.26)
2025-06-18 10:50:28,206   INFO  user                                   Wed Jun 18 10:50:28 2025  535.183.01
[0] NVIDIA GeForce RTX 4060 Laptop GPU | 63°C,  95 % |  6432 /  8188 MB | user(6414M) gdm(4M) user(4M)

2025-06-18 10:50:41,269   INFO  Train:   26/80 ( 32%) [ 249/928 ( 27%)]  Loss: 0.5094 (0.507)  LR: 2.716e-03  Time cost: 01:05/02:59 [1:42:49/3:43:16]  Acc_iter 23450       Data time: 0.01(0.01)  Forward time: 0.25(0.25)  Batch time: 0.26(0.26)
2025-06-18 10:50:54,306   INFO  Train:   26/80 ( 32%) [ 299/928 ( 32%)]  Loss: 0.4400 (0.505)  LR: 2.720e-03  Time cost: 01:18/02:45 [1:43:02/3:42:37]  Acc_iter 23500       Data time: 0.01(0.01)  Forward time: 0.25(0.25)  Batch time: 0.26(0.26)
2025-06-18 10:51:07,336   INFO  Train:   26/80 ( 32%) [ 349/928 ( 38%)]  Loss: 0.5198 (0.505)  LR: 2.724e-03  Time cost: 01:32/02:32 [1:43:15/3:42:05]  Acc_iter 23550       Data time: 0.01(0.01)  Forward time: 0.25(0.25)  Batch time: 0.26(0.26)
2025-06-18 10:51:07,537   INFO  user                                   Wed Jun 18 10:51:07 2025  535.183.01
[0] NVIDIA GeForce RTX 4060 Laptop GPU | 63°C,  97 % |  6432 /  8188 MB | user(6414M) gdm(4M) user(4M)

2025-06-18 10:51:20,631   INFO  Train:   26/80 ( 32%) [ 399/928 ( 43%)]  Loss: 0.6657 (0.504)  LR: 2.729e-03  Time cost: 01:45/02:19 [1:43:28/3:42:11]  Acc_iter 23600       Data time: 0.01(0.01)  Forward time: 0.25(0.25)  Batch time: 0.26(0.26)
2025-06-18 10:51:33,666   INFO  Train:   26/80 ( 32%) [ 449/928 ( 48%)]  Loss: 0.5053 (0.505)  LR: 2.733e-03  Time cost: 01:58/02:05 [1:43:41/3:41:43]  Acc_iter 23650       Data time: 0.01(0.01)  Forward time: 0.25(0.25)  Batch time: 0.26(0.26)
2025-06-18 10:51:46,747   INFO  Train:   26/80 ( 32%) [ 499/928 ( 54%)]  Loss: 0.5023 (0.502)  LR: 2.737e-03  Time cost: 02:11/01:52 [1:43:54/3:41:23]  Acc_iter 23700       Data time: 0.01(0.01)  Forward time: 0.25(0.25)  Batch time: 0.26(0.26)
2025-06-18 10:51:46,948   INFO  user                                   Wed Jun 18 10:51:46 2025  535.183.01
[0] NVIDIA GeForce RTX 4060 Laptop GPU | 63°C,  95 % |  6432 /  8188 MB | user(6414M) gdm(4M) user(4M)

2025-06-18 10:51:59,989   INFO  Train:   26/80 ( 32%) [ 549/928 ( 59%)]  Loss: 0.4920 (0.501)  LR: 2.742e-03  Time cost: 02:24/01:39 [1:44:08/3:41:19]  Acc_iter 23750       Data time: 0.01(0.01)  Forward time: 0.25(0.25)  Batch time: 0.26(0.26)
2025-06-18 10:52:13,039   INFO  Train:   26/80 ( 32%) [ 599/928 ( 65%)]  Loss: 0.4242 (0.501)  LR: 2.746e-03  Time cost: 02:37/01:26 [1:44:21/3:40:58]  Acc_iter 23800       Data time: 0.01(0.01)  Forward time: 0.25(0.25)  Batch time: 0.26(0.26)
2025-06-18 10:52:26,115   INFO  Train:   26/80 ( 32%) [ 649/928 ( 70%)]  Loss: 0.4479 (0.501)  LR: 2.750e-03  Time cost: 02:50/01:13 [1:44:34/3:40:39]  Acc_iter 23850       Data time: 0.01(0.01)  Forward time: 0.25(0.25)  Batch time: 0.26(0.26)
2025-06-18 10:52:26,389   INFO  user                                   Wed Jun 18 10:52:26 2025  535.183.01
[0] NVIDIA GeForce RTX 4060 Laptop GPU | 63°C,  97 % |  6432 /  8188 MB | user(6414M) gdm(4M) user(4M)

2025-06-18 10:52:39,462   INFO  Train:   26/80 ( 32%) [ 699/928 ( 75%)]  Loss: 0.3841 (0.500)  LR: 2.754e-03  Time cost: 03:04/01:00 [1:44:47/3:40:41]  Acc_iter 23900       Data time: 0.01(0.01)  Forward time: 0.25(0.25)  Batch time: 0.26(0.26)
2025-06-18 10:52:52,555   INFO  Train:   26/80 ( 32%) [ 749/928 ( 81%)]  Loss: 0.5405 (0.500)  LR: 2.758e-03  Time cost: 03:17/00:47 [1:45:00/3:40:24]  Acc_iter 23950       Data time: 0.01(0.01)  Forward time: 0.25(0.25)  Batch time: 0.26(0.26)
2025-06-18 10:53:05,662   INFO  Train:   26/80 ( 32%) [ 799/928 ( 86%)]  Loss: 0.4916 (0.500)  LR: 2.762e-03  Time cost: 03:30/00:33 [1:45:13/3:40:08]  Acc_iter 24000       Data time: 0.01(0.01)  Forward time: 0.25(0.25)  Batch time: 0.26(0.26)
2025-06-18 10:53:05,881   INFO  user                                   Wed Jun 18 10:53:05 2025  535.183.01
[0] NVIDIA GeForce RTX 4060 Laptop GPU | 63°C,  96 % |  6432 /  8188 MB | user(6414M) gdm(4M) user(4M)

2025-06-18 10:53:18,941   INFO  Train:   26/80 ( 32%) [ 849/928 ( 91%)]  Loss: 0.5356 (0.500)  LR: 2.766e-03  Time cost: 03:43/00:20 [1:45:27/3:40:03]  Acc_iter 24050       Data time: 0.01(0.01)  Forward time: 0.25(0.25)  Batch time: 0.26(0.26)
2025-06-18 10:53:32,022   INFO  Train:   26/80 ( 32%) [ 899/928 ( 97%)]  Loss: 0.5642 (0.500)  LR: 2.770e-03  Time cost: 03:56/00:07 [1:45:40/3:39:46]  Acc_iter 24100       Data time: 0.01(0.01)  Forward time: 0.25(0.25)  Batch time: 0.26(0.26)
2025-06-18 10:53:39,344   INFO  Train:   26/80 ( 32%) [ 927/928 (100%)]  Loss: 0.4454 (0.500)  LR: 2.772e-03  Time cost: 04:04/00:00 [1:45:47/3:39:36]  Acc_iter 24128       Data time: 0.01(0.01)  Forward time: 0.25(0.25)  Batch time: 0.26(0.26)
2025-06-18 10:53:39,901   INFO  Train:   27/80 ( 34%) [   0/928 (  0%)]  Loss: 0.4098 (0.410)  LR: 2.772e-03  Time cost: 00:00/06:42 [1:45:48/6:02:41]  Acc_iter 24129       Data time: 0.16(0.16)  Forward time: 0.26(0.26)  Batch time: 0.42(0.42)
2025-06-18 10:53:45,397   INFO  Train:   27/80 ( 34%) [  21/928 (  2%)]  Loss: 0.4529 (0.486)  LR: 2.774e-03  Time cost: 00:05/04:04 [1:45:53/3:45:02]  Acc_iter 24150       Data time: 0.01(0.02)  Forward time: 0.25(0.25)  Batch time: 0.26(0.27)
2025-06-18 10:53:45,638   INFO  user                                   Wed Jun 18 10:53:45 2025  535.183.01
[0] NVIDIA GeForce RTX 4060 Laptop GPU | 63°C,  73 % |  6432 /  8188 MB | user(6414M) gdm(4M) user(4M)

2025-06-18 10:53:58,742   INFO  Train:   27/80 ( 34%) [  71/928 (  8%)]  Loss: 0.3888 (0.492)  LR: 2.778e-03  Time cost: 00:19/03:49 [1:46:06/3:43:17]  Acc_iter 24200       Data time: 0.01(0.02)  Forward time: 0.25(0.25)  Batch time: 0.27(0.27)
2025-06-18 10:54:11,799   INFO  Train:   27/80 ( 34%) [ 121/928 ( 13%)]  Loss: 0.4278 (0.491)  LR: 2.782e-03  Time cost: 00:32/03:33 [1:46:20/3:40:48]  Acc_iter 24250       Data time: 0.01(0.02)  Forward time: 0.25(0.25)  Batch time: 0.26(0.26)
2025-06-18 10:54:24,850   INFO  Train:   27/80 ( 34%) [ 171/928 ( 18%)]  Loss: 0.5621 (0.498)  LR: 2.786e-03  Time cost: 00:45/03:19 [1:46:33/3:39:37]  Acc_iter 24300       Data time: 0.01(0.01)  Forward time: 0.24(0.25)  Batch time: 0.26(0.26)
2025-06-18 10:54:25,052   INFO  user                                   Wed Jun 18 10:54:25 2025  535.183.01
[0] NVIDIA GeForce RTX 4060 Laptop GPU | 63°C,  97 % |  6432 /  8188 MB | user(6414M) gdm(4M) user(4M)

2025-06-18 10:54:38,096   INFO  Train:   27/80 ( 34%) [ 221/928 ( 24%)]  Loss: 0.5660 (0.495)  LR: 2.790e-03  Time cost: 00:58/03:06 [1:46:46/3:39:36]  Acc_iter 24350       Data time: 0.01(0.01)  Forward time: 0.25(0.25)  Batch time: 0.26(0.26)
2025-06-18 10:54:51,187   INFO  Train:   27/80 ( 34%) [ 271/928 ( 29%)]  Loss: 0.4642 (0.494)  LR: 2.794e-03  Time cost: 01:11/02:53 [1:46:59/3:39:02]  Acc_iter 24400       Data time: 0.01(0.01)  Forward time: 0.25(0.25)  Batch time: 0.26(0.26)
2025-06-18 10:55:04,248   INFO  Train:   27/80 ( 34%) [ 321/928 ( 35%)]  Loss: 0.4903 (0.495)  LR: 2.797e-03  Time cost: 01:24/02:39 [1:47:12/3:38:29]  Acc_iter 24450       Data time: 0.01(0.01)  Forward time: 0.25(0.25)  Batch time: 0.26(0.26)
2025-06-18 10:55:04,448   INFO  user                                   Wed Jun 18 10:55:04 2025  535.183.01
[0] NVIDIA GeForce RTX 4060 Laptop GPU | 63°C,  97 % |  6432 /  8188 MB | user(6414M) gdm(4M) user(4M)

2025-06-18 10:55:17,502   INFO  Train:   27/80 ( 34%) [ 371/928 ( 40%)]  Loss: 0.4638 (0.495)  LR: 2.801e-03  Time cost: 01:38/02:26 [1:47:25/3:38:28]  Acc_iter 24500       Data time: 0.01(0.01)  Forward time: 0.25(0.25)  Batch time: 0.26(0.26)
2025-06-18 10:55:30,585   INFO  Train:   27/80 ( 34%) [ 421/928 ( 45%)]  Loss: 0.5710 (0.495)  LR: 2.805e-03  Time cost: 01:51/02:13 [1:47:38/3:38:04]  Acc_iter 24550       Data time: 0.01(0.01)  Forward time: 0.25(0.25)  Batch time: 0.26(0.26)
2025-06-18 10:55:43,671   INFO  Train:   27/80 ( 34%) [ 471/928 ( 51%)]  Loss: 0.5743 (0.494)  LR: 2.808e-03  Time cost: 02:04/02:00 [1:47:51/3:37:42]  Acc_iter 24600       Data time: 0.01(0.01)  Forward time: 0.25(0.25)  Batch time: 0.26(0.26)
2025-06-18 10:55:43,862   INFO  user                                   Wed Jun 18 10:55:43 2025  535.183.01
[0] NVIDIA GeForce RTX 4060 Laptop GPU | 63°C,  97 % |  6432 /  8188 MB | user(6414M) gdm(4M) user(4M)

2025-06-18 10:55:56,921   INFO  Train:   27/80 ( 34%) [ 521/928 ( 56%)]  Loss: 0.4878 (0.493)  LR: 2.812e-03  Time cost: 02:17/01:47 [1:48:05/3:37:38]  Acc_iter 24650       Data time: 0.01(0.01)  Forward time: 0.25(0.25)  Batch time: 0.26(0.26)
2025-06-18 10:56:10,002   INFO  Train:   27/80 ( 34%) [ 571/928 ( 62%)]  Loss: 0.5127 (0.493)  LR: 2.816e-03  Time cost: 02:30/01:33 [1:48:18/3:37:17]  Acc_iter 24700       Data time: 0.01(0.01)  Forward time: 0.25(0.25)  Batch time: 0.26(0.26)
2025-06-18 10:56:23,123   INFO  Train:   27/80 ( 34%) [ 621/928 ( 67%)]  Loss: 0.4636 (0.493)  LR: 2.819e-03  Time cost: 02:43/01:20 [1:48:31/3:37:01]  Acc_iter 24750       Data time: 0.01(0.01)  Forward time: 0.25(0.25)  Batch time: 0.26(0.26)
2025-06-18 10:56:23,369   INFO  user                                   Wed Jun 18 10:56:23 2025  535.183.01
[0] NVIDIA GeForce RTX 4060 Laptop GPU | 63°C,  61 % |  6432 /  8188 MB | user(6414M) gdm(4M) user(4M)

2025-06-18 10:56:36,441   INFO  Train:   27/80 ( 34%) [ 671/928 ( 72%)]  Loss: 0.5160 (0.493)  LR: 2.823e-03  Time cost: 02:56/01:07 [1:48:44/3:37:00]  Acc_iter 24800       Data time: 0.01(0.01)  Forward time: 0.25(0.25)  Batch time: 0.26(0.26)
2025-06-18 10:56:49,515   INFO  Train:   27/80 ( 34%) [ 721/928 ( 78%)]  Loss: 0.5248 (0.494)  LR: 2.826e-03  Time cost: 03:10/00:54 [1:48:57/3:36:40]  Acc_iter 24850       Data time: 0.01(0.01)  Forward time: 0.25(0.25)  Batch time: 0.26(0.26)
2025-06-18 10:57:02,562   INFO  Train:   27/80 ( 34%) [ 771/928 ( 83%)]  Loss: 0.5127 (0.493)  LR: 2.830e-03  Time cost: 03:23/00:41 [1:49:10/3:36:20]  Acc_iter 24900       Data time: 0.01(0.01)  Forward time: 0.25(0.25)  Batch time: 0.26(0.26)
2025-06-18 10:57:02,774   INFO  user                                   Wed Jun 18 10:57:02 2025  535.183.01
[0] NVIDIA GeForce RTX 4060 Laptop GPU | 63°C,  86 % |  6432 /  8188 MB | user(6414M) gdm(4M) user(4M)

2025-06-18 10:57:15,840   INFO  Train:   27/80 ( 34%) [ 821/928 ( 88%)]  Loss: 0.3621 (0.492)  LR: 2.833e-03  Time cost: 03:36/00:28 [1:49:24/3:36:14]  Acc_iter 24950       Data time: 0.01(0.01)  Forward time: 0.25(0.25)  Batch time: 0.26(0.26)
2025-06-18 10:57:28,946   INFO  Train:   27/80 ( 34%) [ 871/928 ( 94%)]  Loss: 0.4241 (0.493)  LR: 2.837e-03  Time cost: 03:49/00:15 [1:49:37/3:35:58]  Acc_iter 25000       Data time: 0.01(0.01)  Forward time: 0.25(0.25)  Batch time: 0.26(0.26)
2025-06-18 10:57:42,006   INFO  Train:   27/80 ( 34%) [ 921/928 ( 99%)]  Loss: 0.4162 (0.493)  LR: 2.840e-03  Time cost: 04:02/00:01 [1:49:50/3:35:40]  Acc_iter 25050       Data time: 0.01(0.01)  Forward time: 0.25(0.25)  Batch time: 0.26(0.26)
2025-06-18 10:57:42,219   INFO  user                                   Wed Jun 18 10:57:42 2025  535.183.01
[0] NVIDIA GeForce RTX 4060 Laptop GPU | 63°C,  97 % |  6432 /  8188 MB | user(6414M) gdm(4M) user(4M)

2025-06-18 10:57:43,789   INFO  Train:   27/80 ( 34%) [ 927/928 (100%)]  Loss: 0.5630 (0.493)  LR: 2.841e-03  Time cost: 04:04/00:00 [1:49:52/3:35:49]  Acc_iter 25056       Data time: 0.01(0.01)  Forward time: 0.25(0.25)  Batch time: 0.26(0.26)
2025-06-18 10:57:44,335   INFO  Train:   28/80 ( 35%) [   0/928 (  0%)]  Loss: 0.5196 (0.520)  LR: 2.841e-03  Time cost: 00:00/06:19 [1:49:52/5:35:05]  Acc_iter 25057       Data time: 0.13(0.13)  Forward time: 0.27(0.27)  Batch time: 0.40(0.40)
2025-06-18 10:57:55,590   INFO  Train:   28/80 ( 35%) [  43/928 (  5%)]  Loss: 0.4463 (0.503)  LR: 2.843e-03  Time cost: 00:11/03:54 [1:50:03/3:37:06]  Acc_iter 25100       Data time: 0.01(0.02)  Forward time: 0.25(0.25)  Batch time: 0.26(0.26)
2025-06-18 10:58:08,657   INFO  Train:   28/80 ( 35%) [  93/928 ( 10%)]  Loss: 0.5373 (0.503)  LR: 2.847e-03  Time cost: 00:24/03:39 [1:50:16/3:35:15]  Acc_iter 25150       Data time: 0.01(0.01)  Forward time: 0.25(0.25)  Batch time: 0.26(0.26)
2025-06-18 10:58:21,714   INFO  Train:   28/80 ( 35%) [ 143/928 ( 15%)]  Loss: 0.4171 (0.497)  LR: 2.850e-03  Time cost: 00:37/03:25 [1:50:29/3:34:28]  Acc_iter 25200       Data time: 0.01(0.01)  Forward time: 0.25(0.25)  Batch time: 0.26(0.26)
2025-06-18 10:58:21,981   INFO  user                                   Wed Jun 18 10:58:21 2025  535.183.01
[0] NVIDIA GeForce RTX 4060 Laptop GPU | 63°C,  74 % |  6432 /  8188 MB | user(6414M) gdm(4M) user(4M)

2025-06-18 10:58:35,034   INFO  Train:   28/80 ( 35%) [ 193/928 ( 21%)]  Loss: 0.5206 (0.496)  LR: 2.853e-03  Time cost: 00:51/03:13 [1:50:43/3:35:06]  Acc_iter 25250       Data time: 0.01(0.01)  Forward time: 0.25(0.25)  Batch time: 0.26(0.26)
2025-06-18 10:58:48,072   INFO  Train:   28/80 ( 35%) [ 243/928 ( 26%)]  Loss: 0.4823 (0.493)  LR: 2.857e-03  Time cost: 01:04/03:00 [1:50:56/3:34:26]  Acc_iter 25300       Data time: 0.01(0.01)  Forward time: 0.25(0.25)  Batch time: 0.26(0.26)
2025-06-18 10:59:01,144   INFO  Train:   28/80 ( 35%) [ 293/928 ( 32%)]  Loss: 0.5571 (0.491)  LR: 2.860e-03  Time cost: 01:17/02:46 [1:51:09/3:34:01]  Acc_iter 25350       Data time: 0.01(0.01)  Forward time: 0.25(0.25)  Batch time: 0.26(0.26)
2025-06-18 10:59:01,337   INFO  user                                   Wed Jun 18 10:59:01 2025  535.183.01
[0] NVIDIA GeForce RTX 4060 Laptop GPU | 63°C,  92 % |  6432 /  8188 MB | user(6414M) gdm(4M) user(4M)

2025-06-18 10:59:14,415   INFO  Train:   28/80 ( 35%) [ 343/928 ( 37%)]  Loss: 0.5228 (0.494)  LR: 2.863e-03  Time cost: 01:30/02:33 [1:51:22/3:34:07]  Acc_iter 25400       Data time: 0.01(0.01)  Forward time: 0.25(0.25)  Batch time: 0.26(0.26)
2025-06-18 10:59:27,494   INFO  Train:   28/80 ( 35%) [ 393/928 ( 42%)]  Loss: 0.5496 (0.495)  LR: 2.866e-03  Time cost: 01:43/02:20 [1:51:35/3:33:45]  Acc_iter 25450       Data time: 0.01(0.01)  Forward time: 0.25(0.25)  Batch time: 0.26(0.26)
2025-06-18 10:59:40,566   INFO  Train:   28/80 ( 35%) [ 443/928 ( 48%)]  Loss: 0.4893 (0.492)  LR: 2.869e-03  Time cost: 01:56/02:07 [1:51:48/3:33:24]  Acc_iter 25500       Data time: 0.01(0.01)  Forward time: 0.25(0.25)  Batch time: 0.26(0.26)
2025-06-18 10:59:40,800   INFO  user                                   Wed Jun 18 10:59:40 2025  535.183.01
[0] NVIDIA GeForce RTX 4060 Laptop GPU | 63°C,  97 % |  6432 /  8188 MB | user(6414M) gdm(4M) user(4M)

2025-06-18 10:59:53,887   INFO  Train:   28/80 ( 35%) [ 493/928 ( 53%)]  Loss: 0.5336 (0.492)  LR: 2.872e-03  Time cost: 02:09/01:54 [1:52:02/3:33:29]  Acc_iter 25550       Data time: 0.01(0.01)  Forward time: 0.25(0.25)  Batch time: 0.26(0.26)
2025-06-18 11:00:06,926   INFO  Train:   28/80 ( 35%) [ 543/928 ( 59%)]  Loss: 0.4028 (0.492)  LR: 2.875e-03  Time cost: 02:22/01:41 [1:52:15/3:33:06]  Acc_iter 25600       Data time: 0.01(0.01)  Forward time: 0.25(0.25)  Batch time: 0.26(0.26)
2025-06-18 11:00:19,988   INFO  Train:   28/80 ( 35%) [ 593/928 ( 64%)]  Loss: 0.4782 (0.491)  LR: 2.878e-03  Time cost: 02:36/01:28 [1:52:28/3:32:46]  Acc_iter 25650       Data time: 0.01(0.01)  Forward time: 0.25(0.25)  Batch time: 0.26(0.26)
2025-06-18 11:00:20,182   INFO  user                                   Wed Jun 18 11:00:20 2025  535.183.01
[0] NVIDIA GeForce RTX 4060 Laptop GPU | 64°C,  96 % |  6432 /  8188 MB | user(6414M) gdm(4M) user(4M)

2025-06-18 11:00:33,276   INFO  Train:   28/80 ( 35%) [ 643/928 ( 69%)]  Loss: 0.5344 (0.491)  LR: 2.881e-03  Time cost: 02:49/01:14 [1:52:41/3:32:44]  Acc_iter 25700       Data time: 0.01(0.01)  Forward time: 0.25(0.25)  Batch time: 0.26(0.26)
2025-06-18 11:00:46,302   INFO  Train:   28/80 ( 35%) [ 693/928 ( 75%)]  Loss: 0.4748 (0.491)  LR: 2.884e-03  Time cost: 03:02/01:01 [1:52:54/3:32:22]  Acc_iter 25750       Data time: 0.01(0.01)  Forward time: 0.25(0.25)  Batch time: 0.26(0.26)
2025-06-18 11:00:59,384   INFO  Train:   28/80 ( 35%) [ 743/928 ( 80%)]  Loss: 0.4721 (0.491)  LR: 2.887e-03  Time cost: 03:15/00:48 [1:53:07/3:32:06]  Acc_iter 25800       Data time: 0.01(0.01)  Forward time: 0.25(0.25)  Batch time: 0.26(0.26)
2025-06-18 11:00:59,583   INFO  user                                   Wed Jun 18 11:00:59 2025  535.183.01
[0] NVIDIA GeForce RTX 4060 Laptop GPU | 64°C,  95 % |  6432 /  8188 MB | user(6414M) gdm(4M) user(4M)

2025-06-18 11:01:12,746   INFO  Train:   28/80 ( 35%) [ 793/928 ( 85%)]  Loss: 0.4520 (0.491)  LR: 2.890e-03  Time cost: 03:28/00:35 [1:53:20/3:32:06]  Acc_iter 25850       Data time: 0.01(0.01)  Forward time: 0.25(0.25)  Batch time: 0.26(0.26)
2025-06-18 11:01:25,841   INFO  Train:   28/80 ( 35%) [ 843/928 ( 91%)]  Loss: 0.5038 (0.490)  LR: 2.893e-03  Time cost: 03:41/00:22 [1:53:34/3:31:50]  Acc_iter 25900       Data time: 0.01(0.01)  Forward time: 0.25(0.25)  Batch time: 0.26(0.26)
2025-06-18 11:01:38,892   INFO  Train:   28/80 ( 35%) [ 893/928 ( 96%)]  Loss: 0.4222 (0.490)  LR: 2.895e-03  Time cost: 03:54/00:09 [1:53:47/3:31:32]  Acc_iter 25950       Data time: 0.01(0.01)  Forward time: 0.25(0.25)  Batch time: 0.26(0.26)
2025-06-18 11:01:39,082   INFO  user                                   Wed Jun 18 11:01:39 2025  535.183.01
[0] NVIDIA GeForce RTX 4060 Laptop GPU | 64°C,  91 % |  6432 /  8188 MB | user(6414M) gdm(4M) user(4M)

2025-06-18 11:01:47,953   INFO  Train:   28/80 ( 35%) [ 927/928 (100%)]  Loss: 0.5210 (0.491)  LR: 2.897e-03  Time cost: 04:04/00:00 [1:53:56/3:31:29]  Acc_iter 25984       Data time: 0.01(0.01)  Forward time: 0.25(0.25)  Batch time: 0.26(0.26)
2025-06-18 11:01:48,704   INFO  Train:   29/80 ( 36%) [   0/928 (  0%)]  Loss: 0.5818 (0.582)  LR: 2.897e-03  Time cost: 00:00/08:09 [1:53:56/7:04:20]  Acc_iter 25985       Data time: 0.24(0.24)  Forward time: 0.28(0.28)  Batch time: 0.52(0.52)
2025-06-18 11:01:52,629   INFO  Train:   29/80 ( 36%) [  15/928 (  2%)]  Loss: 0.4216 (0.509)  LR: 2.898e-03  Time cost: 00:04/04:14 [1:54:00/3:43:46]  Acc_iter 26000       Data time: 0.01(0.03)  Forward time: 0.25(0.25)  Batch time: 0.26(0.28)
2025-06-18 11:02:05,693   INFO  Train:   29/80 ( 36%) [  65/928 (  7%)]  Loss: 0.4751 (0.489)  LR: 2.901e-03  Time cost: 00:17/03:49 [1:54:13/3:33:10]  Acc_iter 26050       Data time: 0.01(0.02)  Forward time: 0.25(0.25)  Batch time: 0.26(0.27)
2025-06-18 11:02:18,758   INFO  Train:   29/80 ( 36%) [ 115/928 ( 12%)]  Loss: 0.5936 (0.493)  LR: 2.903e-03  Time cost: 00:30/03:34 [1:54:26/3:31:31]  Acc_iter 26100       Data time: 0.02(0.01)  Forward time: 0.25(0.25)  Batch time: 0.26(0.26)
2025-06-18 11:02:18,966   INFO  user                                   Wed Jun 18 11:02:18 2025  535.183.01
[0] NVIDIA GeForce RTX 4060 Laptop GPU | 63°C,  95 % |  6432 /  8188 MB | user(6414M) gdm(4M) user(4M)

2025-06-18 11:02:32,058   INFO  Train:   29/80 ( 36%) [ 165/928 ( 18%)]  Loss: 0.4808 (0.491)  LR: 2.906e-03  Time cost: 00:43/03:21 [1:54:40/3:31:52]  Acc_iter 26150       Data time: 0.01(0.02)  Forward time: 0.25(0.25)  Batch time: 0.26(0.26)
2025-06-18 11:02:45,120   INFO  Train:   29/80 ( 36%) [ 215/928 ( 23%)]  Loss: 0.4941 (0.491)  LR: 2.909e-03  Time cost: 00:56/03:07 [1:54:53/3:31:04]  Acc_iter 26200       Data time: 0.01(0.01)  Forward time: 0.25(0.25)  Batch time: 0.26(0.26)
2025-06-18 11:02:58,179   INFO  Train:   29/80 ( 36%) [ 265/928 ( 29%)]  Loss: 0.5496 (0.491)  LR: 2.911e-03  Time cost: 01:10/02:54 [1:55:06/3:30:29]  Acc_iter 26250       Data time: 0.01(0.01)  Forward time: 0.25(0.25)  Batch time: 0.26(0.26)
2025-06-18 11:02:58,404   INFO  user                                   Wed Jun 18 11:02:58 2025  535.183.01
[0] NVIDIA GeForce RTX 4060 Laptop GPU | 63°C,  50 % |  6432 /  8188 MB | user(6414M) gdm(4M) user(4M)

2025-06-18 11:03:11,462   INFO  Train:   29/80 ( 36%) [ 315/928 ( 34%)]  Loss: 0.5356 (0.488)  LR: 2.914e-03  Time cost: 01:23/02:41 [1:55:19/3:30:35]  Acc_iter 26300       Data time: 0.01(0.01)  Forward time: 0.25(0.25)  Batch time: 0.27(0.26)
2025-06-18 11:03:24,499   INFO  Train:   29/80 ( 36%) [ 365/928 ( 39%)]  Loss: 0.4841 (0.487)  LR: 2.916e-03  Time cost: 01:36/02:28 [1:55:32/3:30:03]  Acc_iter 26350       Data time: 0.01(0.01)  Forward time: 0.25(0.25)  Batch time: 0.26(0.26)
2025-06-18 11:03:37,584   INFO  Train:   29/80 ( 36%) [ 415/928 ( 45%)]  Loss: 0.4673 (0.486)  LR: 2.919e-03  Time cost: 01:49/02:14 [1:55:45/3:29:42]  Acc_iter 26400       Data time: 0.01(0.01)  Forward time: 0.25(0.25)  Batch time: 0.26(0.26)
2025-06-18 11:03:37,954   INFO  user                                   Wed Jun 18 11:03:37 2025  535.183.01
[0] NVIDIA GeForce RTX 4060 Laptop GPU | 63°C,  58 % |  6432 /  8188 MB | user(6414M) gdm(4M) user(4M)

2025-06-18 11:03:51,033   INFO  Train:   29/80 ( 36%) [ 465/928 ( 50%)]  Loss: 0.4578 (0.486)  LR: 2.921e-03  Time cost: 02:02/02:02 [1:55:59/3:29:59]  Acc_iter 26450       Data time: 0.01(0.01)  Forward time: 0.25(0.25)  Batch time: 0.26(0.26)
2025-06-18 11:04:04,122   INFO  Train:   29/80 ( 36%) [ 515/928 ( 55%)]  Loss: 0.4960 (0.486)  LR: 2.924e-03  Time cost: 02:15/01:48 [1:56:12/3:29:37]  Acc_iter 26500       Data time: 0.01(0.01)  Forward time: 0.25(0.25)  Batch time: 0.26(0.26)
2025-06-18 11:04:17,208   INFO  Train:   29/80 ( 36%) [ 565/928 ( 61%)]  Loss: 0.4397 (0.486)  LR: 2.926e-03  Time cost: 02:29/01:35 [1:56:25/3:29:17]  Acc_iter 26550       Data time: 0.01(0.01)  Forward time: 0.25(0.25)  Batch time: 0.26(0.26)
2025-06-18 11:04:17,435   INFO  user                                   Wed Jun 18 11:04:17 2025  535.183.01
[0] NVIDIA GeForce RTX 4060 Laptop GPU | 63°C,  76 % |  6432 /  8188 MB | user(6414M) gdm(4M) user(4M)

2025-06-18 11:04:30,528   INFO  Train:   29/80 ( 36%) [ 615/928 ( 66%)]  Loss: 0.5096 (0.487)  LR: 2.928e-03  Time cost: 02:42/01:22 [1:56:38/3:29:16]  Acc_iter 26600       Data time: 0.01(0.01)  Forward time: 0.25(0.25)  Batch time: 0.26(0.26)
2025-06-18 11:04:43,612   INFO  Train:   29/80 ( 36%) [ 665/928 ( 72%)]  Loss: 0.4720 (0.487)  LR: 2.930e-03  Time cost: 02:55/01:09 [1:56:51/3:28:56]  Acc_iter 26650       Data time: 0.01(0.01)  Forward time: 0.25(0.25)  Batch time: 0.26(0.26)
2025-06-18 11:04:56,690   INFO  Train:   29/80 ( 36%) [ 715/928 ( 77%)]  Loss: 0.4977 (0.487)  LR: 2.933e-03  Time cost: 03:08/00:56 [1:57:04/3:28:36]  Acc_iter 26700       Data time: 0.01(0.01)  Forward time: 0.25(0.25)  Batch time: 0.26(0.26)
2025-06-18 11:04:56,973   INFO  user                                   Wed Jun 18 11:04:56 2025  535.183.01
[0] NVIDIA GeForce RTX 4060 Laptop GPU | 63°C,  23 % |  6432 /  8188 MB | user(6414M) gdm(4M) user(4M)

2025-06-18 11:05:10,101   INFO  Train:   29/80 ( 36%) [ 765/928 ( 82%)]  Loss: 0.4418 (0.486)  LR: 2.935e-03  Time cost: 03:21/00:42 [1:57:18/3:28:39]  Acc_iter 26750       Data time: 0.01(0.01)  Forward time: 0.25(0.25)  Batch time: 0.26(0.26)
2025-06-18 11:05:23,157   INFO  Train:   29/80 ( 36%) [ 815/928 ( 88%)]  Loss: 0.4077 (0.486)  LR: 2.937e-03  Time cost: 03:34/00:29 [1:57:31/3:28:18]  Acc_iter 26800       Data time: 0.01(0.01)  Forward time: 0.25(0.25)  Batch time: 0.26(0.26)
2025-06-18 11:05:36,230   INFO  Train:   29/80 ( 36%) [ 865/928 ( 93%)]  Loss: 0.4245 (0.486)  LR: 2.939e-03  Time cost: 03:48/00:16 [1:57:44/3:28:00]  Acc_iter 26850       Data time: 0.01(0.01)  Forward time: 0.25(0.25)  Batch time: 0.26(0.26)
2025-06-18 11:05:36,428   INFO  user                                   Wed Jun 18 11:05:36 2025  535.183.01
[0] NVIDIA GeForce RTX 4060 Laptop GPU | 63°C,  96 % |  6432 /  8188 MB | user(6414M) gdm(4M) user(4M)

2025-06-18 11:05:49,511   INFO  Train:   29/80 ( 36%) [ 915/928 ( 99%)]  Loss: 0.5070 (0.487)  LR: 2.941e-03  Time cost: 04:01/00:03 [1:57:57/3:27:52]  Acc_iter 26900       Data time: 0.01(0.01)  Forward time: 0.25(0.25)  Batch time: 0.26(0.26)
2025-06-18 11:05:52,639   INFO  Train:   29/80 ( 36%) [ 927/928 (100%)]  Loss: 0.4830 (0.487)  LR: 2.942e-03  Time cost: 04:04/00:00 [1:58:00/3:27:47]  Acc_iter 26912       Data time: 0.01(0.01)  Forward time: 0.25(0.25)  Batch time: 0.26(0.26)
2025-06-18 11:05:53,185   INFO  Train:   30/80 ( 38%) [   0/928 (  0%)]  Loss: 0.4446 (0.445)  LR: 2.942e-03  Time cost: 00:00/06:32 [1:58:01/5:33:16]  Acc_iter 26913       Data time: 0.15(0.15)  Forward time: 0.26(0.26)  Batch time: 0.41(0.41)
2025-06-18 11:06:02,859   INFO  Train:   30/80 ( 38%) [  37/928 (  4%)]  Loss: 0.5061 (0.483)  LR: 2.943e-03  Time cost: 00:10/03:56 [1:58:11/3:29:24]  Acc_iter 26950       Data time: 0.01(0.02)  Forward time: 0.25(0.25)  Batch time: 0.26(0.27)
2025-06-18 11:06:15,889   INFO  Train:   30/80 ( 38%) [  87/928 (  9%)]  Loss: 0.4824 (0.480)  LR: 2.945e-03  Time cost: 00:23/03:41 [1:58:24/3:26:54]  Acc_iter 27000       Data time: 0.01(0.01)  Forward time: 0.25(0.25)  Batch time: 0.26(0.26)
2025-06-18 11:06:16,095   INFO  user                                   Wed Jun 18 11:06:16 2025  535.183.01
[0] NVIDIA GeForce RTX 4060 Laptop GPU | 64°C,  95 % |  6432 /  8188 MB | user(6414M) gdm(4M) user(4M)

2025-06-18 11:06:29,146   INFO  Train:   30/80 ( 38%) [ 137/928 ( 15%)]  Loss: 0.4495 (0.485)  LR: 2.947e-03  Time cost: 00:36/03:28 [1:58:37/3:27:21]  Acc_iter 27050       Data time: 0.01(0.01)  Forward time: 0.25(0.25)  Batch time: 0.26(0.26)
2025-06-18 11:06:42,231   INFO  Train:   30/80 ( 38%) [ 187/928 ( 20%)]  Loss: 0.5248 (0.488)  LR: 2.949e-03  Time cost: 00:49/03:14 [1:58:50/3:26:44]  Acc_iter 27100       Data time: 0.01(0.01)  Forward time: 0.25(0.25)  Batch time: 0.26(0.26)
2025-06-18 11:06:55,283   INFO  Train:   30/80 ( 38%) [ 237/928 ( 26%)]  Loss: 0.5072 (0.484)  LR: 2.951e-03  Time cost: 01:02/03:01 [1:59:03/3:26:10]  Acc_iter 27150       Data time: 0.01(0.01)  Forward time: 0.25(0.25)  Batch time: 0.26(0.26)
2025-06-18 11:06:55,509   INFO  user                                   Wed Jun 18 11:06:55 2025  535.183.01
[0] NVIDIA GeForce RTX 4060 Laptop GPU | 63°C,  95 % |  6432 /  8188 MB | user(6414M) gdm(4M) user(4M)

2025-06-18 11:07:08,620   INFO  Train:   30/80 ( 38%) [ 287/928 ( 31%)]  Loss: 0.4277 (0.482)  LR: 2.953e-03  Time cost: 01:15/02:48 [1:59:16/3:26:30]  Acc_iter 27200       Data time: 0.01(0.01)  Forward time: 0.25(0.25)  Batch time: 0.26(0.26)
2025-06-18 11:07:21,677   INFO  Train:   30/80 ( 38%) [ 337/928 ( 36%)]  Loss: 0.4757 (0.480)  LR: 2.955e-03  Time cost: 01:28/02:35 [1:59:29/3:26:01]  Acc_iter 27250       Data time: 0.01(0.01)  Forward time: 0.25(0.25)  Batch time: 0.26(0.26)
2025-06-18 11:07:34,778   INFO  Train:   30/80 ( 38%) [ 387/928 ( 42%)]  Loss: 0.4998 (0.480)  LR: 2.957e-03  Time cost: 01:42/02:22 [1:59:43/3:25:41]  Acc_iter 27300       Data time: 0.01(0.01)  Forward time: 0.25(0.25)  Batch time: 0.26(0.26)
2025-06-18 11:07:34,975   INFO  user                                   Wed Jun 18 11:07:34 2025  535.183.01
[0] NVIDIA GeForce RTX 4060 Laptop GPU | 63°C,  90 % |  6432 /  8188 MB | user(6414M) gdm(4M) user(4M)

2025-06-18 11:07:48,022   INFO  Train:   30/80 ( 38%) [ 437/928 ( 47%)]  Loss: 0.4283 (0.479)  LR: 2.959e-03  Time cost: 01:55/02:09 [1:59:56/3:25:39]  Acc_iter 27350       Data time: 0.01(0.01)  Forward time: 0.25(0.25)  Batch time: 0.26(0.26)
2025-06-18 11:08:01,080   INFO  Train:   30/80 ( 38%) [ 487/928 ( 52%)]  Loss: 0.4382 (0.478)  LR: 2.960e-03  Time cost: 02:08/01:55 [2:00:09/3:25:16]  Acc_iter 27400       Data time: 0.01(0.01)  Forward time: 0.25(0.25)  Batch time: 0.26(0.26)
2025-06-18 11:08:14,142   INFO  Train:   30/80 ( 38%) [ 537/928 ( 58%)]  Loss: 0.4974 (0.478)  LR: 2.962e-03  Time cost: 02:21/01:42 [2:00:22/3:24:56]  Acc_iter 27450       Data time: 0.01(0.01)  Forward time: 0.25(0.25)  Batch time: 0.26(0.26)
2025-06-18 11:08:14,338   INFO  user                                   Wed Jun 18 11:08:14 2025  535.183.01
[0] NVIDIA GeForce RTX 4060 Laptop GPU | 64°C,  81 % |  6432 /  8188 MB | user(6414M) gdm(4M) user(4M)

2025-06-18 11:08:27,425   INFO  Train:   30/80 ( 38%) [ 587/928 ( 63%)]  Loss: 0.5610 (0.478)  LR: 2.964e-03  Time cost: 02:34/01:29 [2:00:35/3:24:54]  Acc_iter 27500       Data time: 0.01(0.01)  Forward time: 0.25(0.25)  Batch time: 0.26(0.26)
2025-06-18 11:08:40,482   INFO  Train:   30/80 ( 38%) [ 637/928 ( 69%)]  Loss: 0.4961 (0.478)  LR: 2.965e-03  Time cost: 02:47/01:16 [2:00:48/3:24:34]  Acc_iter 27550       Data time: 0.01(0.01)  Forward time: 0.25(0.25)  Batch time: 0.26(0.26)
2025-06-18 11:08:53,540   INFO  Train:   30/80 ( 38%) [ 687/928 ( 74%)]  Loss: 0.4226 (0.479)  LR: 2.967e-03  Time cost: 03:00/01:03 [2:01:01/3:24:15]  Acc_iter 27600       Data time: 0.01(0.01)  Forward time: 0.25(0.25)  Batch time: 0.26(0.26)
2025-06-18 11:08:53,760   INFO  user                                   Wed Jun 18 11:08:53 2025  535.183.01
[0] NVIDIA GeForce RTX 4060 Laptop GPU | 64°C,  87 % |  6432 /  8188 MB | user(6414M) gdm(4M) user(4M)

2025-06-18 11:09:06,853   INFO  Train:   30/80 ( 38%) [ 737/928 ( 79%)]  Loss: 0.4106 (0.479)  LR: 2.968e-03  Time cost: 03:14/00:50 [2:01:15/3:24:13]  Acc_iter 27650       Data time: 0.01(0.01)  Forward time: 0.25(0.25)  Batch time: 0.26(0.26)
2025-06-18 11:09:19,926   INFO  Train:   30/80 ( 38%) [ 787/928 ( 85%)]  Loss: 0.4858 (0.479)  LR: 2.970e-03  Time cost: 03:27/00:37 [2:01:28/3:23:55]  Acc_iter 27700       Data time: 0.02(0.01)  Forward time: 0.25(0.25)  Batch time: 0.26(0.26)
2025-06-18 11:09:32,987   INFO  Train:   30/80 ( 38%) [ 837/928 ( 90%)]  Loss: 0.3779 (0.478)  LR: 2.971e-03  Time cost: 03:40/00:23 [2:01:41/3:23:37]  Acc_iter 27750       Data time: 0.01(0.01)  Forward time: 0.25(0.25)  Batch time: 0.26(0.26)
2025-06-18 11:09:33,176   INFO  user                                   Wed Jun 18 11:09:33 2025  535.183.01
[0] NVIDIA GeForce RTX 4060 Laptop GPU | 64°C,  97 % |  6432 /  8188 MB | user(6414M) gdm(4M) user(4M)

2025-06-18 11:09:46,292   INFO  Train:   30/80 ( 38%) [ 887/928 ( 96%)]  Loss: 0.4505 (0.479)  LR: 2.973e-03  Time cost: 03:53/00:10 [2:01:54/3:23:33]  Acc_iter 27800       Data time: 0.01(0.01)  Forward time: 0.25(0.25)  Batch time: 0.26(0.26)
2025-06-18 11:09:56,754   INFO  Train:   30/80 ( 38%) [ 927/928 (100%)]  Loss: 0.5812 (0.479)  LR: 2.974e-03  Time cost: 04:03/00:00 [2:02:04/3:23:19]  Acc_iter 27840       Data time: 0.01(0.01)  Forward time: 0.25(0.25)  Batch time: 0.26(0.26)
2025-06-18 11:09:57,312   INFO  Train:   31/80 ( 39%) [   0/928 (  0%)]  Loss: 0.5463 (0.546)  LR: 2.974e-03  Time cost: 00:00/06:17 [2:02:05/5:14:30]  Acc_iter 27841       Data time: 0.13(0.13)  Forward time: 0.26(0.26)  Batch time: 0.40(0.40)
2025-06-18 11:09:59,652   INFO  Train:   31/80 ( 39%) [   9/928 (  1%)]  Loss: 0.4575 (0.487)  LR: 2.974e-03  Time cost: 00:02/04:12 [2:02:07/3:32:18]  Acc_iter 27850       Data time: 0.01(0.02)  Forward time: 0.25(0.25)  Batch time: 0.26(0.27)
2025-06-18 11:10:12,721   INFO  Train:   31/80 ( 39%) [  59/928 (  6%)]  Loss: 0.5091 (0.476)  LR: 2.976e-03  Time cost: 00:15/03:49 [2:02:20/3:23:35]  Acc_iter 27900       Data time: 0.01(0.01)  Forward time: 0.25(0.25)  Batch time: 0.26(0.26)
2025-06-18 11:10:12,931   INFO  user                                   Wed Jun 18 11:10:12 2025  535.183.01
[0] NVIDIA GeForce RTX 4060 Laptop GPU | 63°C,  89 % |  6432 /  8188 MB | user(6414M) gdm(4M) user(4M)

2025-06-18 11:10:25,998   INFO  Train:   31/80 ( 39%) [ 109/928 ( 12%)]  Loss: 0.4587 (0.473)  LR: 2.977e-03  Time cost: 00:29/03:36 [2:02:34/3:24:02]  Acc_iter 27950       Data time: 0.01(0.02)  Forward time: 0.25(0.25)  Batch time: 0.26(0.26)
2025-06-18 11:10:39,094   INFO  Train:   31/80 ( 39%) [ 159/928 ( 17%)]  Loss: 0.5370 (0.473)  LR: 2.978e-03  Time cost: 00:42/03:22 [2:02:47/3:23:12]  Acc_iter 28000       Data time: 0.01(0.01)  Forward time: 0.25(0.25)  Batch time: 0.26(0.26)
2025-06-18 11:10:52,159   INFO  Train:   31/80 ( 39%) [ 209/928 ( 23%)]  Loss: 0.3978 (0.472)  LR: 2.980e-03  Time cost: 00:55/03:09 [2:03:00/3:22:33]  Acc_iter 28050       Data time: 0.01(0.01)  Forward time: 0.25(0.25)  Batch time: 0.26(0.26)
2025-06-18 11:10:52,351   INFO  user                                   Wed Jun 18 11:10:52 2025  535.183.01
[0] NVIDIA GeForce RTX 4060 Laptop GPU | 64°C,  97 % |  6432 /  8188 MB | user(6414M) gdm(4M) user(4M)

2025-06-18 11:11:05,425   INFO  Train:   31/80 ( 39%) [ 259/928 ( 28%)]  Loss: 0.5751 (0.471)  LR: 2.981e-03  Time cost: 01:08/02:56 [2:03:13/3:22:39]  Acc_iter 28100       Data time: 0.01(0.01)  Forward time: 0.25(0.25)  Batch time: 0.26(0.26)
2025-06-18 11:11:18,492   INFO  Train:   31/80 ( 39%) [ 309/928 ( 33%)]  Loss: 0.4110 (0.471)  LR: 2.982e-03  Time cost: 01:21/02:42 [2:03:26/3:22:10]  Acc_iter 28150       Data time: 0.01(0.01)  Forward time: 0.25(0.25)  Batch time: 0.26(0.26)
2025-06-18 11:11:31,556   INFO  Train:   31/80 ( 39%) [ 359/928 ( 39%)]  Loss: 0.4247 (0.473)  LR: 2.983e-03  Time cost: 01:34/02:29 [2:03:39/3:21:44]  Acc_iter 28200       Data time: 0.01(0.01)  Forward time: 0.25(0.25)  Batch time: 0.26(0.26)
2025-06-18 11:11:31,777   INFO  user                                   Wed Jun 18 11:11:31 2025  535.183.01
[0] NVIDIA GeForce RTX 4060 Laptop GPU | 64°C,  97 % |  6432 /  8188 MB | user(6414M) gdm(4M) user(4M)

2025-06-18 11:11:44,845   INFO  Train:   31/80 ( 39%) [ 409/928 ( 44%)]  Loss: 0.5971 (0.473)  LR: 2.984e-03  Time cost: 01:47/02:16 [2:03:53/3:21:47]  Acc_iter 28250       Data time: 0.01(0.01)  Forward time: 0.25(0.25)  Batch time: 0.26(0.26)
2025-06-18 11:11:57,877   INFO  Train:   31/80 ( 39%) [ 459/928 ( 49%)]  Loss: 0.4619 (0.472)  LR: 2.985e-03  Time cost: 02:00/02:03 [2:04:06/3:21:21]  Acc_iter 28300       Data time: 0.01(0.01)  Forward time: 0.25(0.25)  Batch time: 0.26(0.26)
2025-06-18 11:12:10,939   INFO  Train:   31/80 ( 39%) [ 509/928 ( 55%)]  Loss: 0.4821 (0.471)  LR: 2.986e-03  Time cost: 02:14/01:50 [2:04:19/3:21:00]  Acc_iter 28350       Data time: 0.01(0.01)  Forward time: 0.25(0.25)  Batch time: 0.26(0.26)
2025-06-18 11:12:11,152   INFO  user                                   Wed Jun 18 11:12:11 2025  535.183.01
[0] NVIDIA GeForce RTX 4060 Laptop GPU | 64°C,  97 % |  6432 /  8188 MB | user(6414M) gdm(4M) user(4M)

2025-06-18 11:12:24,210   INFO  Train:   31/80 ( 39%) [ 559/928 ( 60%)]  Loss: 0.4628 (0.472)  LR: 2.987e-03  Time cost: 02:27/01:37 [2:04:32/3:20:58]  Acc_iter 28400       Data time: 0.01(0.01)  Forward time: 0.25(0.25)  Batch time: 0.26(0.26)
2025-06-18 11:12:37,263   INFO  Train:   31/80 ( 39%) [ 609/928 ( 66%)]  Loss: 0.4870 (0.472)  LR: 2.988e-03  Time cost: 02:40/01:23 [2:04:45/3:20:37]  Acc_iter 28450       Data time: 0.01(0.01)  Forward time: 0.25(0.25)  Batch time: 0.26(0.26)
2025-06-18 11:12:50,344   INFO  Train:   31/80 ( 39%) [ 659/928 ( 71%)]  Loss: 0.4755 (0.472)  LR: 2.989e-03  Time cost: 02:53/01:10 [2:04:58/3:20:20]  Acc_iter 28500       Data time: 0.01(0.01)  Forward time: 0.25(0.25)  Batch time: 0.26(0.26)
2025-06-18 11:12:50,673   INFO  user                                   Wed Jun 18 11:12:50 2025  535.183.01
[0] NVIDIA GeForce RTX 4060 Laptop GPU | 64°C,  26 % |  6432 /  8188 MB | user(6414M) gdm(4M) user(4M)

2025-06-18 11:13:03,741   INFO  Train:   31/80 ( 39%) [ 709/928 ( 76%)]  Loss: 0.4716 (0.472)  LR: 2.990e-03  Time cost: 03:06/00:57 [2:05:11/3:20:23]  Acc_iter 28550       Data time: 0.01(0.01)  Forward time: 0.25(0.25)  Batch time: 0.26(0.26)
2025-06-18 11:13:16,834   INFO  Train:   31/80 ( 39%) [ 759/928 ( 82%)]  Loss: 0.4609 (0.474)  LR: 2.991e-03  Time cost: 03:19/00:44 [2:05:25/3:20:06]  Acc_iter 28600       Data time: 0.01(0.01)  Forward time: 0.25(0.25)  Batch time: 0.26(0.26)
2025-06-18 11:13:29,908   INFO  Train:   31/80 ( 39%) [ 809/928 ( 87%)]  Loss: 0.4341 (0.473)  LR: 2.992e-03  Time cost: 03:33/00:31 [2:05:38/3:19:48]  Acc_iter 28650       Data time: 0.01(0.01)  Forward time: 0.25(0.25)  Batch time: 0.26(0.26)
2025-06-18 11:13:30,146   INFO  user                                   Wed Jun 18 11:13:30 2025  535.183.01
[0] NVIDIA GeForce RTX 4060 Laptop GPU | 64°C,  97 % |  6432 /  8188 MB | user(6414M) gdm(4M) user(4M)

2025-06-18 11:13:43,273   INFO  Train:   31/80 ( 39%) [ 859/928 ( 93%)]  Loss: 0.6245 (0.473)  LR: 2.992e-03  Time cost: 03:46/00:18 [2:05:51/3:19:47]  Acc_iter 28700       Data time: 0.01(0.01)  Forward time: 0.25(0.25)  Batch time: 0.26(0.26)
2025-06-18 11:13:56,353   INFO  Train:   31/80 ( 39%) [ 909/928 ( 98%)]  Loss: 0.5025 (0.473)  LR: 2.993e-03  Time cost: 03:59/00:04 [2:06:04/3:19:29]  Acc_iter 28750       Data time: 0.01(0.01)  Forward time: 0.25(0.25)  Batch time: 0.26(0.26)
2025-06-18 11:14:01,034   INFO  Train:   31/80 ( 39%) [ 927/928 (100%)]  Loss: 0.5328 (0.473)  LR: 2.993e-03  Time cost: 04:04/00:00 [2:06:09/3:19:22]  Acc_iter 28768       Data time: 0.01(0.01)  Forward time: 0.25(0.25)  Batch time: 0.26(0.26)
2025-06-18 11:14:01,642   INFO  Train:   32/80 ( 40%) [   0/928 (  0%)]  Loss: 0.4457 (0.446)  LR: 2.993e-03  Time cost: 00:00/07:21 [2:06:09/6:00:41]  Acc_iter 28769       Data time: 0.20(0.20)  Forward time: 0.26(0.26)  Batch time: 0.46(0.46)
2025-06-18 11:14:09,756   INFO  Train:   32/80 ( 40%) [  31/928 (  3%)]  Loss: 0.4097 (0.468)  LR: 2.994e-03  Time cost: 00:08/04:00 [2:06:17/3:23:18]  Acc_iter 28800       Data time: 0.01(0.02)  Forward time: 0.25(0.25)  Batch time: 0.26(0.27)
2025-06-18 11:14:09,973   INFO  user                                   Wed Jun 18 11:14:09 2025  535.183.01
[0] NVIDIA GeForce RTX 4060 Laptop GPU | 64°C,  96 % |  6432 /  8188 MB | user(6414M) gdm(4M) user(4M)

2025-06-18 11:14:23,043   INFO  Train:   32/80 ( 40%) [  81/928 (  9%)]  Loss: 0.4065 (0.473)  LR: 2.995e-03  Time cost: 00:21/03:45 [2:06:31/3:21:50]  Acc_iter 28850       Data time: 0.01(0.02)  Forward time: 0.25(0.25)  Batch time: 0.26(0.27)
2025-06-18 11:14:36,082   INFO  Train:   32/80 ( 40%) [ 131/928 ( 14%)]  Loss: 0.4378 (0.473)  LR: 2.995e-03  Time cost: 00:34/03:30 [2:06:44/3:19:53]  Acc_iter 28900       Data time: 0.01(0.02)  Forward time: 0.25(0.25)  Batch time: 0.26(0.26)
2025-06-18 11:14:49,172   INFO  Train:   32/80 ( 40%) [ 181/928 ( 20%)]  Loss: 0.5077 (0.472)  LR: 2.996e-03  Time cost: 00:48/03:17 [2:06:57/3:19:06]  Acc_iter 28950       Data time: 0.01(0.01)  Forward time: 0.25(0.25)  Batch time: 0.26(0.26)
2025-06-18 11:14:49,425   INFO  user                                   Wed Jun 18 11:14:49 2025  535.183.01
[0] NVIDIA GeForce RTX 4060 Laptop GPU | 63°C,  59 % |  6432 /  8188 MB | user(6414M) gdm(4M) user(4M)

2025-06-18 11:15:02,507   INFO  Train:   32/80 ( 40%) [ 231/928 ( 25%)]  Loss: 0.4491 (0.473)  LR: 2.996e-03  Time cost: 01:01/03:04 [2:07:10/3:19:21]  Acc_iter 29000       Data time: 0.01(0.02)  Forward time: 0.25(0.25)  Batch time: 0.26(0.26)
2025-06-18 11:15:15,611   INFO  Train:   32/80 ( 40%) [ 281/928 ( 30%)]  Loss: 0.5132 (0.469)  LR: 2.997e-03  Time cost: 01:14/02:50 [2:07:23/3:18:49]  Acc_iter 29050       Data time: 0.02(0.01)  Forward time: 0.25(0.25)  Batch time: 0.27(0.26)
2025-06-18 11:15:28,724   INFO  Train:   32/80 ( 40%) [ 331/928 ( 36%)]  Loss: 0.4749 (0.470)  LR: 2.997e-03  Time cost: 01:27/02:37 [2:07:36/3:18:25]  Acc_iter 29100       Data time: 0.01(0.01)  Forward time: 0.25(0.25)  Batch time: 0.26(0.26)
2025-06-18 11:15:28,947   INFO  user                                   Wed Jun 18 11:15:28 2025  535.183.01
[0] NVIDIA GeForce RTX 4060 Laptop GPU | 63°C,  96 % |  6432 /  8188 MB | user(6414M) gdm(4M) user(4M)

2025-06-18 11:15:42,013   INFO  Train:   32/80 ( 40%) [ 381/928 ( 41%)]  Loss: 0.4966 (0.471)  LR: 2.998e-03  Time cost: 01:40/02:24 [2:07:50/3:18:23]  Acc_iter 29150       Data time: 0.01(0.01)  Forward time: 0.25(0.25)  Batch time: 0.26(0.26)
2025-06-18 11:15:55,077   INFO  Train:   32/80 ( 40%) [ 431/928 ( 46%)]  Loss: 0.5327 (0.470)  LR: 2.998e-03  Time cost: 01:53/02:11 [2:08:03/3:17:56]  Acc_iter 29200       Data time: 0.01(0.01)  Forward time: 0.25(0.25)  Batch time: 0.26(0.26)
2025-06-18 11:16:08,143   INFO  Train:   32/80 ( 40%) [ 481/928 ( 52%)]  Loss: 0.4784 (0.472)  LR: 2.998e-03  Time cost: 02:06/01:57 [2:08:16/3:17:32]  Acc_iter 29250       Data time: 0.01(0.01)  Forward time: 0.25(0.25)  Batch time: 0.26(0.26)
2025-06-18 11:16:08,391   INFO  user                                   Wed Jun 18 11:16:08 2025  535.183.01
[0] NVIDIA GeForce RTX 4060 Laptop GPU | 63°C,  57 % |  6432 /  8188 MB | user(6414M) gdm(4M) user(4M)

2025-06-18 11:16:21,492   INFO  Train:   32/80 ( 40%) [ 531/928 ( 57%)]  Loss: 0.4587 (0.472)  LR: 2.999e-03  Time cost: 02:20/01:44 [2:08:29/3:17:34]  Acc_iter 29300       Data time: 0.01(0.01)  Forward time: 0.25(0.25)  Batch time: 0.27(0.26)
2025-06-18 11:16:34,555   INFO  Train:   32/80 ( 40%) [ 581/928 ( 63%)]  Loss: 0.4069 (0.471)  LR: 2.999e-03  Time cost: 02:33/01:31 [2:08:42/3:17:11]  Acc_iter 29350       Data time: 0.01(0.01)  Forward time: 0.25(0.25)  Batch time: 0.27(0.26)
2025-06-18 11:16:47,658   INFO  Train:   32/80 ( 40%) [ 631/928 ( 68%)]  Loss: 0.4771 (0.471)  LR: 2.999e-03  Time cost: 02:46/01:18 [2:08:55/3:16:52]  Acc_iter 29400       Data time: 0.01(0.01)  Forward time: 0.25(0.25)  Batch time: 0.26(0.26)
2025-06-18 11:16:47,857   INFO  user                                   Wed Jun 18 11:16:47 2025  535.183.01
[0] NVIDIA GeForce RTX 4060 Laptop GPU | 63°C,  97 % |  6432 /  8188 MB | user(6414M) gdm(4M) user(4M)

2025-06-18 11:17:00,918   INFO  Train:   32/80 ( 40%) [ 681/928 ( 73%)]  Loss: 0.4444 (0.471)  LR: 3.000e-03  Time cost: 02:59/01:05 [2:09:09/3:16:45]  Acc_iter 29450       Data time: 0.01(0.01)  Forward time: 0.25(0.25)  Batch time: 0.26(0.26)
2025-06-18 11:17:13,975   INFO  Train:   32/80 ( 40%) [ 731/928 ( 79%)]  Loss: 0.4807 (0.470)  LR: 3.000e-03  Time cost: 03:12/00:51 [2:09:22/3:16:24]  Acc_iter 29500       Data time: 0.01(0.01)  Forward time: 0.25(0.25)  Batch time: 0.26(0.26)
2025-06-18 11:17:27,013   INFO  Train:   32/80 ( 40%) [ 781/928 ( 84%)]  Loss: 0.4090 (0.470)  LR: 3.000e-03  Time cost: 03:25/00:38 [2:09:35/3:16:04]  Acc_iter 29550       Data time: 0.01(0.01)  Forward time: 0.25(0.25)  Batch time: 0.26(0.26)
2025-06-18 11:17:27,225   INFO  user                                   Wed Jun 18 11:17:27 2025  535.183.01
[0] NVIDIA GeForce RTX 4060 Laptop GPU | 63°C,  97 % |  6432 /  8188 MB | user(6414M) gdm(4M) user(4M)

2025-06-18 11:17:40,290   INFO  Train:   32/80 ( 40%) [ 831/928 ( 90%)]  Loss: 0.4163 (0.471)  LR: 3.000e-03  Time cost: 03:39/00:25 [2:09:48/3:15:57]  Acc_iter 29600       Data time: 0.01(0.01)  Forward time: 0.25(0.25)  Batch time: 0.26(0.26)
2025-06-18 11:17:53,385   INFO  Train:   32/80 ( 40%) [ 881/928 ( 95%)]  Loss: 0.3778 (0.470)  LR: 3.000e-03  Time cost: 03:52/00:12 [2:10:01/3:15:40]  Acc_iter 29650       Data time: 0.01(0.01)  Forward time: 0.25(0.25)  Batch time: 0.26(0.26)
2025-06-18 11:18:05,427   INFO  Train:   32/80 ( 40%) [ 927/928 (100%)]  Loss: 0.5432 (0.470)  LR: 3.000e-03  Time cost: 04:04/00:00 [2:10:13/3:15:24]  Acc_iter 29696       Data time: 0.01(0.01)  Forward time: 0.25(0.25)  Batch time: 0.27(0.26)
2025-06-18 11:18:05,963   INFO  Train:   33/80 ( 41%) [   0/928 (  0%)]  Loss: 0.4091 (0.409)  LR: 3.000e-03  Time cost: 00:00/06:19 [2:10:14/5:03:50]  Acc_iter 29697       Data time: 0.14(0.14)  Forward time: 0.26(0.26)  Batch time: 0.40(0.40)
2025-06-18 11:18:06,757   INFO  Train:   33/80 ( 41%) [   3/928 (  0%)]  Loss: 0.4878 (0.448)  LR: 3.000e-03  Time cost: 00:01/04:38 [2:10:14/3:43:18]  Acc_iter 29700       Data time: 0.01(0.04)  Forward time: 0.25(0.25)  Batch time: 0.26(0.30)
2025-06-18 11:18:06,957   INFO  user                                   Wed Jun 18 11:18:06 2025  535.183.01
[0] NVIDIA GeForce RTX 4060 Laptop GPU | 63°C,  83 % |  6432 /  8188 MB | user(6414M) gdm(4M) user(4M)

2025-06-18 11:18:20,049   INFO  Train:   33/80 ( 41%) [  53/928 (  6%)]  Loss: 0.4485 (0.475)  LR: 3.000e-03  Time cost: 00:14/03:54 [2:10:28/3:19:03]  Acc_iter 29750       Data time: 0.02(0.02)  Forward time: 0.25(0.25)  Batch time: 0.26(0.27)
2025-06-18 11:18:33,157   INFO  Train:   33/80 ( 41%) [ 103/928 ( 11%)]  Loss: 0.4250 (0.476)  LR: 3.000e-03  Time cost: 00:27/03:38 [2:10:41/3:16:35]  Acc_iter 29800       Data time: 0.01(0.02)  Forward time: 0.25(0.25)  Batch time: 0.26(0.27)
2025-06-18 11:18:46,213   INFO  Train:   33/80 ( 41%) [ 153/928 ( 16%)]  Loss: 0.4916 (0.473)  LR: 3.000e-03  Time cost: 00:40/03:24 [2:10:54/3:15:20]  Acc_iter 29850       Data time: 0.01(0.01)  Forward time: 0.25(0.25)  Batch time: 0.26(0.26)
2025-06-18 11:18:46,431   INFO  user                                   Wed Jun 18 11:18:46 2025  535.183.01
[0] NVIDIA GeForce RTX 4060 Laptop GPU | 63°C,  97 % |  6432 /  8188 MB | user(6414M) gdm(4M) user(4M)

2025-06-18 11:18:59,513   INFO  Train:   33/80 ( 41%) [ 203/928 ( 22%)]  Loss: 0.4076 (0.471)  LR: 3.000e-03  Time cost: 00:53/03:11 [2:11:07/3:15:28]  Acc_iter 29900       Data time: 0.01(0.02)  Forward time: 0.25(0.25)  Batch time: 0.26(0.26)
2025-06-18 11:19:12,555   INFO  Train:   33/80 ( 41%) [ 253/928 ( 27%)]  Loss: 0.5138 (0.469)  LR: 3.000e-03  Time cost: 01:07/02:58 [2:11:20/3:14:43]  Acc_iter 29950       Data time: 0.01(0.01)  Forward time: 0.25(0.25)  Batch time: 0.26(0.26)
2025-06-18 11:19:25,628   INFO  Train:   33/80 ( 41%) [ 303/928 ( 33%)]  Loss: 0.4836 (0.469)  LR: 3.000e-03  Time cost: 01:20/02:44 [2:11:33/3:14:13]  Acc_iter 30000       Data time: 0.01(0.01)  Forward time: 0.25(0.25)  Batch time: 0.26(0.26)
2025-06-18 11:19:25,841   INFO  user                                   Wed Jun 18 11:19:25 2025  535.183.01
[0] NVIDIA GeForce RTX 4060 Laptop GPU | 63°C,  96 % |  6432 /  8188 MB | user(6414M) gdm(4M) user(4M)

2025-06-18 11:19:38,902   INFO  Train:   33/80 ( 41%) [ 353/928 ( 38%)]  Loss: 0.4414 (0.469)  LR: 3.000e-03  Time cost: 01:33/02:31 [2:11:47/3:14:13]  Acc_iter 30050       Data time: 0.01(0.01)  Forward time: 0.25(0.25)  Batch time: 0.26(0.26)
2025-06-18 11:19:52,002   INFO  Train:   33/80 ( 41%) [ 403/928 ( 43%)]  Loss: 0.5217 (0.468)  LR: 2.999e-03  Time cost: 01:46/02:18 [2:12:00/3:13:50]  Acc_iter 30100       Data time: 0.01(0.01)  Forward time: 0.25(0.25)  Batch time: 0.26(0.26)
2025-06-18 11:20:05,066   INFO  Train:   33/80 ( 41%) [ 453/928 ( 49%)]  Loss: 0.5147 (0.468)  LR: 2.999e-03  Time cost: 01:59/02:05 [2:12:13/3:13:26]  Acc_iter 30150       Data time: 0.01(0.01)  Forward time: 0.25(0.25)  Batch time: 0.26(0.26)
2025-06-18 11:20:05,282   INFO  user                                   Wed Jun 18 11:20:05 2025  535.183.01
[0] NVIDIA GeForce RTX 4060 Laptop GPU | 63°C,  56 % |  6432 /  8188 MB | user(6414M) gdm(4M) user(4M)

2025-06-18 11:20:18,373   INFO  Train:   33/80 ( 41%) [ 503/928 ( 54%)]  Loss: 0.4937 (0.468)  LR: 2.999e-03  Time cost: 02:12/01:52 [2:12:26/3:13:26]  Acc_iter 30200       Data time: 0.01(0.01)  Forward time: 0.25(0.25)  Batch time: 0.26(0.26)
2025-06-18 11:20:31,470   INFO  Train:   33/80 ( 41%) [ 553/928 ( 60%)]  Loss: 0.5056 (0.468)  LR: 2.999e-03  Time cost: 02:25/01:38 [2:12:39/3:13:06]  Acc_iter 30250       Data time: 0.01(0.01)  Forward time: 0.25(0.25)  Batch time: 0.26(0.26)
2025-06-18 11:20:44,516   INFO  Train:   33/80 ( 41%) [ 603/928 ( 65%)]  Loss: 0.4624 (0.467)  LR: 2.999e-03  Time cost: 02:38/01:25 [2:12:52/3:12:44]  Acc_iter 30300       Data time: 0.02(0.01)  Forward time: 0.25(0.25)  Batch time: 0.26(0.26)
2025-06-18 11:20:44,717   INFO  user                                   Wed Jun 18 11:20:44 2025  535.183.01
[0] NVIDIA GeForce RTX 4060 Laptop GPU | 63°C,  88 % |  6432 /  8188 MB | user(6414M) gdm(4M) user(4M)

2025-06-18 11:20:57,836   INFO  Train:   33/80 ( 41%) [ 653/928 ( 70%)]  Loss: 0.5179 (0.467)  LR: 2.998e-03  Time cost: 02:52/01:12 [2:13:06/3:12:42]  Acc_iter 30350       Data time: 0.01(0.01)  Forward time: 0.25(0.25)  Batch time: 0.26(0.26)
2025-06-18 11:21:10,889   INFO  Train:   33/80 ( 41%) [ 703/928 ( 76%)]  Loss: 0.5085 (0.466)  LR: 2.998e-03  Time cost: 03:05/00:59 [2:13:19/3:12:21]  Acc_iter 30400       Data time: 0.01(0.01)  Forward time: 0.25(0.25)  Batch time: 0.26(0.26)
2025-06-18 11:21:23,956   INFO  Train:   33/80 ( 41%) [ 753/928 ( 81%)]  Loss: 0.4871 (0.466)  LR: 2.998e-03  Time cost: 03:18/00:46 [2:13:32/3:12:02]  Acc_iter 30450       Data time: 0.01(0.01)  Forward time: 0.25(0.25)  Batch time: 0.26(0.26)
2025-06-18 11:21:24,205   INFO  user                                   Wed Jun 18 11:21:24 2025  535.183.01
[0] NVIDIA GeForce RTX 4060 Laptop GPU | 63°C,  97 % |  6432 /  8188 MB | user(6414M) gdm(4M) user(4M)

2025-06-18 11:21:37,292   INFO  Train:   33/80 ( 41%) [ 803/928 ( 87%)]  Loss: 0.4460 (0.465)  LR: 2.998e-03  Time cost: 03:31/00:32 [2:13:45/3:11:59]  Acc_iter 30500       Data time: 0.01(0.01)  Forward time: 0.25(0.25)  Batch time: 0.26(0.26)
2025-06-18 11:21:50,373   INFO  Train:   33/80 ( 41%) [ 853/928 ( 92%)]  Loss: 0.3798 (0.464)  LR: 2.997e-03  Time cost: 03:44/00:19 [2:13:58/3:11:41]  Acc_iter 30550       Data time: 0.01(0.01)  Forward time: 0.25(0.25)  Batch time: 0.26(0.26)
2025-06-18 11:22:03,447   INFO  Train:   33/80 ( 41%) [ 903/928 ( 97%)]  Loss: 0.4533 (0.464)  LR: 2.997e-03  Time cost: 03:57/00:06 [2:14:11/3:11:24]  Acc_iter 30600       Data time: 0.01(0.01)  Forward time: 0.25(0.25)  Batch time: 0.26(0.26)
2025-06-18 11:22:03,660   INFO  user                                   Wed Jun 18 11:22:03 2025  535.183.01
[0] NVIDIA GeForce RTX 4060 Laptop GPU | 63°C,  66 % |  6432 /  8188 MB | user(6414M) gdm(4M) user(4M)

2025-06-18 11:22:09,931   INFO  Train:   33/80 ( 41%) [ 927/928 (100%)]  Loss: 0.5486 (0.464)  LR: 2.997e-03  Time cost: 04:04/00:00 [2:14:18/3:11:26]  Acc_iter 30624       Data time: 0.01(0.01)  Forward time: 0.25(0.25)  Batch time: 0.26(0.26)
2025-06-18 11:22:10,547   INFO  Train:   34/80 ( 42%) [   0/928 (  0%)]  Loss: 0.4482 (0.448)  LR: 2.997e-03  Time cost: 00:00/07:27 [2:14:18/5:50:36]  Acc_iter 30625       Data time: 0.21(0.21)  Forward time: 0.26(0.26)  Batch time: 0.47(0.47)
2025-06-18 11:22:17,098   INFO  Train:   34/80 ( 42%) [  25/928 (  3%)]  Loss: 0.4575 (0.456)  LR: 2.997e-03  Time cost: 00:07/04:04 [2:14:25/3:16:32]  Acc_iter 30650       Data time: 0.01(0.02)  Forward time: 0.25(0.25)  Batch time: 0.26(0.27)
2025-06-18 11:22:30,184   INFO  Train:   34/80 ( 42%) [  75/928 (  8%)]  Loss: 0.4879 (0.452)  LR: 2.996e-03  Time cost: 00:20/03:45 [2:14:38/3:12:06]  Acc_iter 30700       Data time: 0.01(0.02)  Forward time: 0.25(0.25)  Batch time: 0.26(0.26)
2025-06-18 11:22:43,244   INFO  Train:   34/80 ( 42%) [ 125/928 ( 13%)]  Loss: 0.4601 (0.456)  LR: 2.996e-03  Time cost: 00:33/03:31 [2:14:51/3:10:52]  Acc_iter 30750       Data time: 0.01(0.01)  Forward time: 0.25(0.25)  Batch time: 0.26(0.26)
2025-06-18 11:22:43,471   INFO  user                                   Wed Jun 18 11:22:43 2025  535.183.01
[0] NVIDIA GeForce RTX 4060 Laptop GPU | 63°C,  70 % |  6432 /  8188 MB | user(6414M) gdm(4M) user(4M)

2025-06-18 11:22:56,516   INFO  Train:   34/80 ( 42%) [ 175/928 ( 19%)]  Loss: 0.3953 (0.453)  LR: 2.995e-03  Time cost: 00:46/03:18 [2:15:04/3:11:05]  Acc_iter 30800       Data time: 0.01(0.01)  Forward time: 0.25(0.25)  Batch time: 0.26(0.26)
2025-06-18 11:23:09,558   INFO  Train:   34/80 ( 42%) [ 225/928 ( 24%)]  Loss: 0.4787 (0.451)  LR: 2.995e-03  Time cost: 00:59/03:05 [2:15:17/3:10:22]  Acc_iter 30850       Data time: 0.01(0.01)  Forward time: 0.25(0.25)  Batch time: 0.26(0.26)
2025-06-18 11:23:22,636   INFO  Train:   34/80 ( 42%) [ 275/928 ( 30%)]  Loss: 0.4906 (0.454)  LR: 2.995e-03  Time cost: 01:12/02:51 [2:15:30/3:09:56]  Acc_iter 30900       Data time: 0.01(0.01)  Forward time: 0.25(0.25)  Batch time: 0.26(0.26)
2025-06-18 11:23:22,866   INFO  user                                   Wed Jun 18 11:23:22 2025  535.183.01
[0] NVIDIA GeForce RTX 4060 Laptop GPU | 63°C,  73 % |  6432 /  8188 MB | user(6414M) gdm(4M) user(4M)

2025-06-18 11:23:35,900   INFO  Train:   34/80 ( 42%) [ 325/928 ( 35%)]  Loss: 0.4847 (0.456)  LR: 2.994e-03  Time cost: 01:25/02:38 [2:15:44/3:09:58]  Acc_iter 30950       Data time: 0.01(0.01)  Forward time: 0.25(0.25)  Batch time: 0.26(0.26)
2025-06-18 11:23:48,982   INFO  Train:   34/80 ( 42%) [ 375/928 ( 40%)]  Loss: 0.4025 (0.456)  LR: 2.994e-03  Time cost: 01:38/02:25 [2:15:57/3:09:35]  Acc_iter 31000       Data time: 0.01(0.01)  Forward time: 0.25(0.25)  Batch time: 0.26(0.26)
2025-06-18 11:24:02,070   INFO  Train:   34/80 ( 42%) [ 425/928 ( 46%)]  Loss: 0.4843 (0.457)  LR: 2.993e-03  Time cost: 01:52/02:12 [2:16:10/3:09:15]  Acc_iter 31050       Data time: 0.01(0.01)  Forward time: 0.25(0.25)  Batch time: 0.26(0.26)
2025-06-18 11:24:02,311   INFO  user                                   Wed Jun 18 11:24:02 2025  535.183.01
[0] NVIDIA GeForce RTX 4060 Laptop GPU | 63°C,  93 % |  6432 /  8188 MB | user(6414M) gdm(4M) user(4M)

2025-06-18 11:24:15,378   INFO  Train:   34/80 ( 42%) [ 475/928 ( 51%)]  Loss: 0.4266 (0.458)  LR: 2.993e-03  Time cost: 02:05/01:59 [2:16:23/3:09:17]  Acc_iter 31100       Data time: 0.01(0.01)  Forward time: 0.25(0.25)  Batch time: 0.26(0.26)
2025-06-18 11:24:28,454   INFO  Train:   34/80 ( 42%) [ 525/928 ( 57%)]  Loss: 0.4515 (0.459)  LR: 2.992e-03  Time cost: 02:18/01:46 [2:16:36/3:08:57]  Acc_iter 31150       Data time: 0.01(0.01)  Forward time: 0.25(0.25)  Batch time: 0.26(0.26)
2025-06-18 11:24:41,534   INFO  Train:   34/80 ( 42%) [ 575/928 ( 62%)]  Loss: 0.4495 (0.459)  LR: 2.992e-03  Time cost: 02:31/01:32 [2:16:49/3:08:38]  Acc_iter 31200       Data time: 0.01(0.01)  Forward time: 0.25(0.25)  Batch time: 0.26(0.26)
2025-06-18 11:24:41,761   INFO  user                                   Wed Jun 18 11:24:41 2025  535.183.01
[0] NVIDIA GeForce RTX 4060 Laptop GPU | 63°C,  95 % |  6432 /  8188 MB | user(6414M) gdm(4M) user(4M)

2025-06-18 11:24:54,858   INFO  Train:   34/80 ( 42%) [ 625/928 ( 67%)]  Loss: 0.4512 (0.458)  LR: 2.991e-03  Time cost: 02:44/01:19 [2:17:03/3:08:37]  Acc_iter 31250       Data time: 0.01(0.01)  Forward time: 0.25(0.25)  Batch time: 0.26(0.26)
2025-06-18 11:25:07,967   INFO  Train:   34/80 ( 42%) [ 675/928 ( 73%)]  Loss: 0.4154 (0.458)  LR: 2.990e-03  Time cost: 02:57/01:06 [2:17:16/3:08:20]  Acc_iter 31300       Data time: 0.01(0.01)  Forward time: 0.25(0.25)  Batch time: 0.26(0.26)
2025-06-18 11:25:21,035   INFO  Train:   34/80 ( 42%) [ 725/928 ( 78%)]  Loss: 0.5266 (0.458)  LR: 2.990e-03  Time cost: 03:10/00:53 [2:17:29/3:08:02]  Acc_iter 31350       Data time: 0.01(0.01)  Forward time: 0.25(0.25)  Batch time: 0.26(0.26)
2025-06-18 11:25:21,283   INFO  user                                   Wed Jun 18 11:25:21 2025  535.183.01
[0] NVIDIA GeForce RTX 4060 Laptop GPU | 63°C,  88 % |  6432 /  8188 MB | user(6414M) gdm(4M) user(4M)

2025-06-18 11:25:34,366   INFO  Train:   34/80 ( 42%) [ 775/928 ( 84%)]  Loss: 0.5002 (0.459)  LR: 2.989e-03  Time cost: 03:24/00:40 [2:17:42/3:07:58]  Acc_iter 31400       Data time: 0.01(0.01)  Forward time: 0.25(0.25)  Batch time: 0.26(0.26)
2025-06-18 11:25:47,475   INFO  Train:   34/80 ( 42%) [ 825/928 ( 89%)]  Loss: 0.5083 (0.459)  LR: 2.989e-03  Time cost: 03:37/00:27 [2:17:55/3:07:42]  Acc_iter 31450       Data time: 0.01(0.01)  Forward time: 0.25(0.25)  Batch time: 0.26(0.26)
2025-06-18 11:26:00,559   INFO  Train:   34/80 ( 42%) [ 875/928 ( 94%)]  Loss: 0.3771 (0.458)  LR: 2.988e-03  Time cost: 03:50/00:13 [2:18:08/3:07:26]  Acc_iter 31500       Data time: 0.01(0.01)  Forward time: 0.25(0.25)  Batch time: 0.26(0.26)
2025-06-18 11:26:00,779   INFO  user                                   Wed Jun 18 11:26:00 2025  535.183.01
[0] NVIDIA GeForce RTX 4060 Laptop GPU | 63°C,  59 % |  6432 /  8188 MB | user(6414M) gdm(4M) user(4M)

2025-06-18 11:26:13,853   INFO  Train:   34/80 ( 42%) [ 925/928 (100%)]  Loss: 0.4058 (0.459)  LR: 2.987e-03  Time cost: 04:03/00:00 [2:18:22/3:07:19]  Acc_iter 31550       Data time: 0.01(0.01)  Forward time: 0.25(0.25)  Batch time: 0.26(0.26)
2025-06-18 11:26:14,365   INFO  Train:   34/80 ( 42%) [ 927/928 (100%)]  Loss: 0.5485 (0.459)  LR: 2.987e-03  Time cost: 04:04/00:00 [2:18:22/3:07:18]  Acc_iter 31552       Data time: 0.01(0.01)  Forward time: 0.25(0.25)  Batch time: 0.26(0.26)
2025-06-18 11:26:14,982   INFO  Train:   35/80 ( 44%) [   0/928 (  0%)]  Loss: 0.5203 (0.520)  LR: 2.987e-03  Time cost: 00:00/07:14 [2:18:23/5:33:20]  Acc_iter 31553       Data time: 0.20(0.20)  Forward time: 0.26(0.26)  Batch time: 0.46(0.46)
2025-06-18 11:26:27,252   INFO  Train:   35/80 ( 44%) [  47/928 (  5%)]  Loss: 0.4702 (0.461)  LR: 2.987e-03  Time cost: 00:12/03:53 [2:18:35/3:08:36]  Acc_iter 31600       Data time: 0.01(0.02)  Forward time: 0.25(0.25)  Batch time: 0.26(0.27)
2025-06-18 11:26:40,322   INFO  Train:   35/80 ( 44%) [  97/928 ( 10%)]  Loss: 0.4615 (0.488)  LR: 2.986e-03  Time cost: 00:25/03:38 [2:18:48/3:06:56]  Acc_iter 31650       Data time: 0.01(0.01)  Forward time: 0.25(0.25)  Batch time: 0.26(0.26)
2025-06-18 11:26:40,518   INFO  user                                   Wed Jun 18 11:26:40 2025  535.183.01
[0] NVIDIA GeForce RTX 4060 Laptop GPU | 63°C,  95 % |  6432 /  8188 MB | user(6414M) gdm(4M) user(4M)

2025-06-18 11:26:53,596   INFO  Train:   35/80 ( 44%) [ 147/928 ( 16%)]  Loss: 0.3867 (0.483)  LR: 2.985e-03  Time cost: 00:39/03:26 [2:19:01/3:07:13]  Acc_iter 31700       Data time: 0.01(0.01)  Forward time: 0.25(0.25)  Batch time: 0.26(0.26)
2025-06-18 11:27:06,682   INFO  Train:   35/80 ( 44%) [ 197/928 ( 21%)]  Loss: 0.4748 (0.475)  LR: 2.984e-03  Time cost: 00:52/03:12 [2:19:14/3:06:35]  Acc_iter 31750       Data time: 0.01(0.01)  Forward time: 0.25(0.25)  Batch time: 0.26(0.26)
2025-06-18 11:27:19,746   INFO  Train:   35/80 ( 44%) [ 247/928 ( 27%)]  Loss: 0.3761 (0.470)  LR: 2.984e-03  Time cost: 01:05/02:59 [2:19:27/3:06:03]  Acc_iter 31800       Data time: 0.01(0.01)  Forward time: 0.25(0.25)  Batch time: 0.26(0.26)
2025-06-18 11:27:20,014   INFO  user                                   Wed Jun 18 11:27:19 2025  535.183.01
[0] NVIDIA GeForce RTX 4060 Laptop GPU | 63°C,  65 % |  6432 /  8188 MB | user(6414M) gdm(4M) user(4M)

2025-06-18 11:27:33,124   INFO  Train:   35/80 ( 44%) [ 297/928 ( 32%)]  Loss: 0.4178 (0.470)  LR: 2.983e-03  Time cost: 01:18/02:46 [2:19:41/3:06:22]  Acc_iter 31850       Data time: 0.01(0.01)  Forward time: 0.25(0.25)  Batch time: 0.26(0.26)
2025-06-18 11:27:46,190   INFO  Train:   35/80 ( 44%) [ 347/928 ( 37%)]  Loss: 0.4523 (0.467)  LR: 2.982e-03  Time cost: 01:31/02:33 [2:19:54/3:05:54]  Acc_iter 31900       Data time: 0.01(0.01)  Forward time: 0.25(0.25)  Batch time: 0.26(0.26)
2025-06-18 11:27:59,237   INFO  Train:   35/80 ( 44%) [ 397/928 ( 43%)]  Loss: 0.4714 (0.466)  LR: 2.981e-03  Time cost: 01:44/02:19 [2:20:07/3:05:27]  Acc_iter 31950       Data time: 0.01(0.01)  Forward time: 0.25(0.25)  Batch time: 0.26(0.26)
2025-06-18 11:27:59,456   INFO  user                                   Wed Jun 18 11:27:59 2025  535.183.01
[0] NVIDIA GeForce RTX 4060 Laptop GPU | 63°C,  97 % |  6432 /  8188 MB | user(6414M) gdm(4M) user(4M)

2025-06-18 11:28:12,513   INFO  Train:   35/80 ( 44%) [ 447/928 ( 48%)]  Loss: 0.4003 (0.464)  LR: 2.980e-03  Time cost: 01:57/02:06 [2:20:20/3:05:25]  Acc_iter 32000       Data time: 0.01(0.01)  Forward time: 0.25(0.25)  Batch time: 0.26(0.26)
2025-06-18 11:28:25,545   INFO  Train:   35/80 ( 44%) [ 497/928 ( 54%)]  Loss: 0.4392 (0.463)  LR: 2.979e-03  Time cost: 02:11/01:53 [2:20:33/3:05:01]  Acc_iter 32050       Data time: 0.01(0.01)  Forward time: 0.25(0.25)  Batch time: 0.26(0.26)
2025-06-18 11:28:38,601   INFO  Train:   35/80 ( 44%) [ 547/928 ( 59%)]  Loss: 0.4423 (0.462)  LR: 2.979e-03  Time cost: 02:24/01:40 [2:20:46/3:04:40]  Acc_iter 32100       Data time: 0.01(0.01)  Forward time: 0.26(0.25)  Batch time: 0.27(0.26)
2025-06-18 11:28:38,842   INFO  user                                   Wed Jun 18 11:28:38 2025  535.183.01
[0] NVIDIA GeForce RTX 4060 Laptop GPU | 63°C,  91 % |  6432 /  8188 MB | user(6414M) gdm(4M) user(4M)

2025-06-18 11:28:51,933   INFO  Train:   35/80 ( 44%) [ 597/928 ( 64%)]  Loss: 0.5707 (0.460)  LR: 2.978e-03  Time cost: 02:37/01:27 [2:21:00/3:04:40]  Acc_iter 32150       Data time: 0.01(0.01)  Forward time: 0.25(0.25)  Batch time: 0.26(0.26)
2025-06-18 11:29:05,010   INFO  Train:   35/80 ( 44%) [ 647/928 ( 70%)]  Loss: 0.4800 (0.460)  LR: 2.977e-03  Time cost: 02:50/01:13 [2:21:13/3:04:21]  Acc_iter 32200       Data time: 0.01(0.01)  Forward time: 0.25(0.25)  Batch time: 0.26(0.26)
2025-06-18 11:29:18,104   INFO  Train:   35/80 ( 44%) [ 697/928 ( 75%)]  Loss: 0.4148 (0.459)  LR: 2.976e-03  Time cost: 03:03/01:00 [2:21:26/3:04:04]  Acc_iter 32250       Data time: 0.01(0.01)  Forward time: 0.25(0.25)  Batch time: 0.27(0.26)
2025-06-18 11:29:18,309   INFO  user                                   Wed Jun 18 11:29:18 2025  535.183.01
[0] NVIDIA GeForce RTX 4060 Laptop GPU | 63°C,  62 % |  6432 /  8188 MB | user(6414M) gdm(4M) user(4M)

2025-06-18 11:29:31,412   INFO  Train:   35/80 ( 44%) [ 747/928 ( 80%)]  Loss: 0.4477 (0.459)  LR: 2.975e-03  Time cost: 03:16/00:47 [2:21:39/3:04:00]  Acc_iter 32300       Data time: 0.01(0.01)  Forward time: 0.25(0.25)  Batch time: 0.26(0.26)
2025-06-18 11:29:44,507   INFO  Train:   35/80 ( 44%) [ 797/928 ( 86%)]  Loss: 0.3799 (0.458)  LR: 2.974e-03  Time cost: 03:29/00:34 [2:21:52/3:03:43]  Acc_iter 32350       Data time: 0.01(0.01)  Forward time: 0.25(0.25)  Batch time: 0.26(0.26)
2025-06-18 11:29:57,608   INFO  Train:   35/80 ( 44%) [ 847/928 ( 91%)]  Loss: 0.4771 (0.458)  LR: 2.973e-03  Time cost: 03:43/00:21 [2:22:05/3:03:27]  Acc_iter 32400       Data time: 0.01(0.01)  Forward time: 0.25(0.25)  Batch time: 0.26(0.26)
2025-06-18 11:29:57,885   INFO  user                                   Wed Jun 18 11:29:57 2025  535.183.01
[0] NVIDIA GeForce RTX 4060 Laptop GPU | 63°C,  97 % |  6432 /  8188 MB | user(6414M) gdm(4M) user(4M)

2025-06-18 11:30:10,943   INFO  Train:   35/80 ( 44%) [ 897/928 ( 97%)]  Loss: 0.4055 (0.458)  LR: 2.972e-03  Time cost: 03:56/00:08 [2:22:19/3:03:22]  Acc_iter 32450       Data time: 0.01(0.01)  Forward time: 0.25(0.25)  Batch time: 0.26(0.26)
2025-06-18 11:30:18,783   INFO  Train:   35/80 ( 44%) [ 927/928 (100%)]  Loss: 0.4505 (0.458)  LR: 2.971e-03  Time cost: 04:04/00:00 [2:22:27/3:03:12]  Acc_iter 32480       Data time: 0.01(0.01)  Forward time: 0.25(0.25)  Batch time: 0.26(0.26)
2025-06-18 11:30:19,302   INFO  Train:   36/80 ( 45%) [   0/928 (  0%)]  Loss: 0.4223 (0.422)  LR: 2.971e-03  Time cost: 00:00/06:03 [2:22:27/4:32:41]  Acc_iter 32481       Data time: 0.10(0.10)  Forward time: 0.28(0.28)  Batch time: 0.38(0.38)
2025-06-18 11:30:24,244   INFO  Train:   36/80 ( 45%) [  19/928 (  2%)]  Loss: 0.4581 (0.466)  LR: 2.971e-03  Time cost: 00:05/04:02 [2:22:32/3:05:30]  Acc_iter 32500       Data time: 0.01(0.02)  Forward time: 0.25(0.25)  Batch time: 0.26(0.27)
2025-06-18 11:30:37,309   INFO  Train:   36/80 ( 45%) [  69/928 (  7%)]  Loss: 0.5842 (0.456)  LR: 2.970e-03  Time cost: 00:18/03:45 [2:22:45/3:02:37]  Acc_iter 32550       Data time: 0.01(0.01)  Forward time: 0.25(0.25)  Batch time: 0.26(0.26)
2025-06-18 11:30:37,553   INFO  user                                   Wed Jun 18 11:30:37 2025  535.183.01
[0] NVIDIA GeForce RTX 4060 Laptop GPU | 63°C,  77 % |  6432 /  8188 MB | user(6414M) gdm(4M) user(4M)

2025-06-18 11:30:50,634   INFO  Train:   36/80 ( 45%) [ 119/928 ( 13%)]  Loss: 0.4731 (0.455)  LR: 2.969e-03  Time cost: 00:31/03:33 [2:22:58/3:03:28]  Acc_iter 32600       Data time: 0.01(0.01)  Forward time: 0.25(0.25)  Batch time: 0.27(0.26)
2025-06-18 11:31:03,692   INFO  Train:   36/80 ( 45%) [ 169/928 ( 18%)]  Loss: 0.4430 (0.455)  LR: 2.968e-03  Time cost: 00:44/03:19 [2:23:11/3:02:35]  Acc_iter 32650       Data time: 0.01(0.01)  Forward time: 0.25(0.25)  Batch time: 0.26(0.26)
2025-06-18 11:31:16,756   INFO  Train:   36/80 ( 45%) [ 219/928 ( 24%)]  Loss: 0.5012 (0.453)  LR: 2.966e-03  Time cost: 00:57/03:06 [2:23:24/3:02:02]  Acc_iter 32700       Data time: 0.01(0.01)  Forward time: 0.25(0.25)  Batch time: 0.26(0.26)
2025-06-18 11:31:16,972   INFO  user                                   Wed Jun 18 11:31:16 2025  535.183.01
[0] NVIDIA GeForce RTX 4060 Laptop GPU | 63°C,  97 % |  6432 /  8188 MB | user(6414M) gdm(4M) user(4M)

2025-06-18 11:31:30,013   INFO  Train:   36/80 ( 45%) [ 269/928 ( 29%)]  Loss: 0.4029 (0.453)  LR: 2.965e-03  Time cost: 01:11/02:53 [2:23:38/3:02:06]  Acc_iter 32750       Data time: 0.02(0.01)  Forward time: 0.25(0.25)  Batch time: 0.26(0.26)
2025-06-18 11:31:43,099   INFO  Train:   36/80 ( 45%) [ 319/928 ( 34%)]  Loss: 0.5077 (0.454)  LR: 2.964e-03  Time cost: 01:24/02:40 [2:23:51/3:01:42]  Acc_iter 32800       Data time: 0.01(0.01)  Forward time: 0.25(0.25)  Batch time: 0.26(0.26)
2025-06-18 11:31:56,175   INFO  Train:   36/80 ( 45%) [ 369/928 ( 40%)]  Loss: 0.4436 (0.455)  LR: 2.963e-03  Time cost: 01:37/02:26 [2:24:04/3:01:20]  Acc_iter 32850       Data time: 0.01(0.01)  Forward time: 0.25(0.25)  Batch time: 0.26(0.26)
2025-06-18 11:31:56,408   INFO  user                                   Wed Jun 18 11:31:56 2025  535.183.01
[0] NVIDIA GeForce RTX 4060 Laptop GPU | 63°C,  97 % |  6432 /  8188 MB | user(6414M) gdm(4M) user(4M)

2025-06-18 11:32:09,489   INFO  Train:   36/80 ( 45%) [ 419/928 ( 45%)]  Loss: 0.4622 (0.455)  LR: 2.962e-03  Time cost: 01:50/02:14 [2:24:17/3:01:24]  Acc_iter 32900       Data time: 0.01(0.01)  Forward time: 0.25(0.25)  Batch time: 0.26(0.26)
2025-06-18 11:32:22,528   INFO  Train:   36/80 ( 45%) [ 469/928 ( 51%)]  Loss: 0.4848 (0.453)  LR: 2.961e-03  Time cost: 02:03/02:00 [2:24:30/3:01:00]  Acc_iter 32950       Data time: 0.01(0.01)  Forward time: 0.25(0.25)  Batch time: 0.26(0.26)
2025-06-18 11:32:35,578   INFO  Train:   36/80 ( 45%) [ 519/928 ( 56%)]  Loss: 0.5206 (0.451)  LR: 2.959e-03  Time cost: 02:16/01:47 [2:24:43/3:00:39]  Acc_iter 33000       Data time: 0.01(0.01)  Forward time: 0.25(0.25)  Batch time: 0.26(0.26)
2025-06-18 11:32:35,783   INFO  user                                   Wed Jun 18 11:32:35 2025  535.183.01
[0] NVIDIA GeForce RTX 4060 Laptop GPU | 63°C,  95 % |  6432 /  8188 MB | user(6414M) gdm(4M) user(4M)

2025-06-18 11:32:48,824   INFO  Train:   36/80 ( 45%) [ 569/928 ( 61%)]  Loss: 0.5007 (0.452)  LR: 2.958e-03  Time cost: 02:29/01:34 [2:24:57/3:00:33]  Acc_iter 33050       Data time: 0.01(0.01)  Forward time: 0.25(0.25)  Batch time: 0.26(0.26)
2025-06-18 11:33:01,942   INFO  Train:   36/80 ( 45%) [ 619/928 ( 67%)]  Loss: 0.5059 (0.453)  LR: 2.957e-03  Time cost: 02:43/01:21 [2:25:10/3:00:18]  Acc_iter 33100       Data time: 0.01(0.01)  Forward time: 0.25(0.25)  Batch time: 0.26(0.26)
2025-06-18 11:33:15,005   INFO  Train:   36/80 ( 45%) [ 669/928 ( 72%)]  Loss: 0.4278 (0.453)  LR: 2.956e-03  Time cost: 02:56/01:08 [2:25:23/2:59:59]  Acc_iter 33150       Data time: 0.01(0.01)  Forward time: 0.25(0.25)  Batch time: 0.26(0.26)
2025-06-18 11:33:15,198   INFO  user                                   Wed Jun 18 11:33:15 2025  535.183.01
[0] NVIDIA GeForce RTX 4060 Laptop GPU | 63°C,  96 % |  6432 /  8188 MB | user(6414M) gdm(4M) user(4M)

2025-06-18 11:33:28,259   INFO  Train:   36/80 ( 45%) [ 719/928 ( 77%)]  Loss: 0.3909 (0.453)  LR: 2.954e-03  Time cost: 03:09/00:54 [2:25:36/2:59:53]  Acc_iter 33200       Data time: 0.01(0.01)  Forward time: 0.25(0.25)  Batch time: 0.26(0.26)
2025-06-18 11:33:41,338   INFO  Train:   36/80 ( 45%) [ 769/928 ( 83%)]  Loss: 0.3855 (0.452)  LR: 2.953e-03  Time cost: 03:22/00:41 [2:25:49/2:59:36]  Acc_iter 33250       Data time: 0.01(0.01)  Forward time: 0.25(0.25)  Batch time: 0.26(0.26)
2025-06-18 11:33:54,416   INFO  Train:   36/80 ( 45%) [ 819/928 ( 88%)]  Loss: 0.4255 (0.453)  LR: 2.952e-03  Time cost: 03:35/00:28 [2:26:02/2:59:19]  Acc_iter 33300       Data time: 0.01(0.01)  Forward time: 0.25(0.25)  Batch time: 0.26(0.26)
2025-06-18 11:33:54,621   INFO  user                                   Wed Jun 18 11:33:54 2025  535.183.01
[0] NVIDIA GeForce RTX 4060 Laptop GPU | 63°C,  62 % |  6432 /  8188 MB | user(6414M) gdm(4M) user(4M)

2025-06-18 11:34:07,685   INFO  Train:   36/80 ( 45%) [ 869/928 ( 94%)]  Loss: 0.4375 (0.453)  LR: 2.950e-03  Time cost: 03:48/00:15 [2:26:15/2:59:12]  Acc_iter 33350       Data time: 0.01(0.01)  Forward time: 0.25(0.25)  Batch time: 0.26(0.26)
2025-06-18 11:34:20,756   INFO  Train:   36/80 ( 45%) [ 919/928 ( 99%)]  Loss: 0.3486 (0.453)  LR: 2.949e-03  Time cost: 04:01/00:02 [2:26:28/2:58:56]  Acc_iter 33400       Data time: 0.01(0.01)  Forward time: 0.25(0.25)  Batch time: 0.26(0.26)
2025-06-18 11:34:22,844   INFO  Train:   36/80 ( 45%) [ 927/928 (100%)]  Loss: 0.4346 (0.453)  LR: 2.949e-03  Time cost: 04:03/00:00 [2:26:31/2:58:53]  Acc_iter 33408       Data time: 0.01(0.01)  Forward time: 0.25(0.25)  Batch time: 0.26(0.26)
2025-06-18 11:34:23,396   INFO  Train:   37/80 ( 46%) [   0/928 (  0%)]  Loss: 0.3441 (0.344)  LR: 2.949e-03  Time cost: 00:00/06:03 [2:26:31/4:26:16]  Acc_iter 33409       Data time: 0.10(0.10)  Forward time: 0.28(0.28)  Batch time: 0.38(0.38)
2025-06-18 11:34:34,119   INFO  Train:   37/80 ( 46%) [  41/928 (  4%)]  Loss: 0.5222 (0.450)  LR: 2.948e-03  Time cost: 00:11/03:54 [2:26:42/2:59:54]  Acc_iter 33450       Data time: 0.01(0.01)  Forward time: 0.25(0.25)  Batch time: 0.26(0.26)
2025-06-18 11:34:34,348   INFO  user                                   Wed Jun 18 11:34:34 2025  535.183.01
[0] NVIDIA GeForce RTX 4060 Laptop GPU | 63°C,  97 % |  6432 /  8188 MB | user(6414M) gdm(4M) user(4M)

2025-06-18 11:34:47,395   INFO  Train:   37/80 ( 46%) [  91/928 ( 10%)]  Loss: 0.4124 (0.446)  LR: 2.946e-03  Time cost: 00:24/03:41 [2:26:55/3:00:01]  Acc_iter 33500       Data time: 0.01(0.02)  Forward time: 0.25(0.25)  Batch time: 0.26(0.27)
2025-06-18 11:35:00,456   INFO  Train:   37/80 ( 46%) [ 141/928 ( 15%)]  Loss: 0.4241 (0.449)  LR: 2.945e-03  Time cost: 00:37/03:27 [2:27:08/2:58:52]  Acc_iter 33550       Data time: 0.01(0.01)  Forward time: 0.25(0.25)  Batch time: 0.26(0.26)
2025-06-18 11:35:13,494   INFO  Train:   37/80 ( 46%) [ 191/928 ( 21%)]  Loss: 0.4127 (0.446)  LR: 2.944e-03  Time cost: 00:50/03:13 [2:27:21/2:58:07]  Acc_iter 33600       Data time: 0.01(0.01)  Forward time: 0.25(0.25)  Batch time: 0.26(0.26)
2025-06-18 11:35:13,741   INFO  user                                   Wed Jun 18 11:35:13 2025  535.183.01
[0] NVIDIA GeForce RTX 4060 Laptop GPU | 63°C,  97 % |  6432 /  8188 MB | user(6414M) gdm(4M) user(4M)

2025-06-18 11:35:26,809   INFO  Train:   37/80 ( 46%) [ 241/928 ( 26%)]  Loss: 0.4329 (0.446)  LR: 2.942e-03  Time cost: 01:03/03:01 [2:27:35/2:58:21]  Acc_iter 33650       Data time: 0.01(0.01)  Forward time: 0.25(0.25)  Batch time: 0.26(0.26)
2025-06-18 11:35:39,880   INFO  Train:   37/80 ( 46%) [ 291/928 ( 31%)]  Loss: 0.5335 (0.446)  LR: 2.941e-03  Time cost: 01:16/02:47 [2:27:48/2:57:53]  Acc_iter 33700       Data time: 0.01(0.01)  Forward time: 0.25(0.25)  Batch time: 0.26(0.26)
2025-06-18 11:35:52,954   INFO  Train:   37/80 ( 46%) [ 341/928 ( 37%)]  Loss: 0.4189 (0.448)  LR: 2.939e-03  Time cost: 01:29/02:34 [2:28:01/2:57:29]  Acc_iter 33750       Data time: 0.01(0.01)  Forward time: 0.25(0.25)  Batch time: 0.26(0.26)
2025-06-18 11:35:53,163   INFO  user                                   Wed Jun 18 11:35:53 2025  535.183.01
[0] NVIDIA GeForce RTX 4060 Laptop GPU | 63°C,  95 % |  6432 /  8188 MB | user(6414M) gdm(4M) user(4M)

2025-06-18 11:36:06,210   INFO  Train:   37/80 ( 46%) [ 391/928 ( 42%)]  Loss: 0.4011 (0.447)  LR: 2.938e-03  Time cost: 01:43/02:21 [2:28:14/2:57:27]  Acc_iter 33800       Data time: 0.01(0.01)  Forward time: 0.25(0.25)  Batch time: 0.26(0.26)
2025-06-18 11:36:19,293   INFO  Train:   37/80 ( 46%) [ 441/928 ( 48%)]  Loss: 0.4941 (0.447)  LR: 2.936e-03  Time cost: 01:56/02:08 [2:28:27/2:57:06]  Acc_iter 33850       Data time: 0.01(0.01)  Forward time: 0.25(0.25)  Batch time: 0.26(0.26)
2025-06-18 11:36:32,361   INFO  Train:   37/80 ( 46%) [ 491/928 ( 53%)]  Loss: 0.4075 (0.446)  LR: 2.935e-03  Time cost: 02:09/01:54 [2:28:40/2:56:46]  Acc_iter 33900       Data time: 0.01(0.01)  Forward time: 0.25(0.25)  Batch time: 0.27(0.26)
2025-06-18 11:36:32,591   INFO  user                                   Wed Jun 18 11:36:32 2025  535.183.01
[0] NVIDIA GeForce RTX 4060 Laptop GPU | 63°C,  59 % |  6432 /  8188 MB | user(6414M) gdm(4M) user(4M)

2025-06-18 11:36:45,666   INFO  Train:   37/80 ( 46%) [ 541/928 ( 58%)]  Loss: 0.4274 (0.446)  LR: 2.933e-03  Time cost: 02:22/01:41 [2:28:53/2:56:45]  Acc_iter 33950       Data time: 0.01(0.01)  Forward time: 0.25(0.25)  Batch time: 0.26(0.26)
2025-06-18 11:36:58,699   INFO  Train:   37/80 ( 46%) [ 591/928 ( 64%)]  Loss: 0.4939 (0.444)  LR: 2.931e-03  Time cost: 02:35/01:28 [2:29:06/2:56:23]  Acc_iter 34000       Data time: 0.01(0.01)  Forward time: 0.25(0.25)  Batch time: 0.26(0.26)
2025-06-18 11:37:11,784   INFO  Train:   37/80 ( 46%) [ 641/928 ( 69%)]  Loss: 0.4422 (0.444)  LR: 2.930e-03  Time cost: 02:48/01:15 [2:29:20/2:56:06]  Acc_iter 34050       Data time: 0.01(0.01)  Forward time: 0.25(0.25)  Batch time: 0.26(0.26)
2025-06-18 11:37:11,990   INFO  user                                   Wed Jun 18 11:37:11 2025  535.183.01
[0] NVIDIA GeForce RTX 4060 Laptop GPU | 63°C,  76 % |  6432 /  8188 MB | user(6414M) gdm(4M) user(4M)

2025-06-18 11:37:25,080   INFO  Train:   37/80 ( 46%) [ 691/928 ( 74%)]  Loss: 0.4636 (0.443)  LR: 2.928e-03  Time cost: 03:02/01:02 [2:29:33/2:56:01]  Acc_iter 34100       Data time: 0.01(0.01)  Forward time: 0.25(0.25)  Batch time: 0.26(0.26)
2025-06-18 11:37:38,137   INFO  Train:   37/80 ( 46%) [ 741/928 ( 80%)]  Loss: 0.5081 (0.444)  LR: 2.927e-03  Time cost: 03:15/00:49 [2:29:46/2:55:43]  Acc_iter 34150       Data time: 0.01(0.01)  Forward time: 0.25(0.25)  Batch time: 0.26(0.26)
2025-06-18 11:37:51,221   INFO  Train:   37/80 ( 46%) [ 791/928 ( 85%)]  Loss: 0.4248 (0.444)  LR: 2.925e-03  Time cost: 03:28/00:36 [2:29:59/2:55:26]  Acc_iter 34200       Data time: 0.01(0.01)  Forward time: 0.25(0.25)  Batch time: 0.26(0.26)
2025-06-18 11:37:51,474   INFO  user                                   Wed Jun 18 11:37:51 2025  535.183.01
[0] NVIDIA GeForce RTX 4060 Laptop GPU | 63°C,  97 % |  6432 /  8188 MB | user(6414M) gdm(4M) user(4M)

2025-06-18 11:38:04,568   INFO  Train:   37/80 ( 46%) [ 841/928 ( 91%)]  Loss: 0.5128 (0.443)  LR: 2.923e-03  Time cost: 03:41/00:22 [2:30:12/2:55:23]  Acc_iter 34250       Data time: 0.01(0.01)  Forward time: 0.25(0.25)  Batch time: 0.26(0.26)
2025-06-18 11:38:17,637   INFO  Train:   37/80 ( 46%) [ 891/928 ( 96%)]  Loss: 0.5208 (0.444)  LR: 2.922e-03  Time cost: 03:54/00:09 [2:30:25/2:55:06]  Acc_iter 34300       Data time: 0.01(0.01)  Forward time: 0.25(0.25)  Batch time: 0.26(0.26)
2025-06-18 11:38:27,062   INFO  Train:   37/80 ( 46%) [ 927/928 (100%)]  Loss: 0.5253 (0.444)  LR: 2.920e-03  Time cost: 04:04/00:00 [2:30:35/2:54:54]  Acc_iter 34336       Data time: 0.01(0.01)  Forward time: 0.25(0.25)  Batch time: 0.26(0.26)
2025-06-18 11:38:27,592   INFO  Train:   38/80 ( 48%) [   0/928 (  0%)]  Loss: 0.5189 (0.519)  LR: 2.920e-03  Time cost: 00:00/06:11 [2:30:35/4:26:10]  Acc_iter 34337       Data time: 0.12(0.12)  Forward time: 0.26(0.26)  Batch time: 0.39(0.39)
2025-06-18 11:38:30,981   INFO  Train:   38/80 ( 48%) [  13/928 (  1%)]  Loss: 0.4469 (0.437)  LR: 2.920e-03  Time cost: 00:03/04:07 [2:30:39/2:59:58]  Acc_iter 34350       Data time: 0.01(0.02)  Forward time: 0.25(0.25)  Batch time: 0.26(0.27)
2025-06-18 11:38:31,191   INFO  user                                   Wed Jun 18 11:38:31 2025  535.183.01
[0] NVIDIA GeForce RTX 4060 Laptop GPU | 63°C,  87 % |  6432 /  8188 MB | user(6414M) gdm(4M) user(4M)

2025-06-18 11:38:44,258   INFO  Train:   38/80 ( 48%) [  63/928 (  7%)]  Loss: 0.3746 (0.427)  LR: 2.918e-03  Time cost: 00:17/03:50 [2:30:52/2:57:04]  Acc_iter 34400       Data time: 0.01(0.02)  Forward time: 0.25(0.25)  Batch time: 0.26(0.27)
2025-06-18 11:38:57,324   INFO  Train:   38/80 ( 48%) [ 113/928 ( 12%)]  Loss: 0.5481 (0.435)  LR: 2.917e-03  Time cost: 00:30/03:35 [2:31:05/2:55:17]  Acc_iter 34450       Data time: 0.01(0.02)  Forward time: 0.25(0.25)  Batch time: 0.26(0.26)
2025-06-18 11:39:10,420   INFO  Train:   38/80 ( 48%) [ 163/928 ( 18%)]  Loss: 0.4093 (0.441)  LR: 2.915e-03  Time cost: 00:43/03:21 [2:31:18/2:54:35]  Acc_iter 34500       Data time: 0.02(0.01)  Forward time: 0.25(0.25)  Batch time: 0.27(0.26)
2025-06-18 11:39:10,666   INFO  user                                   Wed Jun 18 11:39:10 2025  535.183.01
[0] NVIDIA GeForce RTX 4060 Laptop GPU | 63°C,  97 % |  6432 /  8188 MB | user(6414M) gdm(4M) user(4M)

2025-06-18 11:39:23,737   INFO  Train:   38/80 ( 48%) [ 213/928 ( 23%)]  Loss: 0.4346 (0.439)  LR: 2.913e-03  Time cost: 00:56/03:08 [2:31:31/2:54:47]  Acc_iter 34550       Data time: 0.01(0.02)  Forward time: 0.25(0.25)  Batch time: 0.26(0.26)
2025-06-18 11:39:36,835   INFO  Train:   38/80 ( 48%) [ 263/928 ( 28%)]  Loss: 0.4242 (0.439)  LR: 2.911e-03  Time cost: 01:09/02:55 [2:31:45/2:54:17]  Acc_iter 34600       Data time: 0.01(0.01)  Forward time: 0.25(0.25)  Batch time: 0.26(0.26)
2025-06-18 11:39:49,871   INFO  Train:   38/80 ( 48%) [ 313/928 ( 34%)]  Loss: 0.3816 (0.437)  LR: 2.909e-03  Time cost: 01:22/02:41 [2:31:58/2:53:44]  Acc_iter 34650       Data time: 0.01(0.01)  Forward time: 0.25(0.25)  Batch time: 0.26(0.26)
2025-06-18 11:39:50,116   INFO  user                                   Wed Jun 18 11:39:50 2025  535.183.01
[0] NVIDIA GeForce RTX 4060 Laptop GPU | 63°C,  44 % |  6432 /  8188 MB | user(6414M) gdm(4M) user(4M)

2025-06-18 11:40:03,214   INFO  Train:   38/80 ( 48%) [ 363/928 ( 39%)]  Loss: 0.5079 (0.438)  LR: 2.908e-03  Time cost: 01:36/02:29 [2:32:11/2:53:50]  Acc_iter 34700       Data time: 0.02(0.01)  Forward time: 0.25(0.25)  Batch time: 0.26(0.26)
2025-06-18 11:40:16,256   INFO  Train:   38/80 ( 48%) [ 413/928 ( 45%)]  Loss: 0.5426 (0.438)  LR: 2.906e-03  Time cost: 01:49/02:15 [2:32:24/2:53:23]  Acc_iter 34750       Data time: 0.01(0.01)  Forward time: 0.25(0.25)  Batch time: 0.26(0.26)
2025-06-18 11:40:29,306   INFO  Train:   38/80 ( 48%) [ 463/928 ( 50%)]  Loss: 0.4158 (0.438)  LR: 2.904e-03  Time cost: 02:02/02:02 [2:32:37/2:52:59]  Acc_iter 34800       Data time: 0.01(0.01)  Forward time: 0.25(0.25)  Batch time: 0.26(0.26)
2025-06-18 11:40:29,506   INFO  user                                   Wed Jun 18 11:40:29 2025  535.183.01
[0] NVIDIA GeForce RTX 4060 Laptop GPU | 63°C,  68 % |  6432 /  8188 MB | user(6414M) gdm(4M) user(4M)

2025-06-18 11:40:42,613   INFO  Train:   38/80 ( 48%) [ 513/928 ( 55%)]  Loss: 0.4600 (0.439)  LR: 2.902e-03  Time cost: 02:15/01:49 [2:32:50/2:52:58]  Acc_iter 34850       Data time: 0.01(0.01)  Forward time: 0.25(0.25)  Batch time: 0.26(0.26)
2025-06-18 11:40:55,719   INFO  Train:   38/80 ( 48%) [ 563/928 ( 61%)]  Loss: 0.4127 (0.439)  LR: 2.900e-03  Time cost: 02:28/01:36 [2:33:03/2:52:40]  Acc_iter 34900       Data time: 0.01(0.01)  Forward time: 0.25(0.25)  Batch time: 0.26(0.26)
2025-06-18 11:41:08,768   INFO  Train:   38/80 ( 48%) [ 613/928 ( 66%)]  Loss: 0.4578 (0.440)  LR: 2.898e-03  Time cost: 02:41/01:22 [2:33:17/2:52:19]  Acc_iter 34950       Data time: 0.01(0.01)  Forward time: 0.25(0.25)  Batch time: 0.26(0.26)
2025-06-18 11:41:08,987   INFO  user                                   Wed Jun 18 11:41:08 2025  535.183.01
[0] NVIDIA GeForce RTX 4060 Laptop GPU | 63°C,  97 % |  6432 /  8188 MB | user(6414M) gdm(4M) user(4M)

2025-06-18 11:41:22,086   INFO  Train:   38/80 ( 48%) [ 663/928 ( 71%)]  Loss: 0.4442 (0.440)  LR: 2.896e-03  Time cost: 02:54/01:09 [2:33:30/2:52:15]  Acc_iter 35000       Data time: 0.01(0.01)  Forward time: 0.25(0.25)  Batch time: 0.26(0.26)
2025-06-18 11:41:35,178   INFO  Train:   38/80 ( 48%) [ 713/928 ( 77%)]  Loss: 0.4413 (0.440)  LR: 2.894e-03  Time cost: 03:07/00:56 [2:33:43/2:51:58]  Acc_iter 35050       Data time: 0.01(0.01)  Forward time: 0.25(0.25)  Batch time: 0.26(0.26)
2025-06-18 11:41:48,315   INFO  Train:   38/80 ( 48%) [ 763/928 ( 82%)]  Loss: 0.4371 (0.439)  LR: 2.892e-03  Time cost: 03:21/00:43 [2:33:56/2:51:43]  Acc_iter 35100       Data time: 0.01(0.01)  Forward time: 0.25(0.25)  Batch time: 0.26(0.26)
2025-06-18 11:41:48,525   INFO  user                                   Wed Jun 18 11:41:48 2025  535.183.01
[0] NVIDIA GeForce RTX 4060 Laptop GPU | 63°C,  85 % |  6432 /  8188 MB | user(6414M) gdm(4M) user(4M)

2025-06-18 11:42:01,716   INFO  Train:   38/80 ( 48%) [ 813/928 ( 88%)]  Loss: 0.4503 (0.439)  LR: 2.890e-03  Time cost: 03:34/00:30 [2:34:09/2:51:42]  Acc_iter 35150       Data time: 0.01(0.01)  Forward time: 0.25(0.25)  Batch time: 0.26(0.26)
2025-06-18 11:42:14,767   INFO  Train:   38/80 ( 48%) [ 863/928 ( 93%)]  Loss: 0.4443 (0.439)  LR: 2.888e-03  Time cost: 03:47/00:17 [2:34:23/2:51:23]  Acc_iter 35200       Data time: 0.01(0.01)  Forward time: 0.25(0.25)  Batch time: 0.26(0.26)
2025-06-18 11:42:27,849   INFO  Train:   38/80 ( 48%) [ 913/928 ( 98%)]  Loss: 0.3994 (0.440)  LR: 2.886e-03  Time cost: 04:00/00:03 [2:34:36/2:51:06]  Acc_iter 35250       Data time: 0.01(0.01)  Forward time: 0.25(0.25)  Batch time: 0.27(0.26)
2025-06-18 11:42:28,094   INFO  user                                   Wed Jun 18 11:42:28 2025  535.183.01
[0] NVIDIA GeForce RTX 4060 Laptop GPU | 63°C,  58 % |  6432 /  8188 MB | user(6414M) gdm(4M) user(4M)

2025-06-18 11:42:31,768   INFO  Train:   38/80 ( 48%) [ 927/928 (100%)]  Loss: 0.4519 (0.440)  LR: 2.886e-03  Time cost: 04:04/00:00 [2:34:40/2:51:12]  Acc_iter 35264       Data time: 0.01(0.01)  Forward time: 0.25(0.25)  Batch time: 0.26(0.26)
2025-06-18 11:42:32,323   INFO  Train:   39/80 ( 49%) [   0/928 (  0%)]  Loss: 0.3872 (0.387)  LR: 2.886e-03  Time cost: 00:00/06:29 [2:34:40/4:32:22]  Acc_iter 35265       Data time: 0.13(0.13)  Forward time: 0.27(0.27)  Batch time: 0.41(0.41)
2025-06-18 11:42:41,494   INFO  Train:   39/80 ( 49%) [  35/928 (  4%)]  Loss: 0.3895 (0.430)  LR: 2.884e-03  Time cost: 00:09/03:57 [2:34:49/2:52:53]  Acc_iter 35300       Data time: 0.01(0.02)  Forward time: 0.25(0.25)  Batch time: 0.26(0.27)
2025-06-18 11:42:54,558   INFO  Train:   39/80 ( 49%) [  85/928 (  9%)]  Loss: 0.4424 (0.432)  LR: 2.882e-03  Time cost: 00:22/03:42 [2:35:02/2:50:45]  Acc_iter 35350       Data time: 0.01(0.01)  Forward time: 0.25(0.25)  Batch time: 0.26(0.26)
2025-06-18 11:43:07,606   INFO  Train:   39/80 ( 49%) [ 135/928 ( 15%)]  Loss: 0.4939 (0.430)  LR: 2.880e-03  Time cost: 00:35/03:28 [2:35:15/2:49:56]  Acc_iter 35400       Data time: 0.01(0.01)  Forward time: 0.25(0.25)  Batch time: 0.26(0.26)
2025-06-18 11:43:07,851   INFO  user                                   Wed Jun 18 11:43:07 2025  535.183.01
[0] NVIDIA GeForce RTX 4060 Laptop GPU | 63°C,  95 % |  6432 /  8188 MB | user(6414M) gdm(4M) user(4M)

2025-06-18 11:43:20,915   INFO  Train:   39/80 ( 49%) [ 185/928 ( 20%)]  Loss: 0.4845 (0.435)  LR: 2.878e-03  Time cost: 00:49/03:15 [2:35:29/2:50:21]  Acc_iter 35450       Data time: 0.01(0.01)  Forward time: 0.25(0.25)  Batch time: 0.26(0.26)
2025-06-18 11:43:33,963   INFO  Train:   39/80 ( 49%) [ 235/928 ( 25%)]  Loss: 0.4176 (0.438)  LR: 2.876e-03  Time cost: 01:02/03:02 [2:35:42/2:49:47]  Acc_iter 35500       Data time: 0.01(0.01)  Forward time: 0.25(0.25)  Batch time: 0.26(0.26)
2025-06-18 11:43:47,038   INFO  Train:   39/80 ( 49%) [ 285/928 ( 31%)]  Loss: 0.4162 (0.438)  LR: 2.874e-03  Time cost: 01:15/02:48 [2:35:55/2:49:24]  Acc_iter 35550       Data time: 0.01(0.01)  Forward time: 0.25(0.25)  Batch time: 0.26(0.26)
2025-06-18 11:43:47,268   INFO  user                                   Wed Jun 18 11:43:47 2025  535.183.01
[0] NVIDIA GeForce RTX 4060 Laptop GPU | 63°C,  65 % |  6432 /  8188 MB | user(6414M) gdm(4M) user(4M)

2025-06-18 11:44:00,345   INFO  Train:   39/80 ( 49%) [ 335/928 ( 36%)]  Loss: 0.4021 (0.437)  LR: 2.872e-03  Time cost: 01:28/02:36 [2:36:08/2:49:31]  Acc_iter 35600       Data time: 0.01(0.01)  Forward time: 0.25(0.25)  Batch time: 0.26(0.26)
2025-06-18 11:44:13,433   INFO  Train:   39/80 ( 49%) [ 385/928 ( 41%)]  Loss: 0.4592 (0.436)  LR: 2.870e-03  Time cost: 01:41/02:22 [2:36:21/2:49:10]  Acc_iter 35650       Data time: 0.01(0.01)  Forward time: 0.25(0.25)  Batch time: 0.26(0.26)
2025-06-18 11:44:26,489   INFO  Train:   39/80 ( 49%) [ 435/928 ( 47%)]  Loss: 0.3348 (0.436)  LR: 2.868e-03  Time cost: 01:54/02:09 [2:36:34/2:48:48]  Acc_iter 35700       Data time: 0.01(0.01)  Forward time: 0.25(0.25)  Batch time: 0.26(0.26)
2025-06-18 11:44:26,691   INFO  user                                   Wed Jun 18 11:44:26 2025  535.183.01
[0] NVIDIA GeForce RTX 4060 Laptop GPU | 63°C,  94 % |  6432 /  8188 MB | user(6414M) gdm(4M) user(4M)

2025-06-18 11:44:39,733   INFO  Train:   39/80 ( 49%) [ 485/928 ( 52%)]  Loss: 0.4209 (0.437)  LR: 2.865e-03  Time cost: 02:07/01:56 [2:36:47/2:48:44]  Acc_iter 35750       Data time: 0.01(0.01)  Forward time: 0.25(0.25)  Batch time: 0.26(0.26)
2025-06-18 11:44:52,825   INFO  Train:   39/80 ( 49%) [ 535/928 ( 58%)]  Loss: 0.4310 (0.437)  LR: 2.863e-03  Time cost: 02:20/01:43 [2:37:01/2:48:26]  Acc_iter 35800       Data time: 0.01(0.01)  Forward time: 0.25(0.25)  Batch time: 0.26(0.26)
2025-06-18 11:45:05,894   INFO  Train:   39/80 ( 49%) [ 585/928 ( 63%)]  Loss: 0.4545 (0.436)  LR: 2.861e-03  Time cost: 02:33/01:30 [2:37:14/2:48:08]  Acc_iter 35850       Data time: 0.01(0.01)  Forward time: 0.25(0.25)  Batch time: 0.26(0.26)
2025-06-18 11:45:06,091   INFO  user                                   Wed Jun 18 11:45:06 2025  535.183.01
[0] NVIDIA GeForce RTX 4060 Laptop GPU | 63°C,  97 % |  6432 /  8188 MB | user(6414M) gdm(4M) user(4M)

2025-06-18 11:45:19,173   INFO  Train:   39/80 ( 49%) [ 635/928 ( 68%)]  Loss: 0.4551 (0.437)  LR: 2.859e-03  Time cost: 02:47/01:17 [2:37:27/2:48:03]  Acc_iter 35900       Data time: 0.01(0.01)  Forward time: 0.26(0.25)  Batch time: 0.27(0.26)
2025-06-18 11:45:32,297   INFO  Train:   39/80 ( 49%) [ 685/928 ( 74%)]  Loss: 0.4379 (0.437)  LR: 2.856e-03  Time cost: 03:00/01:03 [2:37:40/2:47:49]  Acc_iter 35950       Data time: 0.01(0.01)  Forward time: 0.25(0.25)  Batch time: 0.26(0.26)
2025-06-18 11:45:45,353   INFO  Train:   39/80 ( 49%) [ 735/928 ( 79%)]  Loss: 0.4097 (0.437)  LR: 2.854e-03  Time cost: 03:13/00:50 [2:37:53/2:47:31]  Acc_iter 36000       Data time: 0.01(0.01)  Forward time: 0.25(0.25)  Batch time: 0.26(0.26)
2025-06-18 11:45:45,625   INFO  user                                   Wed Jun 18 11:45:45 2025  535.183.01
[0] NVIDIA GeForce RTX 4060 Laptop GPU | 63°C,  95 % |  6432 /  8188 MB | user(6414M) gdm(4M) user(4M)

2025-06-18 11:45:58,672   INFO  Train:   39/80 ( 49%) [ 785/928 ( 85%)]  Loss: 0.4079 (0.436)  LR: 2.852e-03  Time cost: 03:26/00:37 [2:38:06/2:47:26]  Acc_iter 36050       Data time: 0.01(0.01)  Forward time: 0.25(0.25)  Batch time: 0.26(0.26)
2025-06-18 11:46:11,817   INFO  Train:   39/80 ( 49%) [ 835/928 ( 90%)]  Loss: 0.4452 (0.437)  LR: 2.850e-03  Time cost: 03:39/00:24 [2:38:20/2:47:13]  Acc_iter 36100       Data time: 0.01(0.01)  Forward time: 0.25(0.25)  Batch time: 0.26(0.26)
2025-06-18 11:46:24,883   INFO  Train:   39/80 ( 49%) [ 885/928 ( 95%)]  Loss: 0.5507 (0.436)  LR: 2.847e-03  Time cost: 03:52/00:11 [2:38:33/2:46:56]  Acc_iter 36150       Data time: 0.01(0.01)  Forward time: 0.25(0.25)  Batch time: 0.26(0.26)
2025-06-18 11:46:25,104   INFO  user                                   Wed Jun 18 11:46:25 2025  535.183.01
[0] NVIDIA GeForce RTX 4060 Laptop GPU | 63°C,  97 % |  6432 /  8188 MB | user(6414M) gdm(4M) user(4M)

2025-06-18 11:46:36,092   INFO  Train:   39/80 ( 49%) [ 927/928 (100%)]  Loss: 0.4456 (0.437)  LR: 2.845e-03  Time cost: 04:04/00:00 [2:38:44/2:46:51]  Acc_iter 36192       Data time: 0.02(0.01)  Forward time: 0.25(0.25)  Batch time: 0.27(0.26)
2025-06-18 11:46:36,651   INFO  Train:   40/80 ( 50%) [   0/928 (  0%)]  Loss: 0.4020 (0.402)  LR: 2.845e-03  Time cost: 00:00/06:29 [2:38:44/4:26:11]  Acc_iter 36193       Data time: 0.12(0.12)  Forward time: 0.29(0.29)  Batch time: 0.41(0.41)
2025-06-18 11:46:38,483   INFO  Train:   40/80 ( 50%) [   7/928 (  1%)]  Loss: 0.4539 (0.462)  LR: 2.845e-03  Time cost: 00:02/04:19 [2:38:46/2:58:29]  Acc_iter 36200       Data time: 0.01(0.03)  Forward time: 0.25(0.25)  Batch time: 0.26(0.28)
2025-06-18 11:46:51,543   INFO  Train:   40/80 ( 50%) [  57/928 (  6%)]  Loss: 0.4034 (0.434)  LR: 2.843e-03  Time cost: 00:15/03:49 [2:38:59/2:47:09]  Acc_iter 36250       Data time: 0.01(0.01)  Forward time: 0.25(0.25)  Batch time: 0.26(0.26)
2025-06-18 11:47:04,600   INFO  Train:   40/80 ( 50%) [ 107/928 ( 12%)]  Loss: 0.4205 (0.435)  LR: 2.840e-03  Time cost: 00:28/03:35 [2:39:12/2:46:05]  Acc_iter 36300       Data time: 0.01(0.01)  Forward time: 0.25(0.25)  Batch time: 0.26(0.26)
2025-06-18 11:47:04,875   INFO  user                                   Wed Jun 18 11:47:04 2025  535.183.01
[0] NVIDIA GeForce RTX 4060 Laptop GPU | 63°C,  77 % |  6432 /  8188 MB | user(6414M) gdm(4M) user(4M)

2025-06-18 11:47:17,956   INFO  Train:   40/80 ( 50%) [ 157/928 ( 17%)]  Loss: 0.4373 (0.431)  LR: 2.838e-03  Time cost: 00:41/03:23 [2:39:26/2:46:46]  Acc_iter 36350       Data time: 0.01(0.01)  Forward time: 0.25(0.25)  Batch time: 0.26(0.26)
2025-06-18 11:47:31,041   INFO  Train:   40/80 ( 50%) [ 207/928 ( 22%)]  Loss: 0.4602 (0.430)  LR: 2.835e-03  Time cost: 00:54/03:09 [2:39:39/2:46:11]  Acc_iter 36400       Data time: 0.01(0.01)  Forward time: 0.25(0.25)  Batch time: 0.26(0.26)
2025-06-18 11:47:44,107   INFO  Train:   40/80 ( 50%) [ 257/928 ( 28%)]  Loss: 0.4258 (0.431)  LR: 2.833e-03  Time cost: 01:07/02:56 [2:39:52/2:45:42]  Acc_iter 36450       Data time: 0.01(0.01)  Forward time: 0.25(0.25)  Batch time: 0.26(0.26)
2025-06-18 11:47:44,333   INFO  user                                   Wed Jun 18 11:47:44 2025  535.183.01
[0] NVIDIA GeForce RTX 4060 Laptop GPU | 63°C,  96 % |  6432 /  8188 MB | user(6414M) gdm(4M) user(4M)

2025-06-18 11:47:57,412   INFO  Train:   40/80 ( 50%) [ 307/928 ( 33%)]  Loss: 0.3644 (0.433)  LR: 2.831e-03  Time cost: 01:21/02:43 [2:40:05/2:45:47]  Acc_iter 36500       Data time: 0.01(0.01)  Forward time: 0.25(0.25)  Batch time: 0.26(0.26)
2025-06-18 11:48:10,485   INFO  Train:   40/80 ( 50%) [ 357/928 ( 38%)]  Loss: 0.4128 (0.431)  LR: 2.828e-03  Time cost: 01:34/02:30 [2:40:18/2:45:23]  Acc_iter 36550       Data time: 0.01(0.01)  Forward time: 0.25(0.25)  Batch time: 0.26(0.26)
2025-06-18 11:48:23,572   INFO  Train:   40/80 ( 50%) [ 407/928 ( 44%)]  Loss: 0.3751 (0.432)  LR: 2.826e-03  Time cost: 01:47/02:17 [2:40:31/2:45:02]  Acc_iter 36600       Data time: 0.01(0.01)  Forward time: 0.25(0.25)  Batch time: 0.26(0.26)
2025-06-18 11:48:23,808   INFO  user                                   Wed Jun 18 11:48:23 2025  535.183.01
[0] NVIDIA GeForce RTX 4060 Laptop GPU | 63°C,  76 % |  6432 /  8188 MB | user(6414M) gdm(4M) user(4M)

2025-06-18 11:48:36,845   INFO  Train:   40/80 ( 50%) [ 457/928 ( 49%)]  Loss: 0.4352 (0.433)  LR: 2.823e-03  Time cost: 02:00/02:04 [2:40:45/2:44:59]  Acc_iter 36650       Data time: 0.01(0.01)  Forward time: 0.25(0.25)  Batch time: 0.26(0.26)
2025-06-18 11:48:49,887   INFO  Train:   40/80 ( 50%) [ 507/928 ( 55%)]  Loss: 0.4011 (0.433)  LR: 2.821e-03  Time cost: 02:13/01:50 [2:40:58/2:44:37]  Acc_iter 36700       Data time: 0.01(0.01)  Forward time: 0.25(0.25)  Batch time: 0.26(0.26)
2025-06-18 11:49:02,950   INFO  Train:   40/80 ( 50%) [ 557/928 ( 60%)]  Loss: 0.4708 (0.433)  LR: 2.818e-03  Time cost: 02:26/01:37 [2:41:11/2:44:17]  Acc_iter 36750       Data time: 0.01(0.01)  Forward time: 0.25(0.25)  Batch time: 0.26(0.26)
2025-06-18 11:49:03,172   INFO  user                                   Wed Jun 18 11:49:03 2025  535.183.01
[0] NVIDIA GeForce RTX 4060 Laptop GPU | 63°C,  70 % |  6432 /  8188 MB | user(6414M) gdm(4M) user(4M)

2025-06-18 11:49:16,263   INFO  Train:   40/80 ( 50%) [ 607/928 ( 65%)]  Loss: 0.3655 (0.432)  LR: 2.816e-03  Time cost: 02:40/01:24 [2:41:24/2:44:14]  Acc_iter 36800       Data time: 0.01(0.01)  Forward time: 0.25(0.25)  Batch time: 0.26(0.26)
2025-06-18 11:49:29,345   INFO  Train:   40/80 ( 50%) [ 657/928 ( 71%)]  Loss: 0.4490 (0.433)  LR: 2.813e-03  Time cost: 02:53/01:11 [2:41:37/2:43:57]  Acc_iter 36850       Data time: 0.01(0.01)  Forward time: 0.25(0.25)  Batch time: 0.26(0.26)
2025-06-18 11:49:42,374   INFO  Train:   40/80 ( 50%) [ 707/928 ( 76%)]  Loss: 0.4451 (0.433)  LR: 2.811e-03  Time cost: 03:06/00:58 [2:41:50/2:43:37]  Acc_iter 36900       Data time: 0.01(0.01)  Forward time: 0.25(0.25)  Batch time: 0.26(0.26)
2025-06-18 11:49:42,588   INFO  user                                   Wed Jun 18 11:49:42 2025  535.183.01
[0] NVIDIA GeForce RTX 4060 Laptop GPU | 63°C,  87 % |  6432 /  8188 MB | user(6414M) gdm(4M) user(4M)

2025-06-18 11:49:55,664   INFO  Train:   40/80 ( 50%) [ 757/928 ( 82%)]  Loss: 0.4750 (0.433)  LR: 2.808e-03  Time cost: 03:19/00:44 [2:42:03/2:43:31]  Acc_iter 36950       Data time: 0.01(0.01)  Forward time: 0.25(0.25)  Batch time: 0.26(0.26)
2025-06-18 11:50:08,773   INFO  Train:   40/80 ( 50%) [ 807/928 ( 87%)]  Loss: 0.4538 (0.433)  LR: 2.805e-03  Time cost: 03:32/00:31 [2:42:17/2:43:16]  Acc_iter 37000       Data time: 0.01(0.01)  Forward time: 0.25(0.25)  Batch time: 0.27(0.26)
2025-06-18 11:50:21,827   INFO  Train:   40/80 ( 50%) [ 857/928 ( 92%)]  Loss: 0.4178 (0.432)  LR: 2.803e-03  Time cost: 03:45/00:18 [2:42:30/2:42:58]  Acc_iter 37050       Data time: 0.01(0.01)  Forward time: 0.25(0.25)  Batch time: 0.26(0.26)
2025-06-18 11:50:22,043   INFO  user                                   Wed Jun 18 11:50:22 2025  535.183.01
[0] NVIDIA GeForce RTX 4060 Laptop GPU | 63°C,  97 % |  6432 /  8188 MB | user(6414M) gdm(4M) user(4M)

2025-06-18 11:50:35,141   INFO  Train:   40/80 ( 50%) [ 907/928 ( 98%)]  Loss: 0.3648 (0.432)  LR: 2.800e-03  Time cost: 03:58/00:05 [2:42:43/2:42:52]  Acc_iter 37100       Data time: 0.01(0.01)  Forward time: 0.25(0.25)  Batch time: 0.26(0.26)
2025-06-18 11:50:40,353   INFO  Train:   40/80 ( 50%) [ 927/928 (100%)]  Loss: 0.4614 (0.432)  LR: 2.799e-03  Time cost: 04:04/00:00 [2:42:48/2:42:45]  Acc_iter 37120       Data time: 0.01(0.01)  Forward time: 0.25(0.25)  Batch time: 0.26(0.26)
2025-06-18 11:50:41,005   INFO  Train:   41/80 ( 51%) [   0/928 (  0%)]  Loss: 0.5287 (0.529)  LR: 2.799e-03  Time cost: 00:00/06:28 [2:42:49/4:18:46]  Acc_iter 37121       Data time: 0.14(0.14)  Forward time: 0.26(0.26)  Batch time: 0.41(0.41)
2025-06-18 11:50:48,577   INFO  Train:   41/80 ( 51%) [  29/928 (  3%)]  Loss: 0.4147 (0.437)  LR: 2.798e-03  Time cost: 00:07/03:59 [2:42:56/2:44:38]  Acc_iter 37150       Data time: 0.01(0.02)  Forward time: 0.25(0.25)  Batch time: 0.26(0.27)
2025-06-18 11:51:01,640   INFO  Train:   41/80 ( 51%) [  79/928 (  9%)]  Loss: 0.3656 (0.429)  LR: 2.795e-03  Time cost: 00:21/03:43 [2:43:09/2:42:27]  Acc_iter 37200       Data time: 0.01(0.01)  Forward time: 0.25(0.25)  Batch time: 0.26(0.26)
2025-06-18 11:51:01,853   INFO  user                                   Wed Jun 18 11:51:01 2025  535.183.01
[0] NVIDIA GeForce RTX 4060 Laptop GPU | 63°C,  95 % |  6432 /  8188 MB | user(6414M) gdm(4M) user(4M)

2025-06-18 11:51:14,902   INFO  Train:   41/80 ( 51%) [ 129/928 ( 14%)]  Loss: 0.4145 (0.432)  LR: 2.792e-03  Time cost: 00:34/03:30 [2:43:23/2:42:44]  Acc_iter 37250       Data time: 0.01(0.01)  Forward time: 0.25(0.25)  Batch time: 0.26(0.26)
2025-06-18 11:51:27,969   INFO  Train:   41/80 ( 51%) [ 179/928 ( 19%)]  Loss: 0.4802 (0.433)  LR: 2.789e-03  Time cost: 00:47/03:17 [2:43:36/2:42:04]  Acc_iter 37300       Data time: 0.01(0.01)  Forward time: 0.25(0.25)  Batch time: 0.26(0.26)
2025-06-18 11:51:41,043   INFO  Train:   41/80 ( 51%) [ 229/928 ( 25%)]  Loss: 0.3781 (0.433)  LR: 2.787e-03  Time cost: 01:00/03:03 [2:43:49/2:41:36]  Acc_iter 37350       Data time: 0.02(0.01)  Forward time: 0.25(0.25)  Batch time: 0.26(0.26)
2025-06-18 11:51:41,260   INFO  user                                   Wed Jun 18 11:51:41 2025  535.183.01
[0] NVIDIA GeForce RTX 4060 Laptop GPU | 63°C,  95 % |  6432 /  8188 MB | user(6414M) gdm(4M) user(4M)

2025-06-18 11:51:54,318   INFO  Train:   41/80 ( 51%) [ 279/928 ( 30%)]  Loss: 0.3696 (0.432)  LR: 2.784e-03  Time cost: 01:13/02:50 [2:44:02/2:41:41]  Acc_iter 37400       Data time: 0.01(0.01)  Forward time: 0.25(0.25)  Batch time: 0.26(0.26)
2025-06-18 11:52:07,377   INFO  Train:   41/80 ( 51%) [ 329/928 ( 35%)]  Loss: 0.4858 (0.431)  LR: 2.781e-03  Time cost: 01:26/02:37 [2:44:15/2:41:15]  Acc_iter 37450       Data time: 0.01(0.01)  Forward time: 0.25(0.25)  Batch time: 0.26(0.26)
2025-06-18 11:52:20,442   INFO  Train:   41/80 ( 51%) [ 379/928 ( 41%)]  Loss: 0.5234 (0.432)  LR: 2.779e-03  Time cost: 01:39/02:24 [2:44:28/2:40:54]  Acc_iter 37500       Data time: 0.01(0.01)  Forward time: 0.25(0.25)  Batch time: 0.26(0.26)
2025-06-18 11:52:20,686   INFO  user                                   Wed Jun 18 11:52:20 2025  535.183.01
[0] NVIDIA GeForce RTX 4060 Laptop GPU | 63°C,  95 % |  6432 /  8188 MB | user(6414M) gdm(4M) user(4M)

2025-06-18 11:52:33,731   INFO  Train:   41/80 ( 51%) [ 429/928 ( 46%)]  Loss: 0.4787 (0.433)  LR: 2.776e-03  Time cost: 01:53/02:11 [2:44:41/2:40:54]  Acc_iter 37550       Data time: 0.01(0.01)  Forward time: 0.25(0.25)  Batch time: 0.26(0.26)
2025-06-18 11:52:46,836   INFO  Train:   41/80 ( 51%) [ 479/928 ( 52%)]  Loss: 0.3803 (0.433)  LR: 2.773e-03  Time cost: 02:06/01:58 [2:44:55/2:40:37]  Acc_iter 37600       Data time: 0.01(0.01)  Forward time: 0.25(0.25)  Batch time: 0.26(0.26)
2025-06-18 11:52:59,902   INFO  Train:   41/80 ( 51%) [ 529/928 ( 57%)]  Loss: 0.3825 (0.432)  LR: 2.770e-03  Time cost: 02:19/01:44 [2:45:08/2:40:18]  Acc_iter 37650       Data time: 0.01(0.01)  Forward time: 0.25(0.25)  Batch time: 0.26(0.26)
2025-06-18 11:53:00,100   INFO  user                                   Wed Jun 18 11:53:00 2025  535.183.01
[0] NVIDIA GeForce RTX 4060 Laptop GPU | 63°C,  84 % |  6432 /  8188 MB | user(6414M) gdm(4M) user(4M)

2025-06-18 11:53:13,163   INFO  Train:   41/80 ( 51%) [ 579/928 ( 62%)]  Loss: 0.3933 (0.431)  LR: 2.767e-03  Time cost: 02:32/01:31 [2:45:21/2:40:12]  Acc_iter 37700       Data time: 0.01(0.01)  Forward time: 0.25(0.25)  Batch time: 0.26(0.26)
2025-06-18 11:53:26,264   INFO  Train:   41/80 ( 51%) [ 629/928 ( 68%)]  Loss: 0.4390 (0.430)  LR: 2.765e-03  Time cost: 02:45/01:18 [2:45:34/2:39:56]  Acc_iter 37750       Data time: 0.01(0.01)  Forward time: 0.25(0.25)  Batch time: 0.26(0.26)
2025-06-18 11:53:39,300   INFO  Train:   41/80 ( 51%) [ 679/928 ( 73%)]  Loss: 0.4426 (0.431)  LR: 2.762e-03  Time cost: 02:58/01:05 [2:45:47/2:39:37]  Acc_iter 37800       Data time: 0.01(0.01)  Forward time: 0.25(0.25)  Batch time: 0.26(0.26)
2025-06-18 11:53:39,510   INFO  user                                   Wed Jun 18 11:53:39 2025  535.183.01
[0] NVIDIA GeForce RTX 4060 Laptop GPU | 63°C,  88 % |  6432 /  8188 MB | user(6414M) gdm(4M) user(4M)

2025-06-18 11:53:52,558   INFO  Train:   41/80 ( 51%) [ 729/928 ( 79%)]  Loss: 0.4094 (0.431)  LR: 2.759e-03  Time cost: 03:11/00:52 [2:46:00/2:39:29]  Acc_iter 37850       Data time: 0.01(0.01)  Forward time: 0.25(0.25)  Batch time: 0.26(0.26)
2025-06-18 11:54:05,612   INFO  Train:   41/80 ( 51%) [ 779/928 ( 84%)]  Loss: 0.5715 (0.432)  LR: 2.756e-03  Time cost: 03:25/00:39 [2:46:13/2:39:12]  Acc_iter 37900       Data time: 0.01(0.01)  Forward time: 0.25(0.25)  Batch time: 0.26(0.26)
2025-06-18 11:54:18,683   INFO  Train:   41/80 ( 51%) [ 829/928 ( 89%)]  Loss: 0.4204 (0.432)  LR: 2.753e-03  Time cost: 03:38/00:26 [2:46:26/2:38:56]  Acc_iter 37950       Data time: 0.01(0.01)  Forward time: 0.25(0.25)  Batch time: 0.26(0.26)
2025-06-18 11:54:18,927   INFO  user                                   Wed Jun 18 11:54:18 2025  535.183.01
[0] NVIDIA GeForce RTX 4060 Laptop GPU | 63°C,  87 % |  6432 /  8188 MB | user(6414M) gdm(4M) user(4M)

2025-06-18 11:54:31,990   INFO  Train:   41/80 ( 51%) [ 879/928 ( 95%)]  Loss: 0.3961 (0.432)  LR: 2.750e-03  Time cost: 03:51/00:12 [2:46:40/2:38:49]  Acc_iter 38000       Data time: 0.01(0.01)  Forward time: 0.25(0.25)  Batch time: 0.26(0.26)
2025-06-18 11:54:44,550   INFO  Train:   41/80 ( 51%) [ 927/928 (100%)]  Loss: 0.4054 (0.432)  LR: 2.747e-03  Time cost: 04:03/00:00 [2:46:52/2:38:34]  Acc_iter 38048       Data time: 0.01(0.01)  Forward time: 0.25(0.25)  Batch time: 0.26(0.26)
2025-06-18 11:54:45,050   INFO  Train:   42/80 ( 52%) [   0/928 (  0%)]  Loss: 0.3743 (0.374)  LR: 2.747e-03  Time cost: 00:00/05:43 [2:46:53/3:43:21]  Acc_iter 38049       Data time: 0.10(0.10)  Forward time: 0.26(0.26)  Batch time: 0.36(0.36)
2025-06-18 11:54:45,313   INFO  Train:   42/80 ( 52%) [   1/928 (  0%)]  Loss: 0.3471 (0.361)  LR: 2.747e-03  Time cost: 00:00/04:53 [2:46:53/3:11:03]  Acc_iter 38050       Data time: 0.01(0.06)  Forward time: 0.25(0.25)  Batch time: 0.26(0.31)
2025-06-18 11:54:58,388   INFO  Train:   42/80 ( 52%) [  51/928 (  5%)]  Loss: 0.3641 (0.426)  LR: 2.744e-03  Time cost: 00:13/03:51 [2:47:06/2:38:47]  Acc_iter 38100       Data time: 0.01(0.01)  Forward time: 0.25(0.25)  Batch time: 0.26(0.26)
2025-06-18 11:54:58,588   INFO  user                                   Wed Jun 18 11:54:58 2025  535.183.01
[0] NVIDIA GeForce RTX 4060 Laptop GPU | 63°C,  95 % |  6432 /  8188 MB | user(6414M) gdm(4M) user(4M)

2025-06-18 11:55:11,692   INFO  Train:   42/80 ( 52%) [ 101/928 ( 11%)]  Loss: 0.4258 (0.423)  LR: 2.741e-03  Time cost: 00:27/03:39 [2:47:19/2:39:18]  Acc_iter 38150       Data time: 0.01(0.02)  Forward time: 0.25(0.25)  Batch time: 0.26(0.26)
2025-06-18 11:55:24,762   INFO  Train:   42/80 ( 52%) [ 151/928 ( 16%)]  Loss: 0.4127 (0.422)  LR: 2.738e-03  Time cost: 00:40/03:24 [2:47:32/2:38:24]  Acc_iter 38200       Data time: 0.01(0.01)  Forward time: 0.25(0.25)  Batch time: 0.26(0.26)
2025-06-18 11:55:37,850   INFO  Train:   42/80 ( 52%) [ 201/928 ( 22%)]  Loss: 0.5835 (0.422)  LR: 2.735e-03  Time cost: 00:53/03:11 [2:47:46/2:37:53]  Acc_iter 38250       Data time: 0.01(0.01)  Forward time: 0.25(0.25)  Batch time: 0.26(0.26)
2025-06-18 11:55:38,050   INFO  user                                   Wed Jun 18 11:55:38 2025  535.183.01
[0] NVIDIA GeForce RTX 4060 Laptop GPU | 63°C,  83 % |  6432 /  8188 MB | user(6414M) gdm(4M) user(4M)

2025-06-18 11:55:51,094   INFO  Train:   42/80 ( 52%) [ 251/928 ( 27%)]  Loss: 0.4195 (0.421)  LR: 2.732e-03  Time cost: 01:06/02:58 [2:47:59/2:37:52]  Acc_iter 38300       Data time: 0.01(0.01)  Forward time: 0.25(0.25)  Batch time: 0.26(0.26)
2025-06-18 11:56:04,166   INFO  Train:   42/80 ( 52%) [ 301/928 ( 32%)]  Loss: 0.4361 (0.421)  LR: 2.729e-03  Time cost: 01:19/02:45 [2:48:12/2:37:26]  Acc_iter 38350       Data time: 0.01(0.01)  Forward time: 0.25(0.25)  Batch time: 0.26(0.26)
2025-06-18 11:56:17,281   INFO  Train:   42/80 ( 52%) [ 351/928 ( 38%)]  Loss: 0.3859 (0.421)  LR: 2.726e-03  Time cost: 01:32/02:31 [2:48:25/2:37:08]  Acc_iter 38400       Data time: 0.01(0.01)  Forward time: 0.25(0.25)  Batch time: 0.26(0.26)
2025-06-18 11:56:17,503   INFO  user                                   Wed Jun 18 11:56:17 2025  535.183.01
[0] NVIDIA GeForce RTX 4060 Laptop GPU | 63°C,  97 % |  6432 /  8188 MB | user(6414M) gdm(4M) user(4M)

2025-06-18 11:56:30,549   INFO  Train:   42/80 ( 52%) [ 401/928 ( 43%)]  Loss: 0.4037 (0.421)  LR: 2.723e-03  Time cost: 01:45/02:18 [2:48:38/2:37:05]  Acc_iter 38450       Data time: 0.01(0.01)  Forward time: 0.25(0.25)  Batch time: 0.26(0.26)
2025-06-18 11:56:43,634   INFO  Train:   42/80 ( 52%) [ 451/928 ( 49%)]  Loss: 0.4091 (0.420)  LR: 2.720e-03  Time cost: 01:58/02:05 [2:48:51/2:36:46]  Acc_iter 38500       Data time: 0.01(0.01)  Forward time: 0.25(0.25)  Batch time: 0.26(0.26)
2025-06-18 11:56:56,669   INFO  Train:   42/80 ( 52%) [ 501/928 ( 54%)]  Loss: 0.3792 (0.420)  LR: 2.717e-03  Time cost: 02:11/01:52 [2:49:04/2:36:24]  Acc_iter 38550       Data time: 0.01(0.01)  Forward time: 0.25(0.25)  Batch time: 0.26(0.26)
2025-06-18 11:56:56,868   INFO  user                                   Wed Jun 18 11:56:56 2025  535.183.01
[0] NVIDIA GeForce RTX 4060 Laptop GPU | 63°C,  97 % |  6432 /  8188 MB | user(6414M) gdm(4M) user(4M)

2025-06-18 11:57:09,914   INFO  Train:   42/80 ( 52%) [ 551/928 ( 59%)]  Loss: 0.3897 (0.419)  LR: 2.714e-03  Time cost: 02:25/01:39 [2:49:18/2:36:17]  Acc_iter 38600       Data time: 0.01(0.01)  Forward time: 0.25(0.25)  Batch time: 0.26(0.26)
2025-06-18 11:57:23,011   INFO  Train:   42/80 ( 52%) [ 601/928 ( 65%)]  Loss: 0.4917 (0.420)  LR: 2.711e-03  Time cost: 02:38/01:26 [2:49:31/2:36:00]  Acc_iter 38650       Data time: 0.02(0.01)  Forward time: 0.25(0.25)  Batch time: 0.26(0.26)
2025-06-18 11:57:36,050   INFO  Train:   42/80 ( 52%) [ 651/928 ( 70%)]  Loss: 0.4605 (0.419)  LR: 2.708e-03  Time cost: 02:51/01:12 [2:49:44/2:35:41]  Acc_iter 38700       Data time: 0.01(0.01)  Forward time: 0.25(0.25)  Batch time: 0.26(0.26)
2025-06-18 11:57:36,268   INFO  user                                   Wed Jun 18 11:57:36 2025  535.183.01
[0] NVIDIA GeForce RTX 4060 Laptop GPU | 63°C,  97 % |  6432 /  8188 MB | user(6414M) gdm(4M) user(4M)

2025-06-18 11:57:49,333   INFO  Train:   42/80 ( 52%) [ 701/928 ( 76%)]  Loss: 0.3992 (0.419)  LR: 2.704e-03  Time cost: 03:04/00:59 [2:49:57/2:35:35]  Acc_iter 38750       Data time: 0.01(0.01)  Forward time: 0.25(0.25)  Batch time: 0.26(0.26)
2025-06-18 11:58:02,410   INFO  Train:   42/80 ( 52%) [ 751/928 ( 81%)]  Loss: 0.3812 (0.420)  LR: 2.701e-03  Time cost: 03:17/00:46 [2:50:10/2:35:18]  Acc_iter 38800       Data time: 0.01(0.01)  Forward time: 0.25(0.25)  Batch time: 0.26(0.26)
2025-06-18 11:58:15,477   INFO  Train:   42/80 ( 52%) [ 801/928 ( 86%)]  Loss: 0.3728 (0.420)  LR: 2.698e-03  Time cost: 03:30/00:33 [2:50:23/2:35:02]  Acc_iter 38850       Data time: 0.01(0.01)  Forward time: 0.25(0.25)  Batch time: 0.26(0.26)
2025-06-18 11:58:15,703   INFO  user                                   Wed Jun 18 11:58:15 2025  535.183.01
[0] NVIDIA GeForce RTX 4060 Laptop GPU | 63°C,  97 % |  6432 /  8188 MB | user(6414M) gdm(4M) user(4M)

2025-06-18 11:58:28,820   INFO  Train:   42/80 ( 52%) [ 851/928 ( 92%)]  Loss: 0.3788 (0.421)  LR: 2.695e-03  Time cost: 03:44/00:20 [2:50:37/2:34:57]  Acc_iter 38900       Data time: 0.01(0.01)  Forward time: 0.25(0.25)  Batch time: 0.27(0.26)
2025-06-18 11:58:41,921   INFO  Train:   42/80 ( 52%) [ 901/928 ( 97%)]  Loss: 0.4569 (0.421)  LR: 2.692e-03  Time cost: 03:57/00:07 [2:50:50/2:34:42]  Acc_iter 38950       Data time: 0.01(0.01)  Forward time: 0.25(0.25)  Batch time: 0.26(0.26)
2025-06-18 11:58:48,717   INFO  Train:   42/80 ( 52%) [ 927/928 (100%)]  Loss: 0.4797 (0.421)  LR: 2.690e-03  Time cost: 04:04/00:00 [2:50:56/2:34:33]  Acc_iter 38976       Data time: 0.01(0.01)  Forward time: 0.25(0.25)  Batch time: 0.26(0.26)
2025-06-18 11:58:49,337   INFO  Train:   43/80 ( 54%) [   0/928 (  0%)]  Loss: 0.3801 (0.380)  LR: 2.690e-03  Time cost: 00:00/06:26 [2:50:57/4:04:36]  Acc_iter 38977       Data time: 0.14(0.14)  Forward time: 0.27(0.27)  Batch time: 0.41(0.41)
2025-06-18 11:58:55,333   INFO  Train:   43/80 ( 54%) [  23/928 (  2%)]  Loss: 0.4322 (0.447)  LR: 2.689e-03  Time cost: 00:06/04:01 [2:51:03/2:36:56]  Acc_iter 39000       Data time: 0.01(0.02)  Forward time: 0.25(0.25)  Batch time: 0.26(0.27)
2025-06-18 11:58:55,589   INFO  user                                   Wed Jun 18 11:58:55 2025  535.183.01
[0] NVIDIA GeForce RTX 4060 Laptop GPU | 63°C,  55 % |  6432 /  8188 MB | user(6414M) gdm(4M) user(4M)

2025-06-18 11:59:08,647   INFO  Train:   43/80 ( 54%) [  73/928 (  8%)]  Loss: 0.3612 (0.430)  LR: 2.685e-03  Time cost: 00:19/03:47 [2:51:16/2:36:21]  Acc_iter 39050       Data time: 0.01(0.02)  Forward time: 0.25(0.25)  Batch time: 0.26(0.27)
2025-06-18 11:59:21,711   INFO  Train:   43/80 ( 54%) [ 123/928 ( 13%)]  Loss: 0.4081 (0.428)  LR: 2.682e-03  Time cost: 00:32/03:32 [2:51:29/2:34:52]  Acc_iter 39100       Data time: 0.01(0.02)  Forward time: 0.25(0.25)  Batch time: 0.26(0.26)
2025-06-18 11:59:34,738   INFO  Train:   43/80 ( 54%) [ 173/928 ( 19%)]  Loss: 0.3753 (0.426)  LR: 2.679e-03  Time cost: 00:45/03:18 [2:51:42/2:34:00]  Acc_iter 39150       Data time: 0.01(0.01)  Forward time: 0.25(0.25)  Batch time: 0.26(0.26)
2025-06-18 11:59:34,939   INFO  user                                   Wed Jun 18 11:59:34 2025  535.183.01
[0] NVIDIA GeForce RTX 4060 Laptop GPU | 63°C,  64 % |  6432 /  8188 MB | user(6414M) gdm(4M) user(4M)

2025-06-18 11:59:47,990   INFO  Train:   43/80 ( 54%) [ 223/928 ( 24%)]  Loss: 0.4765 (0.425)  LR: 2.676e-03  Time cost: 00:59/03:05 [2:51:56/2:34:00]  Acc_iter 39200       Data time: 0.01(0.01)  Forward time: 0.25(0.25)  Batch time: 0.26(0.26)
2025-06-18 12:00:01,070   INFO  Train:   43/80 ( 54%) [ 273/928 ( 29%)]  Loss: 0.3828 (0.425)  LR: 2.672e-03  Time cost: 01:12/02:52 [2:52:09/2:33:33]  Acc_iter 39250       Data time: 0.01(0.01)  Forward time: 0.25(0.25)  Batch time: 0.26(0.26)
2025-06-18 12:00:14,133   INFO  Train:   43/80 ( 54%) [ 323/928 ( 35%)]  Loss: 0.5116 (0.424)  LR: 2.669e-03  Time cost: 01:25/02:39 [2:52:22/2:33:09]  Acc_iter 39300       Data time: 0.01(0.01)  Forward time: 0.25(0.25)  Batch time: 0.26(0.26)
2025-06-18 12:00:14,351   INFO  user                                   Wed Jun 18 12:00:14 2025  535.183.01
[0] NVIDIA GeForce RTX 4060 Laptop GPU | 62°C,  67 % |  6432 /  8188 MB | user(6414M) gdm(4M) user(4M)

2025-06-18 12:00:27,462   INFO  Train:   43/80 ( 54%) [ 373/928 ( 40%)]  Loss: 0.3974 (0.423)  LR: 2.666e-03  Time cost: 01:38/02:26 [2:52:35/2:33:13]  Acc_iter 39350       Data time: 0.01(0.01)  Forward time: 0.25(0.25)  Batch time: 0.26(0.26)
2025-06-18 12:00:40,515   INFO  Train:   43/80 ( 54%) [ 423/928 ( 46%)]  Loss: 0.3671 (0.422)  LR: 2.662e-03  Time cost: 01:51/02:12 [2:52:48/2:32:49]  Acc_iter 39400       Data time: 0.01(0.01)  Forward time: 0.25(0.25)  Batch time: 0.26(0.26)
2025-06-18 12:00:53,602   INFO  Train:   43/80 ( 54%) [ 473/928 ( 51%)]  Loss: 0.4321 (0.422)  LR: 2.659e-03  Time cost: 02:04/01:59 [2:53:01/2:32:31]  Acc_iter 39450       Data time: 0.01(0.01)  Forward time: 0.25(0.25)  Batch time: 0.26(0.26)
2025-06-18 12:00:53,851   INFO  user                                   Wed Jun 18 12:00:53 2025  535.183.01
[0] NVIDIA GeForce RTX 4060 Laptop GPU | 63°C,  97 % |  6432 /  8188 MB | user(6414M) gdm(4M) user(4M)

2025-06-18 12:01:06,931   INFO  Train:   43/80 ( 54%) [ 523/928 ( 56%)]  Loss: 0.4217 (0.421)  LR: 2.656e-03  Time cost: 02:18/01:46 [2:53:15/2:32:30]  Acc_iter 39500       Data time: 0.01(0.01)  Forward time: 0.25(0.25)  Batch time: 0.26(0.26)
2025-06-18 12:01:19,980   INFO  Train:   43/80 ( 54%) [ 573/928 ( 62%)]  Loss: 0.5159 (0.421)  LR: 2.652e-03  Time cost: 02:31/01:33 [2:53:28/2:32:09]  Acc_iter 39550       Data time: 0.01(0.01)  Forward time: 0.25(0.25)  Batch time: 0.26(0.26)
2025-06-18 12:01:33,043   INFO  Train:   43/80 ( 54%) [ 623/928 ( 67%)]  Loss: 0.4970 (0.421)  LR: 2.649e-03  Time cost: 02:44/01:20 [2:53:41/2:31:51]  Acc_iter 39600       Data time: 0.01(0.01)  Forward time: 0.25(0.25)  Batch time: 0.26(0.26)
2025-06-18 12:01:33,266   INFO  user                                   Wed Jun 18 12:01:33 2025  535.183.01
[0] NVIDIA GeForce RTX 4060 Laptop GPU | 62°C,  95 % |  6432 /  8188 MB | user(6414M) gdm(4M) user(4M)

2025-06-18 12:01:46,369   INFO  Train:   43/80 ( 54%) [ 673/928 ( 73%)]  Loss: 0.3914 (0.420)  LR: 2.645e-03  Time cost: 02:57/01:07 [2:53:54/2:31:47]  Acc_iter 39650       Data time: 0.01(0.01)  Forward time: 0.25(0.25)  Batch time: 0.26(0.26)
2025-06-18 12:01:59,461   INFO  Train:   43/80 ( 54%) [ 723/928 ( 78%)]  Loss: 0.3945 (0.419)  LR: 2.642e-03  Time cost: 03:10/00:53 [2:54:07/2:31:30]  Acc_iter 39700       Data time: 0.01(0.01)  Forward time: 0.25(0.25)  Batch time: 0.26(0.26)
2025-06-18 12:02:12,522   INFO  Train:   43/80 ( 54%) [ 773/928 ( 83%)]  Loss: 0.4517 (0.419)  LR: 2.639e-03  Time cost: 03:23/00:40 [2:54:20/2:31:12]  Acc_iter 39750       Data time: 0.01(0.01)  Forward time: 0.25(0.25)  Batch time: 0.26(0.26)
2025-06-18 12:02:12,757   INFO  user                                   Wed Jun 18 12:02:12 2025  535.183.01
[0] NVIDIA GeForce RTX 4060 Laptop GPU | 63°C,  80 % |  6432 /  8188 MB | user(6414M) gdm(4M) user(4M)

2025-06-18 12:02:25,845   INFO  Train:   43/80 ( 54%) [ 823/928 ( 89%)]  Loss: 0.4683 (0.419)  LR: 2.635e-03  Time cost: 03:36/00:27 [2:54:34/2:31:06]  Acc_iter 39800       Data time: 0.01(0.01)  Forward time: 0.25(0.25)  Batch time: 0.26(0.26)
2025-06-18 12:02:38,949   INFO  Train:   43/80 ( 54%) [ 873/928 ( 94%)]  Loss: 0.3847 (0.418)  LR: 2.632e-03  Time cost: 03:50/00:14 [2:54:47/2:30:51]  Acc_iter 39850       Data time: 0.01(0.01)  Forward time: 0.25(0.25)  Batch time: 0.26(0.26)
2025-06-18 12:02:52,026   INFO  Train:   43/80 ( 54%) [ 923/928 ( 99%)]  Loss: 0.4025 (0.418)  LR: 2.628e-03  Time cost: 04:03/00:01 [2:55:00/2:30:35]  Acc_iter 39900       Data time: 0.02(0.01)  Forward time: 0.25(0.25)  Batch time: 0.26(0.26)
2025-06-18 12:02:52,280   INFO  user                                   Wed Jun 18 12:02:52 2025  535.183.01
[0] NVIDIA GeForce RTX 4060 Laptop GPU | 63°C,  96 % |  6432 /  8188 MB | user(6414M) gdm(4M) user(4M)

2025-06-18 12:02:53,320   INFO  Train:   43/80 ( 54%) [ 927/928 (100%)]  Loss: 0.4139 (0.419)  LR: 2.628e-03  Time cost: 04:04/00:00 [2:55:01/2:30:43]  Acc_iter 39904       Data time: 0.01(0.01)  Forward time: 0.25(0.25)  Batch time: 0.26(0.26)
2025-06-18 12:02:53,901   INFO  Train:   44/80 ( 55%) [   0/928 (  0%)]  Loss: 0.3742 (0.374)  LR: 2.628e-03  Time cost: 00:00/06:46 [2:55:02/4:10:31]  Acc_iter 39905       Data time: 0.16(0.16)  Forward time: 0.26(0.26)  Batch time: 0.42(0.42)
2025-06-18 12:03:05,644   INFO  Train:   44/80 ( 55%) [  45/928 (  5%)]  Loss: 0.3760 (0.421)  LR: 2.625e-03  Time cost: 00:12/03:53 [2:55:13/2:31:19]  Acc_iter 39950       Data time: 0.01(0.02)  Forward time: 0.25(0.25)  Batch time: 0.26(0.26)
2025-06-18 12:03:18,736   INFO  Train:   44/80 ( 55%) [  95/928 ( 10%)]  Loss: 0.4321 (0.416)  LR: 2.621e-03  Time cost: 00:25/03:39 [2:55:26/2:30:14]  Acc_iter 40000       Data time: 0.01(0.01)  Forward time: 0.25(0.25)  Batch time: 0.26(0.26)
2025-06-18 12:03:31,790   INFO  Train:   44/80 ( 55%) [ 145/928 ( 16%)]  Loss: 0.3574 (0.414)  LR: 2.618e-03  Time cost: 00:38/03:25 [2:55:40/2:29:35]  Acc_iter 40050       Data time: 0.01(0.01)  Forward time: 0.25(0.25)  Batch time: 0.26(0.26)
2025-06-18 12:03:32,025   INFO  user                                   Wed Jun 18 12:03:32 2025  535.183.01
[0] NVIDIA GeForce RTX 4060 Laptop GPU | 63°C,  97 % |  6432 /  8188 MB | user(6414M) gdm(4M) user(4M)

2025-06-18 12:03:45,122   INFO  Train:   44/80 ( 55%) [ 195/928 ( 21%)]  Loss: 0.3812 (0.414)  LR: 2.614e-03  Time cost: 00:51/03:13 [2:55:53/2:29:58]  Acc_iter 40100       Data time: 0.01(0.01)  Forward time: 0.25(0.25)  Batch time: 0.26(0.26)
2025-06-18 12:03:58,193   INFO  Train:   44/80 ( 55%) [ 245/928 ( 26%)]  Loss: 0.3827 (0.414)  LR: 2.611e-03  Time cost: 01:04/02:59 [2:56:06/2:29:30]  Acc_iter 40150       Data time: 0.01(0.01)  Forward time: 0.25(0.25)  Batch time: 0.26(0.26)
2025-06-18 12:04:11,267   INFO  Train:   44/80 ( 55%) [ 295/928 ( 32%)]  Loss: 0.3400 (0.413)  LR: 2.607e-03  Time cost: 01:17/02:46 [2:56:19/2:29:07]  Acc_iter 40200       Data time: 0.01(0.01)  Forward time: 0.25(0.25)  Batch time: 0.26(0.26)
2025-06-18 12:04:11,471   INFO  user                                   Wed Jun 18 12:04:11 2025  535.183.01
[0] NVIDIA GeForce RTX 4060 Laptop GPU | 63°C,  72 % |  6432 /  8188 MB | user(6414M) gdm(4M) user(4M)

2025-06-18 12:04:24,528   INFO  Train:   44/80 ( 55%) [ 345/928 ( 37%)]  Loss: 0.3910 (0.414)  LR: 2.603e-03  Time cost: 01:31/02:33 [2:56:32/2:29:06]  Acc_iter 40250       Data time: 0.01(0.01)  Forward time: 0.25(0.25)  Batch time: 0.26(0.26)
2025-06-18 12:04:37,570   INFO  Train:   44/80 ( 55%) [ 395/928 ( 43%)]  Loss: 0.4406 (0.414)  LR: 2.600e-03  Time cost: 01:44/02:20 [2:56:45/2:28:42]  Acc_iter 40300       Data time: 0.01(0.01)  Forward time: 0.25(0.25)  Batch time: 0.27(0.26)
2025-06-18 12:04:50,698   INFO  Train:   44/80 ( 55%) [ 445/928 ( 48%)]  Loss: 0.3363 (0.413)  LR: 2.596e-03  Time cost: 01:57/02:06 [2:56:58/2:28:28]  Acc_iter 40350       Data time: 0.01(0.01)  Forward time: 0.25(0.25)  Batch time: 0.26(0.26)
2025-06-18 12:04:50,936   INFO  user                                   Wed Jun 18 12:04:50 2025  535.183.01
[0] NVIDIA GeForce RTX 4060 Laptop GPU | 62°C,  90 % |  6432 /  8188 MB | user(6414M) gdm(4M) user(4M)

2025-06-18 12:05:04,018   INFO  Train:   44/80 ( 55%) [ 495/928 ( 53%)]  Loss: 0.4444 (0.413)  LR: 2.593e-03  Time cost: 02:10/01:53 [2:57:12/2:28:27]  Acc_iter 40400       Data time: 0.01(0.01)  Forward time: 0.26(0.25)  Batch time: 0.27(0.26)
2025-06-18 12:05:17,125   INFO  Train:   44/80 ( 55%) [ 545/928 ( 59%)]  Loss: 0.3638 (0.414)  LR: 2.589e-03  Time cost: 02:23/01:40 [2:57:25/2:28:10]  Acc_iter 40450       Data time: 0.01(0.01)  Forward time: 0.25(0.25)  Batch time: 0.26(0.26)
2025-06-18 12:05:30,156   INFO  Train:   44/80 ( 55%) [ 595/928 ( 64%)]  Loss: 0.4659 (0.414)  LR: 2.585e-03  Time cost: 02:36/01:27 [2:57:38/2:27:50]  Acc_iter 40500       Data time: 0.01(0.01)  Forward time: 0.25(0.25)  Batch time: 0.26(0.26)
2025-06-18 12:05:30,365   INFO  user                                   Wed Jun 18 12:05:30 2025  535.183.01
[0] NVIDIA GeForce RTX 4060 Laptop GPU | 63°C,  96 % |  6432 /  8188 MB | user(6414M) gdm(4M) user(4M)

2025-06-18 12:05:43,425   INFO  Train:   44/80 ( 55%) [ 645/928 ( 70%)]  Loss: 0.4397 (0.414)  LR: 2.582e-03  Time cost: 02:49/01:14 [2:57:51/2:27:44]  Acc_iter 40550       Data time: 0.01(0.01)  Forward time: 0.25(0.25)  Batch time: 0.26(0.26)
2025-06-18 12:05:56,511   INFO  Train:   44/80 ( 55%) [ 695/928 ( 75%)]  Loss: 0.3559 (0.414)  LR: 2.578e-03  Time cost: 03:03/01:01 [2:58:04/2:27:27]  Acc_iter 40600       Data time: 0.01(0.01)  Forward time: 0.25(0.25)  Batch time: 0.26(0.26)
2025-06-18 12:06:09,604   INFO  Train:   44/80 ( 55%) [ 745/928 ( 80%)]  Loss: 0.4118 (0.414)  LR: 2.574e-03  Time cost: 03:16/00:48 [2:58:17/2:27:11]  Acc_iter 40650       Data time: 0.01(0.01)  Forward time: 0.25(0.25)  Batch time: 0.26(0.26)
2025-06-18 12:06:09,828   INFO  user                                   Wed Jun 18 12:06:09 2025  535.183.01
[0] NVIDIA GeForce RTX 4060 Laptop GPU | 63°C,  59 % |  6432 /  8188 MB | user(6414M) gdm(4M) user(4M)

2025-06-18 12:06:22,908   INFO  Train:   44/80 ( 55%) [ 795/928 ( 86%)]  Loss: 0.4246 (0.413)  LR: 2.571e-03  Time cost: 03:29/00:34 [2:58:31/2:27:05]  Acc_iter 40700       Data time: 0.01(0.01)  Forward time: 0.25(0.25)  Batch time: 0.27(0.26)
2025-06-18 12:06:35,987   INFO  Train:   44/80 ( 55%) [ 845/928 ( 91%)]  Loss: 0.3307 (0.413)  LR: 2.567e-03  Time cost: 03:42/00:21 [2:58:44/2:26:49]  Acc_iter 40750       Data time: 0.01(0.01)  Forward time: 0.25(0.25)  Batch time: 0.26(0.26)
2025-06-18 12:06:49,076   INFO  Train:   44/80 ( 55%) [ 895/928 ( 96%)]  Loss: 0.4421 (0.412)  LR: 2.563e-03  Time cost: 03:55/00:08 [2:58:57/2:26:33]  Acc_iter 40800       Data time: 0.02(0.01)  Forward time: 0.25(0.25)  Batch time: 0.27(0.26)
2025-06-18 12:06:49,335   INFO  user                                   Wed Jun 18 12:06:49 2025  535.183.01
[0] NVIDIA GeForce RTX 4060 Laptop GPU | 63°C,  96 % |  6432 /  8188 MB | user(6414M) gdm(4M) user(4M)

2025-06-18 12:06:57,686   INFO  Train:   44/80 ( 55%) [ 927/928 (100%)]  Loss: 0.4779 (0.412)  LR: 2.561e-03  Time cost: 04:04/00:00 [2:59:05/2:26:32]  Acc_iter 40832       Data time: 0.01(0.01)  Forward time: 0.25(0.25)  Batch time: 0.26(0.26)
2025-06-18 12:06:58,234   INFO  Train:   45/80 ( 56%) [   0/928 (  0%)]  Loss: 0.4421 (0.442)  LR: 2.561e-03  Time cost: 00:00/06:17 [2:59:06/3:46:13]  Acc_iter 40833       Data time: 0.12(0.12)  Forward time: 0.28(0.28)  Batch time: 0.40(0.40)
2025-06-18 12:07:02,687   INFO  Train:   45/80 ( 56%) [  17/928 (  2%)]  Loss: 0.3011 (0.405)  LR: 2.559e-03  Time cost: 00:04/04:05 [2:59:10/2:30:13]  Acc_iter 40850       Data time: 0.01(0.02)  Forward time: 0.25(0.25)  Batch time: 0.26(0.27)
2025-06-18 12:07:15,772   INFO  Train:   45/80 ( 56%) [  67/928 (  7%)]  Loss: 0.4598 (0.407)  LR: 2.556e-03  Time cost: 00:17/03:47 [2:59:24/2:26:38]  Acc_iter 40900       Data time: 0.01(0.01)  Forward time: 0.25(0.25)  Batch time: 0.26(0.26)
2025-06-18 12:07:28,848   INFO  Train:   45/80 ( 56%) [ 117/928 ( 13%)]  Loss: 0.3527 (0.411)  LR: 2.552e-03  Time cost: 00:31/03:33 [2:59:37/2:25:51]  Acc_iter 40950       Data time: 0.01(0.01)  Forward time: 0.25(0.25)  Batch time: 0.26(0.26)
2025-06-18 12:07:29,102   INFO  user                                   Wed Jun 18 12:07:29 2025  535.183.01
[0] NVIDIA GeForce RTX 4060 Laptop GPU | 63°C,  91 % |  6432 /  8188 MB | user(6414M) gdm(4M) user(4M)

2025-06-18 12:07:42,183   INFO  Train:   45/80 ( 56%) [ 167/928 ( 18%)]  Loss: 0.5439 (0.412)  LR: 2.548e-03  Time cost: 00:44/03:20 [2:59:50/2:26:16]  Acc_iter 41000       Data time: 0.01(0.01)  Forward time: 0.25(0.25)  Batch time: 0.26(0.26)
2025-06-18 12:07:55,273   INFO  Train:   45/80 ( 56%) [ 217/928 ( 23%)]  Loss: 0.3929 (0.414)  LR: 2.544e-03  Time cost: 00:57/03:07 [3:00:03/2:25:46]  Acc_iter 41050       Data time: 0.01(0.01)  Forward time: 0.25(0.25)  Batch time: 0.26(0.26)
2025-06-18 12:08:08,322   INFO  Train:   45/80 ( 56%) [ 267/928 ( 29%)]  Loss: 0.5190 (0.416)  LR: 2.541e-03  Time cost: 01:10/02:53 [3:00:16/2:25:17]  Acc_iter 41100       Data time: 0.01(0.01)  Forward time: 0.25(0.25)  Batch time: 0.26(0.26)
2025-06-18 12:08:08,585   INFO  user                                   Wed Jun 18 12:08:08 2025  535.183.01
[0] NVIDIA GeForce RTX 4060 Laptop GPU | 62°C,  36 % |  6432 /  8188 MB | user(6414M) gdm(4M) user(4M)

2025-06-18 12:08:21,629   INFO  Train:   45/80 ( 56%) [ 317/928 ( 34%)]  Loss: 0.3741 (0.414)  LR: 2.537e-03  Time cost: 01:23/02:41 [3:00:29/2:25:20]  Acc_iter 41150       Data time: 0.01(0.01)  Forward time: 0.25(0.25)  Batch time: 0.26(0.26)
2025-06-18 12:08:34,695   INFO  Train:   45/80 ( 56%) [ 367/928 ( 40%)]  Loss: 0.3865 (0.414)  LR: 2.533e-03  Time cost: 01:36/02:27 [3:00:42/2:24:57]  Acc_iter 41200       Data time: 0.01(0.01)  Forward time: 0.25(0.25)  Batch time: 0.26(0.26)
2025-06-18 12:08:47,781   INFO  Train:   45/80 ( 56%) [ 417/928 ( 45%)]  Loss: 0.4079 (0.412)  LR: 2.529e-03  Time cost: 01:49/02:14 [3:00:56/2:24:38]  Acc_iter 41250       Data time: 0.01(0.01)  Forward time: 0.25(0.25)  Batch time: 0.26(0.26)
2025-06-18 12:08:47,998   INFO  user                                   Wed Jun 18 12:08:47 2025  535.183.01
[0] NVIDIA GeForce RTX 4060 Laptop GPU | 63°C,  72 % |  6432 /  8188 MB | user(6414M) gdm(4M) user(4M)

2025-06-18 12:09:01,027   INFO  Train:   45/80 ( 56%) [ 467/928 ( 50%)]  Loss: 0.4054 (0.412)  LR: 2.525e-03  Time cost: 02:03/02:01 [3:01:09/2:24:31]  Acc_iter 41300       Data time: 0.01(0.01)  Forward time: 0.25(0.25)  Batch time: 0.26(0.26)
2025-06-18 12:09:14,091   INFO  Train:   45/80 ( 56%) [ 517/928 ( 56%)]  Loss: 0.3735 (0.411)  LR: 2.521e-03  Time cost: 02:16/01:48 [3:01:22/2:24:12]  Acc_iter 41350       Data time: 0.01(0.01)  Forward time: 0.25(0.25)  Batch time: 0.26(0.26)
2025-06-18 12:09:27,163   INFO  Train:   45/80 ( 56%) [ 567/928 ( 61%)]  Loss: 0.4309 (0.412)  LR: 2.517e-03  Time cost: 02:29/01:34 [3:01:35/2:23:54]  Acc_iter 41400       Data time: 0.01(0.01)  Forward time: 0.25(0.25)  Batch time: 0.26(0.26)
2025-06-18 12:09:27,368   INFO  user                                   Wed Jun 18 12:09:27 2025  535.183.01
[0] NVIDIA GeForce RTX 4060 Laptop GPU | 62°C,  69 % |  6432 /  8188 MB | user(6414M) gdm(4M) user(4M)

2025-06-18 12:09:40,441   INFO  Train:   45/80 ( 56%) [ 617/928 ( 66%)]  Loss: 0.5200 (0.412)  LR: 2.514e-03  Time cost: 02:42/01:21 [3:01:48/2:23:48]  Acc_iter 41450       Data time: 0.01(0.01)  Forward time: 0.25(0.25)  Batch time: 0.26(0.26)
2025-06-18 12:09:53,513   INFO  Train:   45/80 ( 56%) [ 667/928 ( 72%)]  Loss: 0.3514 (0.412)  LR: 2.510e-03  Time cost: 02:55/01:08 [3:02:01/2:23:30]  Acc_iter 41500       Data time: 0.01(0.01)  Forward time: 0.25(0.25)  Batch time: 0.26(0.26)
2025-06-18 12:10:06,607   INFO  Train:   45/80 ( 56%) [ 717/928 ( 77%)]  Loss: 0.5011 (0.411)  LR: 2.506e-03  Time cost: 03:08/00:55 [3:02:14/2:23:15]  Acc_iter 41550       Data time: 0.01(0.01)  Forward time: 0.25(0.25)  Batch time: 0.27(0.26)
2025-06-18 12:10:06,814   INFO  user                                   Wed Jun 18 12:10:06 2025  535.183.01
[0] NVIDIA GeForce RTX 4060 Laptop GPU | 63°C,  94 % |  6432 /  8188 MB | user(6414M) gdm(4M) user(4M)

2025-06-18 12:10:19,873   INFO  Train:   45/80 ( 56%) [ 767/928 ( 83%)]  Loss: 0.4280 (0.411)  LR: 2.502e-03  Time cost: 03:22/00:42 [3:02:28/2:23:07]  Acc_iter 41600       Data time: 0.01(0.01)  Forward time: 0.25(0.25)  Batch time: 0.26(0.26)
2025-06-18 12:10:32,911   INFO  Train:   45/80 ( 56%) [ 817/928 ( 88%)]  Loss: 0.4039 (0.411)  LR: 2.498e-03  Time cost: 03:35/00:29 [3:02:41/2:22:49]  Acc_iter 41650       Data time: 0.01(0.01)  Forward time: 0.25(0.25)  Batch time: 0.26(0.26)
2025-06-18 12:10:46,004   INFO  Train:   45/80 ( 56%) [ 867/928 ( 93%)]  Loss: 0.4212 (0.410)  LR: 2.494e-03  Time cost: 03:48/00:16 [3:02:54/2:22:34]  Acc_iter 41700       Data time: 0.01(0.01)  Forward time: 0.25(0.25)  Batch time: 0.26(0.26)
2025-06-18 12:10:46,209   INFO  user                                   Wed Jun 18 12:10:46 2025  535.183.01
[0] NVIDIA GeForce RTX 4060 Laptop GPU | 63°C,  97 % |  6432 /  8188 MB | user(6414M) gdm(4M) user(4M)

2025-06-18 12:10:59,300   INFO  Train:   45/80 ( 56%) [ 917/928 ( 99%)]  Loss: 0.4828 (0.411)  LR: 2.490e-03  Time cost: 04:01/00:02 [3:03:07/2:22:26]  Acc_iter 41750       Data time: 0.01(0.01)  Forward time: 0.25(0.25)  Batch time: 0.26(0.26)
2025-06-18 12:11:01,911   INFO  Train:   45/80 ( 56%) [ 927/928 (100%)]  Loss: 0.3082 (0.411)  LR: 2.489e-03  Time cost: 04:04/00:00 [3:03:10/2:22:23]  Acc_iter 41760       Data time: 0.01(0.01)  Forward time: 0.25(0.25)  Batch time: 0.26(0.26)
2025-06-18 12:11:02,492   INFO  Train:   46/80 ( 58%) [   0/928 (  0%)]  Loss: 0.4201 (0.420)  LR: 2.489e-03  Time cost: 00:00/06:14 [3:03:10/3:38:43]  Acc_iter 41761       Data time: 0.12(0.12)  Forward time: 0.27(0.27)  Batch time: 0.39(0.39)
2025-06-18 12:11:12,668   INFO  Train:   46/80 ( 58%) [  39/928 (  4%)]  Loss: 0.4082 (0.407)  LR: 2.486e-03  Time cost: 00:10/03:55 [3:03:20/2:23:01]  Acc_iter 41800       Data time: 0.01(0.01)  Forward time: 0.25(0.25)  Batch time: 0.26(0.26)
2025-06-18 12:11:25,725   INFO  Train:   46/80 ( 58%) [  89/928 ( 10%)]  Loss: 0.4867 (0.413)  LR: 2.482e-03  Time cost: 00:23/03:40 [3:03:33/2:21:46]  Acc_iter 41850       Data time: 0.01(0.01)  Forward time: 0.25(0.25)  Batch time: 0.26(0.26)
2025-06-18 12:11:25,945   INFO  user                                   Wed Jun 18 12:11:25 2025  535.183.01
[0] NVIDIA GeForce RTX 4060 Laptop GPU | 63°C,  68 % |  6432 /  8188 MB | user(6414M) gdm(4M) user(4M)

2025-06-18 12:11:38,995   INFO  Train:   46/80 ( 58%) [ 139/928 ( 15%)]  Loss: 0.3328 (0.410)  LR: 2.478e-03  Time cost: 00:36/03:27 [3:03:47/2:22:05]  Acc_iter 41900       Data time: 0.01(0.01)  Forward time: 0.25(0.25)  Batch time: 0.26(0.26)
2025-06-18 12:11:52,086   INFO  Train:   46/80 ( 58%) [ 189/928 ( 20%)]  Loss: 0.4197 (0.411)  LR: 2.474e-03  Time cost: 00:49/03:14 [3:04:00/2:21:37]  Acc_iter 41950       Data time: 0.01(0.01)  Forward time: 0.26(0.25)  Batch time: 0.27(0.26)
2025-06-18 12:12:05,162   INFO  Train:   46/80 ( 58%) [ 239/928 ( 26%)]  Loss: 0.4160 (0.411)  LR: 2.470e-03  Time cost: 01:03/03:01 [3:04:13/2:21:13]  Acc_iter 42000       Data time: 0.01(0.01)  Forward time: 0.25(0.25)  Batch time: 0.26(0.26)
2025-06-18 12:12:05,393   INFO  user                                   Wed Jun 18 12:12:05 2025  535.183.01
[0] NVIDIA GeForce RTX 4060 Laptop GPU | 62°C,  90 % |  6432 /  8188 MB | user(6414M) gdm(4M) user(4M)

2025-06-18 12:12:18,477   INFO  Train:   46/80 ( 58%) [ 289/928 ( 31%)]  Loss: 0.3604 (0.408)  LR: 2.466e-03  Time cost: 01:16/02:48 [3:04:26/2:21:19]  Acc_iter 42050       Data time: 0.01(0.01)  Forward time: 0.25(0.25)  Batch time: 0.26(0.26)
2025-06-18 12:12:31,571   INFO  Train:   46/80 ( 58%) [ 339/928 ( 37%)]  Loss: 0.3459 (0.408)  LR: 2.462e-03  Time cost: 01:29/02:35 [3:04:39/2:20:59]  Acc_iter 42100       Data time: 0.01(0.01)  Forward time: 0.25(0.25)  Batch time: 0.26(0.26)
2025-06-18 12:12:44,618   INFO  Train:   46/80 ( 58%) [ 389/928 ( 42%)]  Loss: 0.4293 (0.407)  LR: 2.458e-03  Time cost: 01:42/02:21 [3:04:52/2:20:36]  Acc_iter 42150       Data time: 0.01(0.01)  Forward time: 0.25(0.25)  Batch time: 0.26(0.26)
2025-06-18 12:12:44,901   INFO  user                                   Wed Jun 18 12:12:44 2025  535.183.01
[0] NVIDIA GeForce RTX 4060 Laptop GPU | 62°C,  27 % |  6432 /  8188 MB | user(6414M) gdm(4M) user(4M)

2025-06-18 12:12:58,005   INFO  Train:   46/80 ( 58%) [ 439/928 ( 47%)]  Loss: 0.4082 (0.406)  LR: 2.454e-03  Time cost: 01:55/02:08 [3:05:06/2:20:41]  Acc_iter 42200       Data time: 0.01(0.01)  Forward time: 0.25(0.25)  Batch time: 0.26(0.26)
2025-06-18 12:13:11,088   INFO  Train:   46/80 ( 58%) [ 489/928 ( 53%)]  Loss: 0.3845 (0.408)  LR: 2.450e-03  Time cost: 02:09/01:55 [3:05:19/2:20:22]  Acc_iter 42250       Data time: 0.01(0.01)  Forward time: 0.25(0.25)  Batch time: 0.26(0.26)
2025-06-18 12:13:24,136   INFO  Train:   46/80 ( 58%) [ 539/928 ( 58%)]  Loss: 0.3744 (0.407)  LR: 2.445e-03  Time cost: 02:22/01:42 [3:05:32/2:20:02]  Acc_iter 42300       Data time: 0.01(0.01)  Forward time: 0.25(0.25)  Batch time: 0.26(0.26)
2025-06-18 12:13:24,341   INFO  user                                   Wed Jun 18 12:13:24 2025  535.183.01
[0] NVIDIA GeForce RTX 4060 Laptop GPU | 62°C,  90 % |  6432 /  8188 MB | user(6414M) gdm(4M) user(4M)

2025-06-18 12:13:37,401   INFO  Train:   46/80 ( 58%) [ 589/928 ( 63%)]  Loss: 0.3636 (0.407)  LR: 2.441e-03  Time cost: 02:35/01:29 [3:05:45/2:19:55]  Acc_iter 42350       Data time: 0.01(0.01)  Forward time: 0.25(0.25)  Batch time: 0.26(0.26)
2025-06-18 12:13:50,446   INFO  Train:   46/80 ( 58%) [ 639/928 ( 69%)]  Loss: 0.3971 (0.407)  LR: 2.437e-03  Time cost: 02:48/01:16 [3:05:58/2:19:36]  Acc_iter 42400       Data time: 0.01(0.01)  Forward time: 0.25(0.25)  Batch time: 0.26(0.26)
2025-06-18 12:14:03,515   INFO  Train:   46/80 ( 58%) [ 689/928 ( 74%)]  Loss: 0.3617 (0.406)  LR: 2.433e-03  Time cost: 03:01/01:02 [3:06:11/2:19:19]  Acc_iter 42450       Data time: 0.01(0.01)  Forward time: 0.25(0.25)  Batch time: 0.26(0.26)
2025-06-18 12:14:03,764   INFO  user                                   Wed Jun 18 12:14:03 2025  535.183.01
[0] NVIDIA GeForce RTX 4060 Laptop GPU | 62°C,  87 % |  6432 /  8188 MB | user(6414M) gdm(4M) user(4M)

2025-06-18 12:14:16,859   INFO  Train:   46/80 ( 58%) [ 739/928 ( 80%)]  Loss: 0.4073 (0.407)  LR: 2.429e-03  Time cost: 03:14/00:49 [3:06:25/2:19:14]  Acc_iter 42500       Data time: 0.01(0.01)  Forward time: 0.25(0.25)  Batch time: 0.26(0.26)
2025-06-18 12:14:29,942   INFO  Train:   46/80 ( 58%) [ 789/928 ( 85%)]  Loss: 0.3855 (0.406)  LR: 2.425e-03  Time cost: 03:27/00:36 [3:06:38/2:18:58]  Acc_iter 42550       Data time: 0.01(0.01)  Forward time: 0.25(0.25)  Batch time: 0.26(0.26)
2025-06-18 12:14:43,024   INFO  Train:   46/80 ( 58%) [ 839/928 ( 90%)]  Loss: 0.4190 (0.406)  LR: 2.421e-03  Time cost: 03:40/00:23 [3:06:51/2:18:42]  Acc_iter 42600       Data time: 0.01(0.01)  Forward time: 0.25(0.25)  Batch time: 0.26(0.26)
2025-06-18 12:14:43,287   INFO  user                                   Wed Jun 18 12:14:43 2025  535.183.01
[0] NVIDIA GeForce RTX 4060 Laptop GPU | 62°C,  48 % |  6432 /  8188 MB | user(6414M) gdm(4M) user(4M)

2025-06-18 12:14:56,373   INFO  Train:   46/80 ( 58%) [ 889/928 ( 96%)]  Loss: 0.4217 (0.407)  LR: 2.416e-03  Time cost: 03:54/00:10 [3:07:04/2:18:36]  Acc_iter 42650       Data time: 0.01(0.01)  Forward time: 0.25(0.25)  Batch time: 0.26(0.26)
2025-06-18 12:15:06,313   INFO  Train:   46/80 ( 58%) [ 927/928 (100%)]  Loss: 0.4132 (0.407)  LR: 2.413e-03  Time cost: 04:04/00:00 [3:07:14/2:18:23]  Acc_iter 42688       Data time: 0.01(0.01)  Forward time: 0.25(0.25)  Batch time: 0.26(0.26)
2025-06-18 12:15:06,848   INFO  Train:   47/80 ( 59%) [   0/928 (  0%)]  Loss: 0.3912 (0.391)  LR: 2.413e-03  Time cost: 00:00/06:03 [3:07:15/3:25:52]  Acc_iter 42689       Data time: 0.12(0.12)  Forward time: 0.26(0.26)  Batch time: 0.38(0.38)
2025-06-18 12:15:09,711   INFO  Train:   47/80 ( 59%) [  11/928 (  1%)]  Loss: 0.3816 (0.409)  LR: 2.412e-03  Time cost: 00:03/04:08 [3:07:17/2:22:35]  Acc_iter 42700       Data time: 0.01(0.02)  Forward time: 0.25(0.25)  Batch time: 0.26(0.27)
2025-06-18 12:15:22,757   INFO  Train:   47/80 ( 59%) [  61/928 (  7%)]  Loss: 0.3663 (0.410)  LR: 2.408e-03  Time cost: 00:16/03:47 [3:07:30/2:17:59]  Acc_iter 42750       Data time: 0.01(0.01)  Forward time: 0.25(0.25)  Batch time: 0.26(0.26)
2025-06-18 12:15:22,989   INFO  user                                   Wed Jun 18 12:15:22 2025  535.183.01
[0] NVIDIA GeForce RTX 4060 Laptop GPU | 62°C,  97 % |  6432 /  8188 MB | user(6414M) gdm(4M) user(4M)

2025-06-18 12:15:36,058   INFO  Train:   47/80 ( 59%) [ 111/928 ( 12%)]  Loss: 0.4248 (0.403)  LR: 2.404e-03  Time cost: 00:29/03:35 [3:07:44/2:18:30]  Acc_iter 42800       Data time: 0.01(0.02)  Forward time: 0.25(0.25)  Batch time: 0.26(0.26)
2025-06-18 12:15:49,118   INFO  Train:   47/80 ( 59%) [ 161/928 ( 17%)]  Loss: 0.4086 (0.403)  LR: 2.400e-03  Time cost: 00:42/03:21 [3:07:57/2:17:46]  Acc_iter 42850       Data time: 0.01(0.01)  Forward time: 0.25(0.25)  Batch time: 0.26(0.26)
2025-06-18 12:16:02,208   INFO  Train:   47/80 ( 59%) [ 211/928 ( 23%)]  Loss: 0.4544 (0.402)  LR: 2.395e-03  Time cost: 00:55/03:08 [3:08:10/2:17:22]  Acc_iter 42900       Data time: 0.01(0.01)  Forward time: 0.25(0.25)  Batch time: 0.26(0.26)
2025-06-18 12:16:02,407   INFO  user                                   Wed Jun 18 12:16:02 2025  535.183.01
[0] NVIDIA GeForce RTX 4060 Laptop GPU | 63°C,  96 % |  6432 /  8188 MB | user(6414M) gdm(4M) user(4M)

2025-06-18 12:16:15,509   INFO  Train:   47/80 ( 59%) [ 261/928 ( 28%)]  Loss: 0.3001 (0.404)  LR: 2.391e-03  Time cost: 01:09/02:55 [3:08:23/2:17:27]  Acc_iter 42950       Data time: 0.01(0.01)  Forward time: 0.25(0.25)  Batch time: 0.26(0.26)
2025-06-18 12:16:28,599   INFO  Train:   47/80 ( 59%) [ 311/928 ( 34%)]  Loss: 0.4028 (0.406)  LR: 2.387e-03  Time cost: 01:22/02:42 [3:08:36/2:17:05]  Acc_iter 43000       Data time: 0.01(0.01)  Forward time: 0.25(0.25)  Batch time: 0.26(0.26)
2025-06-18 12:16:41,648   INFO  Train:   47/80 ( 59%) [ 361/928 ( 39%)]  Loss: 0.4255 (0.405)  LR: 2.383e-03  Time cost: 01:35/02:29 [3:08:49/2:16:42]  Acc_iter 43050       Data time: 0.01(0.01)  Forward time: 0.25(0.25)  Batch time: 0.26(0.26)
2025-06-18 12:16:41,918   INFO  user                                   Wed Jun 18 12:16:41 2025  535.183.01
[0] NVIDIA GeForce RTX 4060 Laptop GPU | 63°C,  78 % |  6432 /  8188 MB | user(6414M) gdm(4M) user(4M)

2025-06-18 12:16:54,990   INFO  Train:   47/80 ( 59%) [ 411/928 ( 44%)]  Loss: 0.4407 (0.406)  LR: 2.378e-03  Time cost: 01:48/02:16 [3:09:03/2:16:43]  Acc_iter 43100       Data time: 0.01(0.01)  Forward time: 0.25(0.25)  Batch time: 0.26(0.26)
2025-06-18 12:17:08,066   INFO  Train:   47/80 ( 59%) [ 461/928 ( 50%)]  Loss: 0.4866 (0.407)  LR: 2.374e-03  Time cost: 02:01/02:02 [3:09:16/2:16:23]  Acc_iter 43150       Data time: 0.01(0.01)  Forward time: 0.25(0.25)  Batch time: 0.26(0.26)
2025-06-18 12:17:21,124   INFO  Train:   47/80 ( 59%) [ 511/928 ( 55%)]  Loss: 0.4099 (0.407)  LR: 2.370e-03  Time cost: 02:14/01:49 [3:09:29/2:16:04]  Acc_iter 43200       Data time: 0.01(0.01)  Forward time: 0.25(0.25)  Batch time: 0.26(0.26)
2025-06-18 12:17:21,323   INFO  user                                   Wed Jun 18 12:17:21 2025  535.183.01
[0] NVIDIA GeForce RTX 4060 Laptop GPU | 63°C,  97 % |  6432 /  8188 MB | user(6414M) gdm(4M) user(4M)

2025-06-18 12:17:34,405   INFO  Train:   47/80 ( 59%) [ 561/928 ( 60%)]  Loss: 0.2950 (0.405)  LR: 2.365e-03  Time cost: 02:27/01:36 [3:09:42/2:15:58]  Acc_iter 43250       Data time: 0.02(0.01)  Forward time: 0.25(0.25)  Batch time: 0.27(0.26)
2025-06-18 12:17:47,466   INFO  Train:   47/80 ( 59%) [ 611/928 ( 66%)]  Loss: 0.3940 (0.406)  LR: 2.361e-03  Time cost: 02:41/01:23 [3:09:55/2:15:40]  Acc_iter 43300       Data time: 0.01(0.01)  Forward time: 0.25(0.25)  Batch time: 0.26(0.26)
2025-06-18 12:18:00,568   INFO  Train:   47/80 ( 59%) [ 661/928 ( 71%)]  Loss: 0.4303 (0.406)  LR: 2.357e-03  Time cost: 02:54/01:10 [3:10:08/2:15:24]  Acc_iter 43350       Data time: 0.01(0.01)  Forward time: 0.25(0.25)  Batch time: 0.26(0.26)
2025-06-18 12:18:00,795   INFO  user                                   Wed Jun 18 12:18:00 2025  535.183.01
[0] NVIDIA GeForce RTX 4060 Laptop GPU | 63°C,  50 % |  6432 /  8188 MB | user(6414M) gdm(4M) user(4M)

2025-06-18 12:18:13,908   INFO  Train:   47/80 ( 59%) [ 711/928 ( 77%)]  Loss: 0.4149 (0.405)  LR: 2.352e-03  Time cost: 03:07/00:57 [3:10:22/2:15:19]  Acc_iter 43400       Data time: 0.01(0.01)  Forward time: 0.25(0.25)  Batch time: 0.26(0.26)
2025-06-18 12:18:26,986   INFO  Train:   47/80 ( 59%) [ 761/928 ( 82%)]  Loss: 0.3830 (0.405)  LR: 2.348e-03  Time cost: 03:20/00:43 [3:10:35/2:15:03]  Acc_iter 43450       Data time: 0.01(0.01)  Forward time: 0.25(0.25)  Batch time: 0.26(0.26)
2025-06-18 12:18:40,054   INFO  Train:   47/80 ( 59%) [ 811/928 ( 87%)]  Loss: 0.3604 (0.405)  LR: 2.344e-03  Time cost: 03:33/00:30 [3:10:48/2:14:46]  Acc_iter 43500       Data time: 0.01(0.01)  Forward time: 0.25(0.25)  Batch time: 0.26(0.26)
2025-06-18 12:18:40,342   INFO  user                                   Wed Jun 18 12:18:40 2025  535.183.01
[0] NVIDIA GeForce RTX 4060 Laptop GPU | 62°C,  95 % |  6432 /  8188 MB | user(6414M) gdm(4M) user(4M)

2025-06-18 12:18:53,417   INFO  Train:   47/80 ( 59%) [ 861/928 ( 93%)]  Loss: 0.4062 (0.405)  LR: 2.339e-03  Time cost: 03:46/00:17 [3:11:01/2:14:40]  Acc_iter 43550       Data time: 0.01(0.01)  Forward time: 0.25(0.25)  Batch time: 0.27(0.26)
2025-06-18 12:19:06,484   INFO  Train:   47/80 ( 59%) [ 911/928 ( 98%)]  Loss: 0.4305 (0.405)  LR: 2.335e-03  Time cost: 04:00/00:04 [3:11:14/2:14:24]  Acc_iter 43600       Data time: 0.01(0.01)  Forward time: 0.25(0.25)  Batch time: 0.26(0.26)
2025-06-18 12:19:10,669   INFO  Train:   47/80 ( 59%) [ 927/928 (100%)]  Loss: 0.3957 (0.405)  LR: 2.333e-03  Time cost: 04:04/00:00 [3:11:18/2:14:19]  Acc_iter 43616       Data time: 0.01(0.01)  Forward time: 0.25(0.25)  Batch time: 0.26(0.26)
2025-06-18 12:19:11,245   INFO  Train:   48/80 ( 60%) [   0/928 (  0%)]  Loss: 0.4759 (0.476)  LR: 2.333e-03  Time cost: 00:00/06:44 [3:11:19/3:42:36]  Acc_iter 43617       Data time: 0.17(0.17)  Forward time: 0.26(0.26)  Batch time: 0.43(0.43)
2025-06-18 12:19:19,866   INFO  Train:   48/80 ( 60%) [  33/928 (  4%)]  Loss: 0.4124 (0.394)  LR: 2.330e-03  Time cost: 00:09/03:58 [3:11:28/2:15:49]  Acc_iter 43650       Data time: 0.01(0.02)  Forward time: 0.25(0.25)  Batch time: 0.26(0.27)
2025-06-18 12:19:20,098   INFO  user                                   Wed Jun 18 12:19:20 2025  535.183.01
[0] NVIDIA GeForce RTX 4060 Laptop GPU | 62°C,  97 % |  6432 /  8188 MB | user(6414M) gdm(4M) user(4M)

2025-06-18 12:19:33,175   INFO  Train:   48/80 ( 60%) [  83/928 (  9%)]  Loss: 0.4211 (0.392)  LR: 2.326e-03  Time cost: 00:22/03:44 [3:11:41/2:15:31]  Acc_iter 43700       Data time: 0.01(0.02)  Forward time: 0.25(0.25)  Batch time: 0.26(0.27)
2025-06-18 12:19:46,274   INFO  Train:   48/80 ( 60%) [ 133/928 ( 14%)]  Loss: 0.3703 (0.396)  LR: 2.322e-03  Time cost: 00:35/03:30 [3:11:54/2:14:29]  Acc_iter 43750       Data time: 0.01(0.02)  Forward time: 0.25(0.25)  Batch time: 0.26(0.26)
2025-06-18 12:19:59,310   INFO  Train:   48/80 ( 60%) [ 183/928 ( 20%)]  Loss: 0.3004 (0.397)  LR: 2.317e-03  Time cost: 00:48/03:16 [3:12:07/2:13:43]  Acc_iter 43800       Data time: 0.01(0.01)  Forward time: 0.25(0.25)  Batch time: 0.26(0.26)
2025-06-18 12:19:59,503   INFO  user                                   Wed Jun 18 12:19:59 2025  535.183.01
[0] NVIDIA GeForce RTX 4060 Laptop GPU | 63°C,  96 % |  6432 /  8188 MB | user(6414M) gdm(4M) user(4M)

2025-06-18 12:20:12,602   INFO  Train:   48/80 ( 60%) [ 233/928 ( 25%)]  Loss: 0.3758 (0.398)  LR: 2.313e-03  Time cost: 01:01/03:03 [3:12:20/2:13:45]  Acc_iter 43850       Data time: 0.01(0.01)  Forward time: 0.25(0.25)  Batch time: 0.26(0.26)
2025-06-18 12:20:25,673   INFO  Train:   48/80 ( 60%) [ 283/928 ( 30%)]  Loss: 0.4580 (0.400)  LR: 2.308e-03  Time cost: 01:14/02:50 [3:12:33/2:13:18]  Acc_iter 43900       Data time: 0.01(0.01)  Forward time: 0.25(0.25)  Batch time: 0.26(0.26)
2025-06-18 12:20:38,739   INFO  Train:   48/80 ( 60%) [ 333/928 ( 36%)]  Loss: 0.4185 (0.399)  LR: 2.304e-03  Time cost: 01:27/02:36 [3:12:46/2:12:54]  Acc_iter 43950       Data time: 0.01(0.01)  Forward time: 0.25(0.25)  Batch time: 0.26(0.26)
2025-06-18 12:20:38,943   INFO  user                                   Wed Jun 18 12:20:38 2025  535.183.01
[0] NVIDIA GeForce RTX 4060 Laptop GPU | 63°C,  58 % |  6432 /  8188 MB | user(6414M) gdm(4M) user(4M)

2025-06-18 12:20:51,980   INFO  Train:   48/80 ( 60%) [ 383/928 ( 41%)]  Loss: 0.3016 (0.398)  LR: 2.299e-03  Time cost: 01:41/02:23 [3:13:00/2:12:47]  Acc_iter 44000       Data time: 0.01(0.01)  Forward time: 0.25(0.25)  Batch time: 0.26(0.26)
2025-06-18 12:21:05,055   INFO  Train:   48/80 ( 60%) [ 433/928 ( 47%)]  Loss: 0.3224 (0.399)  LR: 2.295e-03  Time cost: 01:54/02:10 [3:13:13/2:12:27]  Acc_iter 44050       Data time: 0.01(0.01)  Forward time: 0.25(0.25)  Batch time: 0.26(0.26)
2025-06-18 12:21:18,094   INFO  Train:   48/80 ( 60%) [ 483/928 ( 52%)]  Loss: 0.4184 (0.398)  LR: 2.290e-03  Time cost: 02:07/01:57 [3:13:26/2:12:06]  Acc_iter 44100       Data time: 0.01(0.01)  Forward time: 0.25(0.25)  Batch time: 0.26(0.26)
2025-06-18 12:21:18,313   INFO  user                                   Wed Jun 18 12:21:18 2025  535.183.01
[0] NVIDIA GeForce RTX 4060 Laptop GPU | 63°C,  95 % |  6432 /  8188 MB | user(6414M) gdm(4M) user(4M)

2025-06-18 12:21:31,432   INFO  Train:   48/80 ( 60%) [ 533/928 ( 57%)]  Loss: 0.3337 (0.397)  LR: 2.286e-03  Time cost: 02:20/01:44 [3:13:39/2:12:04]  Acc_iter 44150       Data time: 0.01(0.01)  Forward time: 0.25(0.25)  Batch time: 0.26(0.26)
2025-06-18 12:21:44,501   INFO  Train:   48/80 ( 60%) [ 583/928 ( 63%)]  Loss: 0.4398 (0.397)  LR: 2.281e-03  Time cost: 02:33/01:30 [3:13:52/2:11:45]  Acc_iter 44200       Data time: 0.01(0.01)  Forward time: 0.25(0.25)  Batch time: 0.26(0.26)
2025-06-18 12:21:57,583   INFO  Train:   48/80 ( 60%) [ 633/928 ( 68%)]  Loss: 0.3296 (0.398)  LR: 2.277e-03  Time cost: 02:46/01:17 [3:14:05/2:11:29]  Acc_iter 44250       Data time: 0.01(0.01)  Forward time: 0.26(0.25)  Batch time: 0.27(0.26)
2025-06-18 12:21:57,816   INFO  user                                   Wed Jun 18 12:21:57 2025  535.183.01
[0] NVIDIA GeForce RTX 4060 Laptop GPU | 63°C,  90 % |  6432 /  8188 MB | user(6414M) gdm(4M) user(4M)

2025-06-18 12:22:10,888   INFO  Train:   48/80 ( 60%) [ 683/928 ( 74%)]  Loss: 0.4731 (0.398)  LR: 2.272e-03  Time cost: 03:00/01:04 [3:14:19/2:11:22]  Acc_iter 44300       Data time: 0.01(0.01)  Forward time: 0.25(0.25)  Batch time: 0.26(0.26)
2025-06-18 12:22:23,962   INFO  Train:   48/80 ( 60%) [ 733/928 ( 79%)]  Loss: 0.4285 (0.399)  LR: 2.268e-03  Time cost: 03:13/00:51 [3:14:32/2:11:05]  Acc_iter 44350       Data time: 0.01(0.01)  Forward time: 0.25(0.25)  Batch time: 0.26(0.26)
2025-06-18 12:22:37,051   INFO  Train:   48/80 ( 60%) [ 783/928 ( 84%)]  Loss: 0.4508 (0.399)  LR: 2.263e-03  Time cost: 03:26/00:38 [3:14:45/2:10:50]  Acc_iter 44400       Data time: 0.01(0.01)  Forward time: 0.25(0.25)  Batch time: 0.26(0.26)
2025-06-18 12:22:37,254   INFO  user                                   Wed Jun 18 12:22:37 2025  535.183.01
[0] NVIDIA GeForce RTX 4060 Laptop GPU | 63°C,  94 % |  6432 /  8188 MB | user(6414M) gdm(4M) user(4M)

2025-06-18 12:22:50,286   INFO  Train:   48/80 ( 60%) [ 833/928 ( 90%)]  Loss: 0.3702 (0.399)  LR: 2.259e-03  Time cost: 03:39/00:25 [3:14:58/2:10:39]  Acc_iter 44450       Data time: 0.01(0.01)  Forward time: 0.25(0.25)  Batch time: 0.26(0.26)
2025-06-18 12:23:03,375   INFO  Train:   48/80 ( 60%) [ 883/928 ( 95%)]  Loss: 0.3417 (0.399)  LR: 2.254e-03  Time cost: 03:52/00:11 [3:15:11/2:10:24]  Acc_iter 44500       Data time: 0.01(0.01)  Forward time: 0.25(0.25)  Batch time: 0.26(0.26)
2025-06-18 12:23:14,891   INFO  Train:   48/80 ( 60%) [ 927/928 (100%)]  Loss: 0.3890 (0.399)  LR: 2.250e-03  Time cost: 04:04/00:00 [3:15:23/2:10:10]  Acc_iter 44544       Data time: 0.01(0.01)  Forward time: 0.25(0.25)  Batch time: 0.26(0.26)
2025-06-18 12:23:15,529   INFO  Train:   49/80 ( 61%) [   0/928 (  0%)]  Loss: 0.3525 (0.353)  LR: 2.250e-03  Time cost: 00:00/07:50 [3:15:23/4:10:45]  Acc_iter 44545       Data time: 0.21(0.21)  Forward time: 0.29(0.29)  Batch time: 0.50(0.50)
2025-06-18 12:23:16,832   INFO  Train:   49/80 ( 61%) [   5/928 (  1%)]  Loss: 0.5257 (0.409)  LR: 2.250e-03  Time cost: 00:01/04:38 [3:15:25/2:29:17]  Acc_iter 44550       Data time: 0.01(0.04)  Forward time: 0.25(0.26)  Batch time: 0.26(0.30)
2025-06-18 12:23:17,037   INFO  user                                   Wed Jun 18 12:23:17 2025  535.183.01
[0] NVIDIA GeForce RTX 4060 Laptop GPU | 63°C,  96 % |  6432 /  8188 MB | user(6414M) gdm(4M) user(4M)

2025-06-18 12:23:30,126   INFO  Train:   49/80 ( 61%) [  55/928 (  6%)]  Loss: 0.3781 (0.396)  LR: 2.245e-03  Time cost: 00:15/03:55 [3:15:38/2:13:14]  Acc_iter 44600       Data time: 0.01(0.02)  Forward time: 0.25(0.25)  Batch time: 0.26(0.27)
2025-06-18 12:23:43,195   INFO  Train:   49/80 ( 61%) [ 105/928 ( 11%)]  Loss: 0.3709 (0.393)  LR: 2.240e-03  Time cost: 00:28/03:38 [3:15:51/2:11:04]  Acc_iter 44650       Data time: 0.01(0.02)  Forward time: 0.25(0.25)  Batch time: 0.26(0.27)
2025-06-18 12:23:56,230   INFO  Train:   49/80 ( 61%) [ 155/928 ( 17%)]  Loss: 0.4000 (0.394)  LR: 2.236e-03  Time cost: 00:41/03:24 [3:16:04/2:10:03]  Acc_iter 44700       Data time: 0.01(0.01)  Forward time: 0.25(0.25)  Batch time: 0.26(0.26)
2025-06-18 12:23:56,425   INFO  user                                   Wed Jun 18 12:23:56 2025  535.183.01
[0] NVIDIA GeForce RTX 4060 Laptop GPU | 63°C,  95 % |  6432 /  8188 MB | user(6414M) gdm(4M) user(4M)

2025-06-18 12:24:09,525   INFO  Train:   49/80 ( 61%) [ 205/928 ( 22%)]  Loss: 0.3780 (0.391)  LR: 2.231e-03  Time cost: 00:54/03:11 [3:16:17/2:10:02]  Acc_iter 44750       Data time: 0.01(0.02)  Forward time: 0.25(0.25)  Batch time: 0.26(0.26)
2025-06-18 12:24:22,614   INFO  Train:   49/80 ( 61%) [ 255/928 ( 27%)]  Loss: 0.3905 (0.391)  LR: 2.227e-03  Time cost: 01:07/02:57 [3:16:30/2:09:33]  Acc_iter 44800       Data time: 0.01(0.01)  Forward time: 0.25(0.25)  Batch time: 0.26(0.26)
2025-06-18 12:24:35,665   INFO  Train:   49/80 ( 61%) [ 305/928 ( 33%)]  Loss: 0.3527 (0.393)  LR: 2.222e-03  Time cost: 01:20/02:44 [3:16:43/2:09:05]  Acc_iter 44850       Data time: 0.02(0.01)  Forward time: 0.25(0.25)  Batch time: 0.26(0.26)
2025-06-18 12:24:35,884   INFO  user                                   Wed Jun 18 12:24:35 2025  535.183.01
[0] NVIDIA GeForce RTX 4060 Laptop GPU | 62°C,  58 % |  6432 /  8188 MB | user(6414M) gdm(4M) user(4M)

2025-06-18 12:24:48,950   INFO  Train:   49/80 ( 61%) [ 355/928 ( 38%)]  Loss: 0.3507 (0.394)  LR: 2.217e-03  Time cost: 01:33/02:31 [3:16:57/2:09:01]  Acc_iter 44900       Data time: 0.01(0.01)  Forward time: 0.25(0.25)  Batch time: 0.26(0.26)
2025-06-18 12:25:02,028   INFO  Train:   49/80 ( 61%) [ 405/928 ( 44%)]  Loss: 0.3437 (0.393)  LR: 2.213e-03  Time cost: 01:47/02:17 [3:17:10/2:08:39]  Acc_iter 44950       Data time: 0.01(0.01)  Forward time: 0.25(0.25)  Batch time: 0.26(0.26)
2025-06-18 12:25:15,096   INFO  Train:   49/80 ( 61%) [ 455/928 ( 49%)]  Loss: 0.3624 (0.392)  LR: 2.208e-03  Time cost: 02:00/02:04 [3:17:23/2:08:19]  Acc_iter 45000       Data time: 0.01(0.01)  Forward time: 0.25(0.25)  Batch time: 0.26(0.26)
2025-06-18 12:25:15,349   INFO  user                                   Wed Jun 18 12:25:15 2025  535.183.01
[0] NVIDIA GeForce RTX 4060 Laptop GPU | 62°C,  79 % |  6432 /  8188 MB | user(6414M) gdm(4M) user(4M)

2025-06-18 12:25:28,414   INFO  Train:   49/80 ( 61%) [ 505/928 ( 54%)]  Loss: 0.4661 (0.392)  LR: 2.203e-03  Time cost: 02:13/01:51 [3:17:36/2:08:15]  Acc_iter 45050       Data time: 0.01(0.01)  Forward time: 0.25(0.25)  Batch time: 0.26(0.26)
2025-06-18 12:25:41,477   INFO  Train:   49/80 ( 61%) [ 555/928 ( 60%)]  Loss: 0.3645 (0.392)  LR: 2.199e-03  Time cost: 02:26/01:38 [3:17:49/2:07:55]  Acc_iter 45100       Data time: 0.01(0.01)  Forward time: 0.25(0.25)  Batch time: 0.26(0.26)
2025-06-18 12:25:54,593   INFO  Train:   49/80 ( 61%) [ 605/928 ( 65%)]  Loss: 0.4276 (0.392)  LR: 2.194e-03  Time cost: 02:39/01:25 [3:18:02/2:07:40]  Acc_iter 45150       Data time: 0.01(0.01)  Forward time: 0.25(0.25)  Batch time: 0.26(0.26)
2025-06-18 12:25:54,884   INFO  user                                   Wed Jun 18 12:25:54 2025  535.183.01
[0] NVIDIA GeForce RTX 4060 Laptop GPU | 62°C,  33 % |  6432 /  8188 MB | user(6414M) gdm(4M) user(4M)

2025-06-18 12:26:07,951   INFO  Train:   49/80 ( 61%) [ 655/928 ( 71%)]  Loss: 0.3971 (0.391)  LR: 2.189e-03  Time cost: 02:52/01:11 [3:18:16/2:07:35]  Acc_iter 45200       Data time: 0.01(0.01)  Forward time: 0.25(0.25)  Batch time: 0.26(0.26)
2025-06-18 12:26:21,014   INFO  Train:   49/80 ( 61%) [ 705/928 ( 76%)]  Loss: 0.4480 (0.392)  LR: 2.185e-03  Time cost: 03:05/00:58 [3:18:29/2:07:17]  Acc_iter 45250       Data time: 0.01(0.01)  Forward time: 0.25(0.25)  Batch time: 0.26(0.26)
2025-06-18 12:26:34,108   INFO  Train:   49/80 ( 61%) [ 755/928 ( 81%)]  Loss: 0.3798 (0.391)  LR: 2.180e-03  Time cost: 03:19/00:45 [3:18:42/2:07:01]  Acc_iter 45300       Data time: 0.01(0.01)  Forward time: 0.25(0.25)  Batch time: 0.26(0.26)
2025-06-18 12:26:34,359   INFO  user                                   Wed Jun 18 12:26:34 2025  535.183.01
[0] NVIDIA GeForce RTX 4060 Laptop GPU | 62°C,  93 % |  6432 /  8188 MB | user(6414M) gdm(4M) user(4M)

2025-06-18 12:26:47,463   INFO  Train:   49/80 ( 61%) [ 805/928 ( 87%)]  Loss: 0.4572 (0.391)  LR: 2.175e-03  Time cost: 03:32/00:32 [3:18:55/2:06:54]  Acc_iter 45350       Data time: 0.01(0.01)  Forward time: 0.25(0.25)  Batch time: 0.26(0.26)
2025-06-18 12:27:00,532   INFO  Train:   49/80 ( 61%) [ 855/928 ( 92%)]  Loss: 0.3805 (0.389)  LR: 2.170e-03  Time cost: 03:45/00:19 [3:19:08/2:06:38]  Acc_iter 45400       Data time: 0.01(0.01)  Forward time: 0.25(0.25)  Batch time: 0.26(0.26)
2025-06-18 12:27:13,573   INFO  Train:   49/80 ( 61%) [ 905/928 ( 98%)]  Loss: 0.4032 (0.390)  LR: 2.166e-03  Time cost: 03:58/00:06 [3:19:21/2:06:20]  Acc_iter 45450       Data time: 0.01(0.01)  Forward time: 0.25(0.25)  Batch time: 0.26(0.26)
2025-06-18 12:27:13,874   INFO  user                                   Wed Jun 18 12:27:13 2025  535.183.01
[0] NVIDIA GeForce RTX 4060 Laptop GPU | 63°C,  35 % |  6432 /  8188 MB | user(6414M) gdm(4M) user(4M)

2025-06-18 12:27:19,618   INFO  Train:   49/80 ( 61%) [ 927/928 (100%)]  Loss: 0.3744 (0.390)  LR: 2.164e-03  Time cost: 04:04/00:00 [3:19:27/2:06:22]  Acc_iter 45472       Data time: 0.01(0.01)  Forward time: 0.25(0.25)  Batch time: 0.26(0.26)
2025-06-18 12:27:20,183   INFO  Train:   50/80 ( 62%) [   0/928 (  0%)]  Loss: 0.4077 (0.408)  LR: 2.163e-03  Time cost: 00:00/06:39 [3:19:28/3:26:22]  Acc_iter 45473       Data time: 0.16(0.16)  Forward time: 0.26(0.26)  Batch time: 0.42(0.42)
2025-06-18 12:27:27,240   INFO  Train:   50/80 ( 62%) [  27/928 (  3%)]  Loss: 0.3216 (0.365)  LR: 2.161e-03  Time cost: 00:07/04:00 [3:19:35/2:08:05]  Acc_iter 45500       Data time: 0.01(0.02)  Forward time: 0.25(0.25)  Batch time: 0.26(0.27)
2025-06-18 12:27:40,287   INFO  Train:   50/80 ( 62%) [  77/928 (  8%)]  Loss: 0.3633 (0.379)  LR: 2.156e-03  Time cost: 00:20/03:44 [3:19:48/2:05:53]  Acc_iter 45550       Data time: 0.01(0.01)  Forward time: 0.25(0.25)  Batch time: 0.26(0.26)
2025-06-18 12:27:53,351   INFO  Train:   50/80 ( 62%) [ 127/928 ( 14%)]  Loss: 0.3860 (0.383)  LR: 2.151e-03  Time cost: 00:33/03:30 [3:20:01/2:05:17]  Acc_iter 45600       Data time: 0.01(0.01)  Forward time: 0.25(0.25)  Batch time: 0.26(0.26)
2025-06-18 12:27:53,551   INFO  user                                   Wed Jun 18 12:27:53 2025  535.183.01
[0] NVIDIA GeForce RTX 4060 Laptop GPU | 63°C,  96 % |  6432 /  8188 MB | user(6414M) gdm(4M) user(4M)

2025-06-18 12:28:06,660   INFO  Train:   50/80 ( 62%) [ 177/928 ( 19%)]  Loss: 0.5317 (0.382)  LR: 2.147e-03  Time cost: 00:46/03:17 [3:20:14/2:05:34]  Acc_iter 45650       Data time: 0.01(0.01)  Forward time: 0.25(0.25)  Batch time: 0.26(0.26)
2025-06-18 12:28:19,695   INFO  Train:   50/80 ( 62%) [ 227/928 ( 24%)]  Loss: 0.4321 (0.385)  LR: 2.142e-03  Time cost: 00:59/03:04 [3:20:27/2:05:03]  Acc_iter 45700       Data time: 0.02(0.01)  Forward time: 0.25(0.25)  Batch time: 0.26(0.26)
2025-06-18 12:28:32,755   INFO  Train:   50/80 ( 62%) [ 277/928 ( 30%)]  Loss: 0.5448 (0.388)  LR: 2.137e-03  Time cost: 01:13/02:50 [3:20:40/2:04:41]  Acc_iter 45750       Data time: 0.01(0.01)  Forward time: 0.25(0.25)  Batch time: 0.26(0.26)
2025-06-18 12:28:32,962   INFO  user                                   Wed Jun 18 12:28:32 2025  535.183.01
[0] NVIDIA GeForce RTX 4060 Laptop GPU | 63°C,  95 % |  6432 /  8188 MB | user(6414M) gdm(4M) user(4M)

2025-06-18 12:28:46,044   INFO  Train:   50/80 ( 62%) [ 327/928 ( 35%)]  Loss: 0.4032 (0.389)  LR: 2.132e-03  Time cost: 01:26/02:38 [3:20:54/2:04:42]  Acc_iter 45800       Data time: 0.01(0.01)  Forward time: 0.25(0.25)  Batch time: 0.26(0.26)
2025-06-18 12:28:59,084   INFO  Train:   50/80 ( 62%) [ 377/928 ( 41%)]  Loss: 0.4156 (0.390)  LR: 2.127e-03  Time cost: 01:39/02:24 [3:21:07/2:04:20]  Acc_iter 45850       Data time: 0.01(0.01)  Forward time: 0.25(0.25)  Batch time: 0.26(0.26)
2025-06-18 12:29:12,130   INFO  Train:   50/80 ( 62%) [ 427/928 ( 46%)]  Loss: 0.3233 (0.390)  LR: 2.123e-03  Time cost: 01:52/02:11 [3:21:20/2:04:01]  Acc_iter 45900       Data time: 0.01(0.01)  Forward time: 0.25(0.25)  Batch time: 0.26(0.26)
2025-06-18 12:29:12,378   INFO  user                                   Wed Jun 18 12:29:12 2025  535.183.01
[0] NVIDIA GeForce RTX 4060 Laptop GPU | 62°C,  95 % |  6432 /  8188 MB | user(6414M) gdm(4M) user(4M)

2025-06-18 12:29:25,472   INFO  Train:   50/80 ( 62%) [ 477/928 ( 51%)]  Loss: 0.4171 (0.390)  LR: 2.118e-03  Time cost: 02:05/01:58 [3:21:33/2:04:00]  Acc_iter 45950       Data time: 0.01(0.01)  Forward time: 0.25(0.25)  Batch time: 0.26(0.26)
2025-06-18 12:29:38,536   INFO  Train:   50/80 ( 62%) [ 527/928 ( 57%)]  Loss: 0.3968 (0.390)  LR: 2.113e-03  Time cost: 02:18/01:45 [3:21:46/2:03:43]  Acc_iter 46000       Data time: 0.01(0.01)  Forward time: 0.25(0.25)  Batch time: 0.26(0.26)
2025-06-18 12:29:51,600   INFO  Train:   50/80 ( 62%) [ 577/928 ( 62%)]  Loss: 0.3712 (0.390)  LR: 2.108e-03  Time cost: 02:31/01:32 [3:21:59/2:03:26]  Acc_iter 46050       Data time: 0.01(0.01)  Forward time: 0.25(0.25)  Batch time: 0.26(0.26)
2025-06-18 12:29:51,848   INFO  user                                   Wed Jun 18 12:29:51 2025  535.183.01
[0] NVIDIA GeForce RTX 4060 Laptop GPU | 63°C,  73 % |  6432 /  8188 MB | user(6414M) gdm(4M) user(4M)

2025-06-18 12:30:04,886   INFO  Train:   50/80 ( 62%) [ 627/928 ( 68%)]  Loss: 0.4547 (0.390)  LR: 2.103e-03  Time cost: 02:45/01:19 [3:22:13/2:03:19]  Acc_iter 46100       Data time: 0.01(0.01)  Forward time: 0.25(0.25)  Batch time: 0.26(0.26)
2025-06-18 12:30:18,011   INFO  Train:   50/80 ( 62%) [ 677/928 ( 73%)]  Loss: 0.3556 (0.390)  LR: 2.098e-03  Time cost: 02:58/01:05 [3:22:26/2:03:05]  Acc_iter 46150       Data time: 0.01(0.01)  Forward time: 0.25(0.25)  Batch time: 0.26(0.26)
2025-06-18 12:30:31,091   INFO  Train:   50/80 ( 62%) [ 727/928 ( 78%)]  Loss: 0.3740 (0.390)  LR: 2.094e-03  Time cost: 03:11/00:52 [3:22:39/2:02:49]  Acc_iter 46200       Data time: 0.01(0.01)  Forward time: 0.25(0.25)  Batch time: 0.26(0.26)
2025-06-18 12:30:31,318   INFO  user                                   Wed Jun 18 12:30:31 2025  535.183.01
[0] NVIDIA GeForce RTX 4060 Laptop GPU | 62°C,  97 % |  6432 /  8188 MB | user(6414M) gdm(4M) user(4M)

2025-06-18 12:30:44,419   INFO  Train:   50/80 ( 62%) [ 777/928 ( 84%)]  Loss: 0.3714 (0.391)  LR: 2.089e-03  Time cost: 03:24/00:39 [3:22:52/2:02:43]  Acc_iter 46250       Data time: 0.01(0.01)  Forward time: 0.25(0.25)  Batch time: 0.27(0.26)
2025-06-18 12:30:57,477   INFO  Train:   50/80 ( 62%) [ 827/928 ( 89%)]  Loss: 0.5140 (0.391)  LR: 2.084e-03  Time cost: 03:37/00:26 [3:23:05/2:02:27]  Acc_iter 46300       Data time: 0.01(0.01)  Forward time: 0.25(0.25)  Batch time: 0.26(0.26)
2025-06-18 12:31:10,567   INFO  Train:   50/80 ( 62%) [ 877/928 ( 95%)]  Loss: 0.3761 (0.390)  LR: 2.079e-03  Time cost: 03:50/00:13 [3:23:18/2:02:12]  Acc_iter 46350       Data time: 0.01(0.01)  Forward time: 0.25(0.25)  Batch time: 0.26(0.26)
2025-06-18 12:31:10,809   INFO  user                                   Wed Jun 18 12:31:10 2025  535.183.01
[0] NVIDIA GeForce RTX 4060 Laptop GPU | 62°C,  69 % |  6432 /  8188 MB | user(6414M) gdm(4M) user(4M)

2025-06-18 12:31:23,884   INFO  Train:   50/80 ( 62%) [ 927/928 (100%)]  Loss: 0.4004 (0.390)  LR: 2.074e-03  Time cost: 04:04/00:00 [3:23:32/2:02:04]  Acc_iter 46400       Data time: 0.01(0.01)  Forward time: 0.25(0.25)  Batch time: 0.26(0.26)
2025-06-18 12:31:24,445   INFO  Train:   51/80 ( 64%) [   0/928 (  0%)]  Loss: 0.3026 (0.303)  LR: 2.074e-03  Time cost: 00:00/06:34 [3:23:32/3:17:20]  Acc_iter 46401       Data time: 0.13(0.13)  Forward time: 0.28(0.28)  Batch time: 0.41(0.41)
2025-06-18 12:31:37,268   INFO  Train:   51/80 ( 64%) [  49/928 (  5%)]  Loss: 0.3396 (0.380)  LR: 2.069e-03  Time cost: 00:13/03:52 [3:23:45/2:02:43]  Acc_iter 46450       Data time: 0.01(0.01)  Forward time: 0.25(0.25)  Batch time: 0.26(0.26)
2025-06-18 12:31:50,314   INFO  Train:   51/80 ( 64%) [  99/928 ( 11%)]  Loss: 0.3789 (0.384)  LR: 2.064e-03  Time cost: 00:26/03:37 [3:23:58/2:01:34]  Acc_iter 46500       Data time: 0.01(0.01)  Forward time: 0.25(0.25)  Batch time: 0.26(0.26)
2025-06-18 12:31:50,541   INFO  user                                   Wed Jun 18 12:31:50 2025  535.183.01
[0] NVIDIA GeForce RTX 4060 Laptop GPU | 62°C,  95 % |  6432 /  8188 MB | user(6414M) gdm(4M) user(4M)

2025-06-18 12:32:03,609   INFO  Train:   51/80 ( 64%) [ 149/928 ( 16%)]  Loss: 0.3386 (0.382)  LR: 2.059e-03  Time cost: 00:39/03:25 [3:24:11/2:01:48]  Acc_iter 46550       Data time: 0.01(0.01)  Forward time: 0.25(0.25)  Batch time: 0.26(0.26)
2025-06-18 12:32:16,655   INFO  Train:   51/80 ( 64%) [ 199/928 ( 21%)]  Loss: 0.2714 (0.382)  LR: 2.055e-03  Time cost: 00:52/03:11 [3:24:24/2:01:14]  Acc_iter 46600       Data time: 0.01(0.01)  Forward time: 0.25(0.25)  Batch time: 0.26(0.26)
2025-06-18 12:32:29,720   INFO  Train:   51/80 ( 64%) [ 249/928 ( 27%)]  Loss: 0.3172 (0.380)  LR: 2.050e-03  Time cost: 01:05/02:58 [3:24:37/2:00:50]  Acc_iter 46650       Data time: 0.01(0.01)  Forward time: 0.25(0.25)  Batch time: 0.26(0.26)
2025-06-18 12:32:29,920   INFO  user                                   Wed Jun 18 12:32:29 2025  535.183.01
[0] NVIDIA GeForce RTX 4060 Laptop GPU | 62°C,  95 % |  6432 /  8188 MB | user(6414M) gdm(4M) user(4M)

2025-06-18 12:32:42,979   INFO  Train:   51/80 ( 64%) [ 299/928 ( 32%)]  Loss: 0.4733 (0.381)  LR: 2.045e-03  Time cost: 01:18/02:45 [3:24:51/2:00:48]  Acc_iter 46700       Data time: 0.01(0.01)  Forward time: 0.25(0.25)  Batch time: 0.26(0.26)
2025-06-18 12:32:56,075   INFO  Train:   51/80 ( 64%) [ 349/928 ( 38%)]  Loss: 0.3953 (0.380)  LR: 2.040e-03  Time cost: 01:32/02:32 [3:25:04/2:00:30]  Acc_iter 46750       Data time: 0.01(0.01)  Forward time: 0.25(0.25)  Batch time: 0.26(0.26)
2025-06-18 12:33:09,158   INFO  Train:   51/80 ( 64%) [ 399/928 ( 43%)]  Loss: 0.3213 (0.379)  LR: 2.035e-03  Time cost: 01:45/02:19 [3:25:17/2:00:12]  Acc_iter 46800       Data time: 0.01(0.01)  Forward time: 0.25(0.25)  Batch time: 0.26(0.26)
2025-06-18 12:33:09,362   INFO  user                                   Wed Jun 18 12:33:09 2025  535.183.01
[0] NVIDIA GeForce RTX 4060 Laptop GPU | 62°C,  82 % |  6432 /  8188 MB | user(6414M) gdm(4M) user(4M)

2025-06-18 12:33:22,512   INFO  Train:   51/80 ( 64%) [ 449/928 ( 48%)]  Loss: 0.3639 (0.379)  LR: 2.030e-03  Time cost: 01:58/02:06 [3:25:30/2:00:12]  Acc_iter 46850       Data time: 0.02(0.01)  Forward time: 0.25(0.25)  Batch time: 0.26(0.26)
2025-06-18 12:33:35,548   INFO  Train:   51/80 ( 64%) [ 499/928 ( 54%)]  Loss: 0.4110 (0.379)  LR: 2.025e-03  Time cost: 02:11/01:52 [3:25:43/1:59:52]  Acc_iter 46900       Data time: 0.01(0.01)  Forward time: 0.25(0.25)  Batch time: 0.26(0.26)
2025-06-18 12:33:48,624   INFO  Train:   51/80 ( 64%) [ 549/928 ( 59%)]  Loss: 0.3177 (0.380)  LR: 2.020e-03  Time cost: 02:24/01:39 [3:25:56/1:59:35]  Acc_iter 46950       Data time: 0.01(0.01)  Forward time: 0.25(0.25)  Batch time: 0.26(0.26)
2025-06-18 12:33:48,847   INFO  user                                   Wed Jun 18 12:33:48 2025  535.183.01
[0] NVIDIA GeForce RTX 4060 Laptop GPU | 62°C,  97 % |  6432 /  8188 MB | user(6414M) gdm(4M) user(4M)

2025-06-18 12:34:01,914   INFO  Train:   51/80 ( 64%) [ 599/928 ( 65%)]  Loss: 0.3828 (0.380)  LR: 2.015e-03  Time cost: 02:37/01:26 [3:26:10/1:59:28]  Acc_iter 47000       Data time: 0.01(0.01)  Forward time: 0.25(0.25)  Batch time: 0.26(0.26)
2025-06-18 12:34:14,980   INFO  Train:   51/80 ( 64%) [ 649/928 ( 70%)]  Loss: 0.4611 (0.381)  LR: 2.010e-03  Time cost: 02:50/01:13 [3:26:23/1:59:11]  Acc_iter 47050       Data time: 0.01(0.01)  Forward time: 0.25(0.25)  Batch time: 0.26(0.26)
2025-06-18 12:34:28,093   INFO  Train:   51/80 ( 64%) [ 699/928 ( 75%)]  Loss: 0.3583 (0.381)  LR: 2.005e-03  Time cost: 03:04/01:00 [3:26:36/1:58:57]  Acc_iter 47100       Data time: 0.01(0.01)  Forward time: 0.25(0.25)  Batch time: 0.26(0.26)
2025-06-18 12:34:28,290   INFO  user                                   Wed Jun 18 12:34:28 2025  535.183.01
[0] NVIDIA GeForce RTX 4060 Laptop GPU | 63°C,  62 % |  6432 /  8188 MB | user(6414M) gdm(4M) user(4M)

2025-06-18 12:34:41,373   INFO  Train:   51/80 ( 64%) [ 749/928 ( 81%)]  Loss: 0.3448 (0.381)  LR: 2.000e-03  Time cost: 03:17/00:47 [3:26:49/1:58:48]  Acc_iter 47150       Data time: 0.01(0.01)  Forward time: 0.25(0.25)  Batch time: 0.26(0.26)
2025-06-18 12:34:54,444   INFO  Train:   51/80 ( 64%) [ 799/928 ( 86%)]  Loss: 0.4042 (0.380)  LR: 1.995e-03  Time cost: 03:30/00:33 [3:27:02/1:58:32]  Acc_iter 47200       Data time: 0.01(0.01)  Forward time: 0.25(0.25)  Batch time: 0.26(0.26)
2025-06-18 12:35:07,530   INFO  Train:   51/80 ( 64%) [ 849/928 ( 91%)]  Loss: 0.3682 (0.381)  LR: 1.990e-03  Time cost: 03:43/00:20 [3:27:15/1:58:17]  Acc_iter 47250       Data time: 0.01(0.01)  Forward time: 0.25(0.25)  Batch time: 0.26(0.26)
2025-06-18 12:35:07,730   INFO  user                                   Wed Jun 18 12:35:07 2025  535.183.01
[0] NVIDIA GeForce RTX 4060 Laptop GPU | 63°C,  86 % |  6432 /  8188 MB | user(6414M) gdm(4M) user(4M)

2025-06-18 12:35:20,862   INFO  Train:   51/80 ( 64%) [ 899/928 ( 97%)]  Loss: 0.3548 (0.382)  LR: 1.985e-03  Time cost: 03:56/00:07 [3:27:29/1:58:09]  Acc_iter 47300       Data time: 0.01(0.01)  Forward time: 0.25(0.25)  Batch time: 0.26(0.26)
2025-06-18 12:35:28,176   INFO  Train:   51/80 ( 64%) [ 927/928 (100%)]  Loss: 0.3104 (0.382)  LR: 1.982e-03  Time cost: 04:04/00:00 [3:27:36/1:58:00]  Acc_iter 47328       Data time: 0.01(0.01)  Forward time: 0.25(0.25)  Batch time: 0.26(0.26)
2025-06-18 12:35:28,723   INFO  Train:   52/80 ( 65%) [   0/928 (  0%)]  Loss: 0.3778 (0.378)  LR: 1.982e-03  Time cost: 00:00/06:13 [3:27:36/3:00:37]  Acc_iter 47329       Data time: 0.11(0.11)  Forward time: 0.28(0.28)  Batch time: 0.39(0.39)
2025-06-18 12:35:34,233   INFO  Train:   52/80 ( 65%) [  21/928 (  2%)]  Loss: 0.4032 (0.380)  LR: 1.980e-03  Time cost: 00:05/04:03 [3:27:42/2:00:27]  Acc_iter 47350       Data time: 0.01(0.02)  Forward time: 0.25(0.25)  Batch time: 0.26(0.27)
2025-06-18 12:35:47,293   INFO  Train:   52/80 ( 65%) [  71/928 (  8%)]  Loss: 0.3638 (0.382)  LR: 1.975e-03  Time cost: 00:18/03:45 [3:27:55/1:57:52]  Acc_iter 47400       Data time: 0.01(0.01)  Forward time: 0.25(0.25)  Batch time: 0.26(0.26)
2025-06-18 12:35:47,490   INFO  user                                   Wed Jun 18 12:35:47 2025  535.183.01
[0] NVIDIA GeForce RTX 4060 Laptop GPU | 62°C,  74 % |  6432 /  8188 MB | user(6414M) gdm(4M) user(4M)

2025-06-18 12:36:00,563   INFO  Train:   52/80 ( 65%) [ 121/928 ( 13%)]  Loss: 0.4242 (0.379)  LR: 1.970e-03  Time cost: 00:32/03:33 [3:28:08/1:58:00]  Acc_iter 47450       Data time: 0.01(0.01)  Forward time: 0.25(0.25)  Batch time: 0.26(0.26)
2025-06-18 12:36:13,607   INFO  Train:   52/80 ( 65%) [ 171/928 ( 18%)]  Loss: 0.3280 (0.377)  LR: 1.965e-03  Time cost: 00:45/03:19 [3:28:21/1:57:20]  Acc_iter 47500       Data time: 0.01(0.01)  Forward time: 0.25(0.25)  Batch time: 0.26(0.26)
2025-06-18 12:36:26,720   INFO  Train:   52/80 ( 65%) [ 221/928 ( 24%)]  Loss: 0.3904 (0.378)  LR: 1.960e-03  Time cost: 00:58/03:05 [3:28:34/1:57:01]  Acc_iter 47550       Data time: 0.01(0.01)  Forward time: 0.25(0.25)  Batch time: 0.26(0.26)
2025-06-18 12:36:26,934   INFO  user                                   Wed Jun 18 12:36:26 2025  535.183.01
[0] NVIDIA GeForce RTX 4060 Laptop GPU | 63°C,  91 % |  6432 /  8188 MB | user(6414M) gdm(4M) user(4M)

2025-06-18 12:36:39,976   INFO  Train:   52/80 ( 65%) [ 271/928 ( 29%)]  Loss: 0.3611 (0.379)  LR: 1.955e-03  Time cost: 01:11/02:53 [3:28:48/1:56:58]  Acc_iter 47600       Data time: 0.01(0.01)  Forward time: 0.25(0.25)  Batch time: 0.26(0.26)
2025-06-18 12:36:53,061   INFO  Train:   52/80 ( 65%) [ 321/928 ( 35%)]  Loss: 0.3512 (0.378)  LR: 1.950e-03  Time cost: 01:24/02:39 [3:29:01/1:56:37]  Acc_iter 47650       Data time: 0.01(0.01)  Forward time: 0.25(0.25)  Batch time: 0.26(0.26)
2025-06-18 12:37:06,119   INFO  Train:   52/80 ( 65%) [ 371/928 ( 40%)]  Loss: 0.4712 (0.380)  LR: 1.945e-03  Time cost: 01:37/02:26 [3:29:14/1:56:17]  Acc_iter 47700       Data time: 0.01(0.01)  Forward time: 0.25(0.25)  Batch time: 0.26(0.26)
2025-06-18 12:37:06,322   INFO  user                                   Wed Jun 18 12:37:06 2025  535.183.01
[0] NVIDIA GeForce RTX 4060 Laptop GPU | 63°C,  96 % |  6432 /  8188 MB | user(6414M) gdm(4M) user(4M)

2025-06-18 12:37:19,399   INFO  Train:   52/80 ( 65%) [ 421/928 ( 45%)]  Loss: 0.3424 (0.378)  LR: 1.940e-03  Time cost: 01:51/02:13 [3:29:27/1:56:12]  Acc_iter 47750       Data time: 0.01(0.01)  Forward time: 0.25(0.25)  Batch time: 0.26(0.26)
2025-06-18 12:37:32,461   INFO  Train:   52/80 ( 65%) [ 471/928 ( 51%)]  Loss: 0.4169 (0.379)  LR: 1.935e-03  Time cost: 02:04/02:00 [3:29:40/1:55:54]  Acc_iter 47800       Data time: 0.01(0.01)  Forward time: 0.25(0.25)  Batch time: 0.26(0.26)
2025-06-18 12:37:45,535   INFO  Train:   52/80 ( 65%) [ 521/928 ( 56%)]  Loss: 0.3784 (0.378)  LR: 1.930e-03  Time cost: 02:17/01:46 [3:29:53/1:55:37]  Acc_iter 47850       Data time: 0.01(0.01)  Forward time: 0.25(0.25)  Batch time: 0.26(0.26)
2025-06-18 12:37:45,749   INFO  user                                   Wed Jun 18 12:37:45 2025  535.183.01
[0] NVIDIA GeForce RTX 4060 Laptop GPU | 62°C,  97 % |  6432 /  8188 MB | user(6414M) gdm(4M) user(4M)

2025-06-18 12:37:58,810   INFO  Train:   52/80 ( 65%) [ 571/928 ( 62%)]  Loss: 0.4044 (0.378)  LR: 1.925e-03  Time cost: 02:30/01:33 [3:30:07/1:55:30]  Acc_iter 47900       Data time: 0.01(0.01)  Forward time: 0.25(0.25)  Batch time: 0.26(0.26)
2025-06-18 12:38:11,869   INFO  Train:   52/80 ( 65%) [ 621/928 ( 67%)]  Loss: 0.3992 (0.378)  LR: 1.920e-03  Time cost: 02:43/01:20 [3:30:20/1:55:12]  Acc_iter 47950       Data time: 0.01(0.01)  Forward time: 0.25(0.25)  Batch time: 0.26(0.26)
2025-06-18 12:38:24,932   INFO  Train:   52/80 ( 65%) [ 671/928 ( 72%)]  Loss: 0.3753 (0.378)  LR: 1.914e-03  Time cost: 02:56/01:07 [3:30:33/1:54:56]  Acc_iter 48000       Data time: 0.01(0.01)  Forward time: 0.25(0.25)  Batch time: 0.26(0.26)
2025-06-18 12:38:25,181   INFO  user                                   Wed Jun 18 12:38:25 2025  535.183.01
[0] NVIDIA GeForce RTX 4060 Laptop GPU | 62°C,  97 % |  6432 /  8188 MB | user(6414M) gdm(4M) user(4M)

2025-06-18 12:38:38,288   INFO  Train:   52/80 ( 65%) [ 721/928 ( 78%)]  Loss: 0.4339 (0.379)  LR: 1.909e-03  Time cost: 03:09/00:54 [3:30:46/1:54:51]  Acc_iter 48050       Data time: 0.01(0.01)  Forward time: 0.25(0.25)  Batch time: 0.26(0.26)
2025-06-18 12:38:51,362   INFO  Train:   52/80 ( 65%) [ 771/928 ( 83%)]  Loss: 0.3469 (0.379)  LR: 1.904e-03  Time cost: 03:23/00:41 [3:30:59/1:54:35]  Acc_iter 48100       Data time: 0.01(0.01)  Forward time: 0.25(0.25)  Batch time: 0.26(0.26)
2025-06-18 12:39:04,448   INFO  Train:   52/80 ( 65%) [ 821/928 ( 88%)]  Loss: 0.3481 (0.378)  LR: 1.899e-03  Time cost: 03:36/00:28 [3:31:12/1:54:20]  Acc_iter 48150       Data time: 0.01(0.01)  Forward time: 0.25(0.25)  Batch time: 0.26(0.26)
2025-06-18 12:39:04,652   INFO  user                                   Wed Jun 18 12:39:04 2025  535.183.01
[0] NVIDIA GeForce RTX 4060 Laptop GPU | 63°C,  81 % |  6432 /  8188 MB | user(6414M) gdm(4M) user(4M)

2025-06-18 12:39:17,726   INFO  Train:   52/80 ( 65%) [ 871/928 ( 94%)]  Loss: 0.4074 (0.379)  LR: 1.894e-03  Time cost: 03:49/00:14 [3:31:25/1:54:10]  Acc_iter 48200       Data time: 0.01(0.01)  Forward time: 0.25(0.25)  Batch time: 0.26(0.26)
2025-06-18 12:39:30,817   INFO  Train:   52/80 ( 65%) [ 921/928 ( 99%)]  Loss: 0.3852 (0.378)  LR: 1.889e-03  Time cost: 04:02/00:01 [3:31:39/1:53:55]  Acc_iter 48250       Data time: 0.01(0.01)  Forward time: 0.25(0.25)  Batch time: 0.26(0.26)
2025-06-18 12:39:32,391   INFO  Train:   52/80 ( 65%) [ 927/928 (100%)]  Loss: 0.3855 (0.378)  LR: 1.888e-03  Time cost: 04:04/00:00 [3:31:40/1:53:54]  Acc_iter 48256       Data time: 0.01(0.01)  Forward time: 0.25(0.25)  Batch time: 0.26(0.26)
2025-06-18 12:39:32,969   INFO  Train:   53/80 ( 66%) [   0/928 (  0%)]  Loss: 0.3646 (0.365)  LR: 1.888e-03  Time cost: 00:00/06:14 [3:31:41/2:54:41]  Acc_iter 48257       Data time: 0.13(0.13)  Forward time: 0.27(0.27)  Batch time: 0.39(0.39)
2025-06-18 12:39:44,237   INFO  Train:   53/80 ( 66%) [  43/928 (  5%)]  Loss: 0.4092 (0.373)  LR: 1.884e-03  Time cost: 00:11/03:54 [3:31:52/1:54:41]  Acc_iter 48300       Data time: 0.01(0.02)  Forward time: 0.25(0.25)  Batch time: 0.26(0.26)
2025-06-18 12:39:44,442   INFO  user                                   Wed Jun 18 12:39:44 2025  535.183.01
[0] NVIDIA GeForce RTX 4060 Laptop GPU | 62°C,  83 % |  6432 /  8188 MB | user(6414M) gdm(4M) user(4M)

2025-06-18 12:39:57,497   INFO  Train:   53/80 ( 66%) [  93/928 ( 10%)]  Loss: 0.3660 (0.374)  LR: 1.879e-03  Time cost: 00:24/03:41 [3:32:05/1:54:26]  Acc_iter 48350       Data time: 0.01(0.02)  Forward time: 0.25(0.25)  Batch time: 0.26(0.27)
2025-06-18 12:40:10,625   INFO  Train:   53/80 ( 66%) [ 143/928 ( 15%)]  Loss: 0.3346 (0.374)  LR: 1.874e-03  Time cost: 00:38/03:27 [3:32:18/1:53:49]  Acc_iter 48400       Data time: 0.01(0.01)  Forward time: 0.25(0.25)  Batch time: 0.26(0.26)
2025-06-18 12:40:23,655   INFO  Train:   53/80 ( 66%) [ 193/928 ( 21%)]  Loss: 0.3890 (0.374)  LR: 1.868e-03  Time cost: 00:51/03:13 [3:32:31/1:53:11]  Acc_iter 48450       Data time: 0.02(0.01)  Forward time: 0.25(0.25)  Batch time: 0.26(0.26)
2025-06-18 12:40:23,858   INFO  user                                   Wed Jun 18 12:40:23 2025  535.183.01
[0] NVIDIA GeForce RTX 4060 Laptop GPU | 62°C,  95 % |  6432 /  8188 MB | user(6414M) gdm(4M) user(4M)

2025-06-18 12:40:36,924   INFO  Train:   53/80 ( 66%) [ 243/928 ( 26%)]  Loss: 0.3610 (0.372)  LR: 1.863e-03  Time cost: 01:04/03:00 [3:32:45/1:53:09]  Acc_iter 48500       Data time: 0.01(0.01)  Forward time: 0.25(0.25)  Batch time: 0.25(0.26)
2025-06-18 12:40:50,019   INFO  Train:   53/80 ( 66%) [ 293/928 ( 32%)]  Loss: 0.3738 (0.374)  LR: 1.858e-03  Time cost: 01:17/02:47 [3:32:58/1:52:48]  Acc_iter 48550       Data time: 0.01(0.01)  Forward time: 0.25(0.25)  Batch time: 0.26(0.26)
2025-06-18 12:41:03,097   INFO  Train:   53/80 ( 66%) [ 343/928 ( 37%)]  Loss: 0.3977 (0.375)  LR: 1.853e-03  Time cost: 01:30/02:33 [3:33:11/1:52:28]  Acc_iter 48600       Data time: 0.01(0.01)  Forward time: 0.25(0.25)  Batch time: 0.26(0.26)
2025-06-18 12:41:03,301   INFO  user                                   Wed Jun 18 12:41:03 2025  535.183.01
[0] NVIDIA GeForce RTX 4060 Laptop GPU | 63°C,  97 % |  6432 /  8188 MB | user(6414M) gdm(4M) user(4M)

2025-06-18 12:41:16,355   INFO  Train:   53/80 ( 66%) [ 393/928 ( 42%)]  Loss: 0.3325 (0.374)  LR: 1.848e-03  Time cost: 01:43/02:20 [3:33:24/1:52:21]  Acc_iter 48650       Data time: 0.01(0.01)  Forward time: 0.25(0.25)  Batch time: 0.26(0.26)
2025-06-18 12:41:29,425   INFO  Train:   53/80 ( 66%) [ 443/928 ( 48%)]  Loss: 0.3222 (0.374)  LR: 1.843e-03  Time cost: 01:56/02:07 [3:33:37/1:52:02]  Acc_iter 48700       Data time: 0.01(0.01)  Forward time: 0.25(0.25)  Batch time: 0.26(0.26)
2025-06-18 12:41:42,497   INFO  Train:   53/80 ( 66%) [ 493/928 ( 53%)]  Loss: 0.3971 (0.376)  LR: 1.838e-03  Time cost: 02:09/01:54 [3:33:50/1:51:44]  Acc_iter 48750       Data time: 0.01(0.01)  Forward time: 0.25(0.25)  Batch time: 0.26(0.26)
2025-06-18 12:41:42,697   INFO  user                                   Wed Jun 18 12:41:42 2025  535.183.01
[0] NVIDIA GeForce RTX 4060 Laptop GPU | 62°C,  97 % |  6432 /  8188 MB | user(6414M) gdm(4M) user(4M)

2025-06-18 12:41:55,745   INFO  Train:   53/80 ( 66%) [ 543/928 ( 59%)]  Loss: 0.3230 (0.375)  LR: 1.832e-03  Time cost: 02:23/01:41 [3:34:03/1:51:35]  Acc_iter 48800       Data time: 0.02(0.01)  Forward time: 0.25(0.25)  Batch time: 0.26(0.26)
2025-06-18 12:42:08,829   INFO  Train:   53/80 ( 66%) [ 593/928 ( 64%)]  Loss: 0.3717 (0.374)  LR: 1.827e-03  Time cost: 02:36/01:28 [3:34:17/1:51:19]  Acc_iter 48850       Data time: 0.01(0.01)  Forward time: 0.25(0.25)  Batch time: 0.26(0.26)
2025-06-18 12:42:21,897   INFO  Train:   53/80 ( 66%) [ 643/928 ( 69%)]  Loss: 0.3261 (0.373)  LR: 1.822e-03  Time cost: 02:49/01:14 [3:34:30/1:51:03]  Acc_iter 48900       Data time: 0.01(0.01)  Forward time: 0.25(0.25)  Batch time: 0.26(0.26)
2025-06-18 12:42:22,093   INFO  user                                   Wed Jun 18 12:42:22 2025  535.183.01
[0] NVIDIA GeForce RTX 4060 Laptop GPU | 62°C,  94 % |  6432 /  8188 MB | user(6414M) gdm(4M) user(4M)

2025-06-18 12:42:35,196   INFO  Train:   53/80 ( 66%) [ 693/928 ( 75%)]  Loss: 0.3157 (0.373)  LR: 1.817e-03  Time cost: 03:02/01:01 [3:34:43/1:50:55]  Acc_iter 48950       Data time: 0.01(0.01)  Forward time: 0.25(0.25)  Batch time: 0.26(0.26)
2025-06-18 12:42:48,233   INFO  Train:   53/80 ( 66%) [ 743/928 ( 80%)]  Loss: 0.3187 (0.372)  LR: 1.812e-03  Time cost: 03:15/00:48 [3:34:56/1:50:38]  Acc_iter 49000       Data time: 0.01(0.01)  Forward time: 0.25(0.25)  Batch time: 0.26(0.26)
2025-06-18 12:43:01,296   INFO  Train:   53/80 ( 66%) [ 793/928 ( 85%)]  Loss: 0.3280 (0.372)  LR: 1.807e-03  Time cost: 03:28/00:35 [3:35:09/1:50:22]  Acc_iter 49050       Data time: 0.01(0.01)  Forward time: 0.25(0.25)  Batch time: 0.26(0.26)
2025-06-18 12:43:01,560   INFO  user                                   Wed Jun 18 12:43:01 2025  535.183.01
[0] NVIDIA GeForce RTX 4060 Laptop GPU | 62°C,  42 % |  6432 /  8188 MB | user(6414M) gdm(4M) user(4M)

2025-06-18 12:43:14,689   INFO  Train:   53/80 ( 66%) [ 843/928 ( 91%)]  Loss: 0.3573 (0.371)  LR: 1.801e-03  Time cost: 03:42/00:22 [3:35:22/1:50:16]  Acc_iter 49100       Data time: 0.01(0.01)  Forward time: 0.25(0.25)  Batch time: 0.26(0.26)
2025-06-18 12:43:27,730   INFO  Train:   53/80 ( 66%) [ 893/928 ( 96%)]  Loss: 0.3144 (0.372)  LR: 1.796e-03  Time cost: 03:55/00:09 [3:35:35/1:50:00]  Acc_iter 49150       Data time: 0.01(0.01)  Forward time: 0.25(0.25)  Batch time: 0.25(0.26)
2025-06-18 12:43:36,610   INFO  Train:   53/80 ( 66%) [ 927/928 (100%)]  Loss: 0.2903 (0.372)  LR: 1.793e-03  Time cost: 04:04/00:00 [3:35:44/1:49:49]  Acc_iter 49184       Data time: 0.01(0.01)  Forward time: 0.25(0.25)  Batch time: 0.26(0.26)
2025-06-18 12:43:37,215   INFO  Train:   54/80 ( 68%) [   0/928 (  0%)]  Loss: 0.3924 (0.392)  LR: 1.793e-03  Time cost: 00:00/07:01 [3:35:45/3:09:37]  Acc_iter 49185       Data time: 0.17(0.17)  Forward time: 0.28(0.28)  Batch time: 0.44(0.44)
2025-06-18 12:43:41,124   INFO  Train:   54/80 ( 68%) [  15/928 (  2%)]  Loss: 0.3239 (0.366)  LR: 1.791e-03  Time cost: 00:04/04:08 [3:35:49/1:53:48]  Acc_iter 49200       Data time: 0.01(0.02)  Forward time: 0.25(0.25)  Batch time: 0.26(0.27)
2025-06-18 12:43:41,338   INFO  user                                   Wed Jun 18 12:43:41 2025  535.183.01
[0] NVIDIA GeForce RTX 4060 Laptop GPU | 62°C,  62 % |  6432 /  8188 MB | user(6414M) gdm(4M) user(4M)

2025-06-18 12:43:54,414   INFO  Train:   54/80 ( 68%) [  65/928 (  7%)]  Loss: 0.4070 (0.370)  LR: 1.786e-03  Time cost: 00:17/03:50 [3:36:02/1:51:24]  Acc_iter 49250       Data time: 0.01(0.02)  Forward time: 0.25(0.25)  Batch time: 0.26(0.27)
2025-06-18 12:44:07,500   INFO  Train:   54/80 ( 68%) [ 115/928 ( 12%)]  Loss: 0.3846 (0.369)  LR: 1.781e-03  Time cost: 00:30/03:35 [3:36:15/1:50:09]  Acc_iter 49300       Data time: 0.01(0.02)  Forward time: 0.25(0.25)  Batch time: 0.26(0.26)
2025-06-18 12:44:20,575   INFO  Train:   54/80 ( 68%) [ 165/928 ( 18%)]  Loss: 0.4346 (0.368)  LR: 1.776e-03  Time cost: 00:43/03:21 [3:36:28/1:49:29]  Acc_iter 49350       Data time: 0.01(0.01)  Forward time: 0.25(0.25)  Batch time: 0.26(0.26)
2025-06-18 12:44:20,820   INFO  user                                   Wed Jun 18 12:44:20 2025  535.183.01
[0] NVIDIA GeForce RTX 4060 Laptop GPU | 63°C,  91 % |  6432 /  8188 MB | user(6414M) gdm(4M) user(4M)

2025-06-18 12:44:33,907   INFO  Train:   54/80 ( 68%) [ 215/928 ( 23%)]  Loss: 0.3158 (0.370)  LR: 1.770e-03  Time cost: 00:57/03:08 [3:36:42/1:49:32]  Acc_iter 49400       Data time: 0.01(0.02)  Forward time: 0.25(0.25)  Batch time: 0.26(0.26)
2025-06-18 12:44:46,964   INFO  Train:   54/80 ( 68%) [ 265/928 ( 29%)]  Loss: 0.3901 (0.372)  LR: 1.765e-03  Time cost: 01:10/02:54 [3:36:55/1:49:02]  Acc_iter 49450       Data time: 0.01(0.01)  Forward time: 0.25(0.25)  Batch time: 0.26(0.26)
2025-06-18 12:45:00,028   INFO  Train:   54/80 ( 68%) [ 315/928 ( 34%)]  Loss: 0.3023 (0.375)  LR: 1.760e-03  Time cost: 01:23/02:41 [3:37:08/1:48:39]  Acc_iter 49500       Data time: 0.01(0.01)  Forward time: 0.25(0.25)  Batch time: 0.26(0.26)
2025-06-18 12:45:00,233   INFO  user                                   Wed Jun 18 12:45:00 2025  535.183.01
[0] NVIDIA GeForce RTX 4060 Laptop GPU | 63°C,  97 % |  6432 /  8188 MB | user(6414M) gdm(4M) user(4M)

2025-06-18 12:45:13,292   INFO  Train:   54/80 ( 68%) [ 365/928 ( 39%)]  Loss: 0.3533 (0.374)  LR: 1.755e-03  Time cost: 01:36/02:28 [3:37:21/1:48:32]  Acc_iter 49550       Data time: 0.01(0.01)  Forward time: 0.25(0.25)  Batch time: 0.26(0.26)
2025-06-18 12:45:26,338   INFO  Train:   54/80 ( 68%) [ 415/928 ( 45%)]  Loss: 0.4147 (0.373)  LR: 1.749e-03  Time cost: 01:49/02:15 [3:37:34/1:48:10]  Acc_iter 49600       Data time: 0.01(0.01)  Forward time: 0.25(0.25)  Batch time: 0.26(0.26)
2025-06-18 12:45:39,407   INFO  Train:   54/80 ( 68%) [ 465/928 ( 50%)]  Loss: 0.4405 (0.372)  LR: 1.744e-03  Time cost: 02:02/02:01 [3:37:47/1:47:52]  Acc_iter 49650       Data time: 0.01(0.01)  Forward time: 0.25(0.25)  Batch time: 0.26(0.26)
2025-06-18 12:45:39,650   INFO  user                                   Wed Jun 18 12:45:39 2025  535.183.01
[0] NVIDIA GeForce RTX 4060 Laptop GPU | 62°C,  97 % |  6432 /  8188 MB | user(6414M) gdm(4M) user(4M)

2025-06-18 12:45:52,741   INFO  Train:   54/80 ( 68%) [ 515/928 ( 55%)]  Loss: 0.2857 (0.373)  LR: 1.739e-03  Time cost: 02:15/01:48 [3:38:00/1:47:47]  Acc_iter 49700       Data time: 0.01(0.01)  Forward time: 0.25(0.25)  Batch time: 0.26(0.26)
2025-06-18 12:46:05,777   INFO  Train:   54/80 ( 68%) [ 565/928 ( 61%)]  Loss: 0.4004 (0.373)  LR: 1.734e-03  Time cost: 02:29/01:35 [3:38:14/1:47:27]  Acc_iter 49750       Data time: 0.01(0.01)  Forward time: 0.25(0.25)  Batch time: 0.26(0.26)
2025-06-18 12:46:18,834   INFO  Train:   54/80 ( 68%) [ 615/928 ( 66%)]  Loss: 0.3348 (0.373)  LR: 1.729e-03  Time cost: 02:42/01:22 [3:38:27/1:47:10]  Acc_iter 49800       Data time: 0.01(0.01)  Forward time: 0.25(0.25)  Batch time: 0.26(0.26)
2025-06-18 12:46:19,039   INFO  user                                   Wed Jun 18 12:46:19 2025  535.183.01
[0] NVIDIA GeForce RTX 4060 Laptop GPU | 62°C,  95 % |  6432 /  8188 MB | user(6414M) gdm(4M) user(4M)

2025-06-18 12:46:32,126   INFO  Train:   54/80 ( 68%) [ 665/928 ( 72%)]  Loss: 0.3666 (0.373)  LR: 1.723e-03  Time cost: 02:55/01:09 [3:38:40/1:47:02]  Acc_iter 49850       Data time: 0.01(0.01)  Forward time: 0.25(0.25)  Batch time: 0.26(0.26)
2025-06-18 12:46:45,211   INFO  Train:   54/80 ( 68%) [ 715/928 ( 77%)]  Loss: 0.3553 (0.372)  LR: 1.718e-03  Time cost: 03:08/00:56 [3:38:53/1:46:46]  Acc_iter 49900       Data time: 0.01(0.01)  Forward time: 0.25(0.25)  Batch time: 0.26(0.26)
2025-06-18 12:46:58,289   INFO  Train:   54/80 ( 68%) [ 765/928 ( 82%)]  Loss: 0.4216 (0.373)  LR: 1.713e-03  Time cost: 03:21/00:42 [3:39:06/1:46:30]  Acc_iter 49950       Data time: 0.01(0.01)  Forward time: 0.25(0.25)  Batch time: 0.26(0.26)
2025-06-18 12:46:58,535   INFO  user                                   Wed Jun 18 12:46:58 2025  535.183.01
[0] NVIDIA GeForce RTX 4060 Laptop GPU | 62°C,  76 % |  6432 /  8188 MB | user(6414M) gdm(4M) user(4M)

2025-06-18 12:47:11,621   INFO  Train:   54/80 ( 68%) [ 815/928 ( 88%)]  Loss: 0.3415 (0.372)  LR: 1.708e-03  Time cost: 03:34/00:29 [3:39:19/1:46:22]  Acc_iter 50000       Data time: 0.01(0.01)  Forward time: 0.25(0.25)  Batch time: 0.26(0.26)
2025-06-18 12:47:24,693   INFO  Train:   54/80 ( 68%) [ 865/928 ( 93%)]  Loss: 0.4276 (0.371)  LR: 1.702e-03  Time cost: 03:47/00:16 [3:39:32/1:46:07]  Acc_iter 50050       Data time: 0.01(0.01)  Forward time: 0.25(0.25)  Batch time: 0.26(0.26)
2025-06-18 12:47:37,808   INFO  Train:   54/80 ( 68%) [ 915/928 ( 99%)]  Loss: 0.3525 (0.371)  LR: 1.697e-03  Time cost: 04:01/00:03 [3:39:46/1:45:52]  Acc_iter 50100       Data time: 0.01(0.01)  Forward time: 0.25(0.25)  Batch time: 0.26(0.26)
2025-06-18 12:47:38,083   INFO  user                                   Wed Jun 18 12:47:38 2025  535.183.01
[0] NVIDIA GeForce RTX 4060 Laptop GPU | 62°C,  95 % |  6432 /  8188 MB | user(6414M) gdm(4M) user(4M)

2025-06-18 12:47:41,234   INFO  Train:   54/80 ( 68%) [ 927/928 (100%)]  Loss: 0.3080 (0.370)  LR: 1.696e-03  Time cost: 04:04/00:00 [3:39:49/1:45:56]  Acc_iter 50112       Data time: 0.01(0.01)  Forward time: 0.25(0.25)  Batch time: 0.26(0.26)
2025-06-18 12:47:41,815   INFO  Train:   55/80 ( 69%) [   0/928 (  0%)]  Loss: 0.3161 (0.316)  LR: 1.696e-03  Time cost: 00:00/06:52 [3:39:50/2:58:46]  Acc_iter 50113       Data time: 0.17(0.17)  Forward time: 0.26(0.26)  Batch time: 0.43(0.43)
2025-06-18 12:47:51,475   INFO  Train:   55/80 ( 69%) [  37/928 (  4%)]  Loss: 0.3560 (0.353)  LR: 1.692e-03  Time cost: 00:10/03:56 [3:39:59/1:46:45]  Acc_iter 50150       Data time: 0.01(0.02)  Forward time: 0.25(0.25)  Batch time: 0.26(0.27)
2025-06-18 12:48:04,561   INFO  Train:   55/80 ( 69%) [  87/928 (  9%)]  Loss: 0.3615 (0.361)  LR: 1.687e-03  Time cost: 00:23/03:41 [3:40:12/1:45:35]  Acc_iter 50200       Data time: 0.01(0.01)  Forward time: 0.25(0.25)  Batch time: 0.26(0.26)
2025-06-18 12:48:17,606   INFO  Train:   55/80 ( 69%) [ 137/928 ( 15%)]  Loss: 0.3082 (0.364)  LR: 1.681e-03  Time cost: 00:36/03:27 [3:40:25/1:44:59]  Acc_iter 50250       Data time: 0.01(0.01)  Forward time: 0.25(0.25)  Batch time: 0.26(0.26)
2025-06-18 12:48:17,812   INFO  user                                   Wed Jun 18 12:48:17 2025  535.183.01
[0] NVIDIA GeForce RTX 4060 Laptop GPU | 63°C,  95 % |  6432 /  8188 MB | user(6414M) gdm(4M) user(4M)

2025-06-18 12:48:30,886   INFO  Train:   55/80 ( 69%) [ 187/928 ( 20%)]  Loss: 0.3307 (0.363)  LR: 1.676e-03  Time cost: 00:49/03:15 [3:40:39/1:45:05]  Acc_iter 50300       Data time: 0.01(0.01)  Forward time: 0.25(0.25)  Batch time: 0.26(0.26)
2025-06-18 12:48:43,930   INFO  Train:   55/80 ( 69%) [ 237/928 ( 26%)]  Loss: 0.3642 (0.365)  LR: 1.671e-03  Time cost: 01:02/03:01 [3:40:52/1:44:39]  Acc_iter 50350       Data time: 0.01(0.01)  Forward time: 0.25(0.25)  Batch time: 0.26(0.26)
2025-06-18 12:48:57,001   INFO  Train:   55/80 ( 69%) [ 287/928 ( 31%)]  Loss: 0.3312 (0.364)  LR: 1.666e-03  Time cost: 01:15/02:48 [3:41:05/1:44:20]  Acc_iter 50400       Data time: 0.01(0.01)  Forward time: 0.25(0.25)  Batch time: 0.26(0.26)
2025-06-18 12:48:57,207   INFO  user                                   Wed Jun 18 12:48:57 2025  535.183.01
[0] NVIDIA GeForce RTX 4060 Laptop GPU | 62°C,  96 % |  6432 /  8188 MB | user(6414M) gdm(4M) user(4M)

2025-06-18 12:49:10,306   INFO  Train:   55/80 ( 69%) [ 337/928 ( 36%)]  Loss: 0.3160 (0.366)  LR: 1.660e-03  Time cost: 01:28/02:35 [3:41:18/1:44:19]  Acc_iter 50450       Data time: 0.01(0.01)  Forward time: 0.25(0.25)  Batch time: 0.27(0.26)
2025-06-18 12:49:23,396   INFO  Train:   55/80 ( 69%) [ 387/928 ( 42%)]  Loss: 0.3498 (0.366)  LR: 1.655e-03  Time cost: 01:42/02:22 [3:41:31/1:44:02]  Acc_iter 50500       Data time: 0.01(0.01)  Forward time: 0.25(0.25)  Batch time: 0.26(0.26)
2025-06-18 12:49:36,431   INFO  Train:   55/80 ( 69%) [ 437/928 ( 47%)]  Loss: 0.3859 (0.365)  LR: 1.650e-03  Time cost: 01:55/02:08 [3:41:44/1:43:43]  Acc_iter 50550       Data time: 0.01(0.01)  Forward time: 0.25(0.25)  Batch time: 0.26(0.26)
2025-06-18 12:49:36,670   INFO  user                                   Wed Jun 18 12:49:36 2025  535.183.01
[0] NVIDIA GeForce RTX 4060 Laptop GPU | 62°C,  75 % |  6432 /  8188 MB | user(6414M) gdm(4M) user(4M)

2025-06-18 12:49:49,756   INFO  Train:   55/80 ( 69%) [ 487/928 ( 52%)]  Loss: 0.3909 (0.365)  LR: 1.645e-03  Time cost: 02:08/01:56 [3:41:57/1:43:39]  Acc_iter 50600       Data time: 0.01(0.01)  Forward time: 0.25(0.25)  Batch time: 0.26(0.26)
2025-06-18 12:50:02,827   INFO  Train:   55/80 ( 69%) [ 537/928 ( 58%)]  Loss: 0.3491 (0.364)  LR: 1.639e-03  Time cost: 02:21/01:42 [3:42:11/1:43:22]  Acc_iter 50650       Data time: 0.01(0.01)  Forward time: 0.25(0.25)  Batch time: 0.26(0.26)
2025-06-18 12:50:15,924   INFO  Train:   55/80 ( 69%) [ 587/928 ( 63%)]  Loss: 0.4034 (0.365)  LR: 1.634e-03  Time cost: 02:34/01:29 [3:42:24/1:43:07]  Acc_iter 50700       Data time: 0.01(0.01)  Forward time: 0.25(0.25)  Batch time: 0.26(0.26)
2025-06-18 12:50:16,122   INFO  user                                   Wed Jun 18 12:50:16 2025  535.183.01
[0] NVIDIA GeForce RTX 4060 Laptop GPU | 63°C,  95 % |  6432 /  8188 MB | user(6414M) gdm(4M) user(4M)

2025-06-18 12:50:29,250   INFO  Train:   55/80 ( 69%) [ 637/928 ( 69%)]  Loss: 0.3921 (0.364)  LR: 1.629e-03  Time cost: 02:47/01:16 [3:42:37/1:43:01]  Acc_iter 50750       Data time: 0.01(0.01)  Forward time: 0.25(0.25)  Batch time: 0.26(0.26)
2025-06-18 12:50:42,307   INFO  Train:   55/80 ( 69%) [ 687/928 ( 74%)]  Loss: 0.3642 (0.364)  LR: 1.624e-03  Time cost: 03:00/01:03 [3:42:50/1:42:44]  Acc_iter 50800       Data time: 0.01(0.01)  Forward time: 0.25(0.25)  Batch time: 0.26(0.26)
2025-06-18 12:50:55,360   INFO  Train:   55/80 ( 69%) [ 737/928 ( 79%)]  Loss: 0.3512 (0.364)  LR: 1.618e-03  Time cost: 03:13/00:50 [3:43:03/1:42:28]  Acc_iter 50850       Data time: 0.01(0.01)  Forward time: 0.25(0.25)  Batch time: 0.26(0.26)
2025-06-18 12:50:55,573   INFO  user                                   Wed Jun 18 12:50:55 2025  535.183.01
[0] NVIDIA GeForce RTX 4060 Laptop GPU | 62°C,  96 % |  6432 /  8188 MB | user(6414M) gdm(4M) user(4M)

2025-06-18 12:51:08,654   INFO  Train:   55/80 ( 69%) [ 787/928 ( 85%)]  Loss: 0.3480 (0.363)  LR: 1.613e-03  Time cost: 03:27/00:37 [3:43:16/1:42:19]  Acc_iter 50900       Data time: 0.01(0.01)  Forward time: 0.25(0.25)  Batch time: 0.26(0.26)
2025-06-18 12:51:21,703   INFO  Train:   55/80 ( 69%) [ 837/928 ( 90%)]  Loss: 0.3530 (0.363)  LR: 1.608e-03  Time cost: 03:40/00:23 [3:43:29/1:42:03]  Acc_iter 50950       Data time: 0.01(0.01)  Forward time: 0.25(0.25)  Batch time: 0.26(0.26)
2025-06-18 12:51:34,770   INFO  Train:   55/80 ( 69%) [ 887/928 ( 96%)]  Loss: 0.3087 (0.363)  LR: 1.602e-03  Time cost: 03:53/00:10 [3:43:43/1:41:48]  Acc_iter 51000       Data time: 0.01(0.01)  Forward time: 0.25(0.25)  Batch time: 0.26(0.26)
2025-06-18 12:51:34,976   INFO  user                                   Wed Jun 18 12:51:34 2025  535.183.01
[0] NVIDIA GeForce RTX 4060 Laptop GPU | 62°C,  66 % |  6432 /  8188 MB | user(6414M) gdm(4M) user(4M)

2025-06-18 12:51:45,480   INFO  Train:   55/80 ( 69%) [ 927/928 (100%)]  Loss: 0.3324 (0.363)  LR: 1.598e-03  Time cost: 04:04/00:00 [3:43:53/1:41:42]  Acc_iter 51040       Data time: 0.01(0.01)  Forward time: 0.25(0.25)  Batch time: 0.26(0.26)
2025-06-18 12:51:46,069   INFO  Train:   56/80 ( 70%) [   0/928 (  0%)]  Loss: 0.3101 (0.310)  LR: 1.598e-03  Time cost: 00:00/06:42 [3:43:54/2:47:45]  Acc_iter 51041       Data time: 0.15(0.15)  Forward time: 0.27(0.27)  Batch time: 0.42(0.42)
2025-06-18 12:51:48,422   INFO  Train:   56/80 ( 70%) [   9/928 (  1%)]  Loss: 0.3598 (0.366)  LR: 1.597e-03  Time cost: 00:02/04:16 [3:43:56/1:47:43]  Acc_iter 51050       Data time: 0.01(0.03)  Forward time: 0.25(0.25)  Batch time: 0.26(0.28)
2025-06-18 12:52:01,474   INFO  Train:   56/80 ( 70%) [  59/928 (  6%)]  Loss: 0.3991 (0.359)  LR: 1.592e-03  Time cost: 00:15/03:49 [3:44:09/1:41:48]  Acc_iter 51100       Data time: 0.01(0.01)  Forward time: 0.25(0.25)  Batch time: 0.26(0.26)
2025-06-18 12:52:14,551   INFO  Train:   56/80 ( 70%) [ 109/928 ( 12%)]  Loss: 0.4125 (0.366)  LR: 1.587e-03  Time cost: 00:28/03:35 [3:44:22/1:41:09]  Acc_iter 51150       Data time: 0.01(0.01)  Forward time: 0.25(0.25)  Batch time: 0.26(0.26)
2025-06-18 12:52:14,779   INFO  user                                   Wed Jun 18 12:52:14 2025  535.183.01
[0] NVIDIA GeForce RTX 4060 Laptop GPU | 62°C,  63 % |  6432 /  8188 MB | user(6414M) gdm(4M) user(4M)

2025-06-18 12:52:27,844   INFO  Train:   56/80 ( 70%) [ 159/928 ( 17%)]  Loss: 0.3924 (0.363)  LR: 1.581e-03  Time cost: 00:42/03:22 [3:44:36/1:41:18]  Acc_iter 51200       Data time: 0.01(0.01)  Forward time: 0.25(0.25)  Batch time: 0.26(0.26)
2025-06-18 12:52:40,900   INFO  Train:   56/80 ( 70%) [ 209/928 ( 23%)]  Loss: 0.3026 (0.361)  LR: 1.576e-03  Time cost: 00:55/03:09 [3:44:49/1:40:50]  Acc_iter 51250       Data time: 0.01(0.01)  Forward time: 0.25(0.25)  Batch time: 0.26(0.26)
2025-06-18 12:52:53,977   INFO  Train:   56/80 ( 70%) [ 259/928 ( 28%)]  Loss: 0.4045 (0.360)  LR: 1.571e-03  Time cost: 01:08/02:55 [3:45:02/1:40:30]  Acc_iter 51300       Data time: 0.01(0.01)  Forward time: 0.25(0.25)  Batch time: 0.26(0.26)
2025-06-18 12:52:54,178   INFO  user                                   Wed Jun 18 12:52:54 2025  535.183.01
[0] NVIDIA GeForce RTX 4060 Laptop GPU | 62°C,  83 % |  6432 /  8188 MB | user(6414M) gdm(4M) user(4M)

2025-06-18 12:53:07,277   INFO  Train:   56/80 ( 70%) [ 309/928 ( 33%)]  Loss: 0.4166 (0.360)  LR: 1.565e-03  Time cost: 01:21/02:43 [3:45:15/1:40:28]  Acc_iter 51350       Data time: 0.01(0.01)  Forward time: 0.25(0.25)  Batch time: 0.26(0.26)
2025-06-18 12:53:20,386   INFO  Train:   56/80 ( 70%) [ 359/928 ( 39%)]  Loss: 0.3245 (0.360)  LR: 1.560e-03  Time cost: 01:34/02:29 [3:45:28/1:40:11]  Acc_iter 51400       Data time: 0.01(0.01)  Forward time: 0.25(0.25)  Batch time: 0.26(0.26)
2025-06-18 12:53:33,425   INFO  Train:   56/80 ( 70%) [ 409/928 ( 44%)]  Loss: 0.3557 (0.361)  LR: 1.555e-03  Time cost: 01:47/02:16 [3:45:41/1:39:51]  Acc_iter 51450       Data time: 0.01(0.01)  Forward time: 0.25(0.25)  Batch time: 0.26(0.26)
2025-06-18 12:53:33,653   INFO  user                                   Wed Jun 18 12:53:33 2025  535.183.01
[0] NVIDIA GeForce RTX 4060 Laptop GPU | 62°C,  97 % |  6432 /  8188 MB | user(6414M) gdm(4M) user(4M)

2025-06-18 12:53:46,723   INFO  Train:   56/80 ( 70%) [ 459/928 ( 49%)]  Loss: 0.3651 (0.360)  LR: 1.550e-03  Time cost: 02:01/02:03 [3:45:54/1:39:46]  Acc_iter 51500       Data time: 0.01(0.01)  Forward time: 0.25(0.25)  Batch time: 0.26(0.26)
2025-06-18 12:53:59,790   INFO  Train:   56/80 ( 70%) [ 509/928 ( 55%)]  Loss: 0.3553 (0.362)  LR: 1.544e-03  Time cost: 02:14/01:50 [3:46:08/1:39:28]  Acc_iter 51550       Data time: 0.01(0.01)  Forward time: 0.25(0.25)  Batch time: 0.26(0.26)
2025-06-18 12:54:12,819   INFO  Train:   56/80 ( 70%) [ 559/928 ( 60%)]  Loss: 0.4703 (0.362)  LR: 1.539e-03  Time cost: 02:27/01:36 [3:46:21/1:39:10]  Acc_iter 51600       Data time: 0.01(0.01)  Forward time: 0.25(0.25)  Batch time: 0.26(0.26)
2025-06-18 12:54:13,018   INFO  user                                   Wed Jun 18 12:54:13 2025  535.183.01
[0] NVIDIA GeForce RTX 4060 Laptop GPU | 62°C,  97 % |  6432 /  8188 MB | user(6414M) gdm(4M) user(4M)

2025-06-18 12:54:26,082   INFO  Train:   56/80 ( 70%) [ 609/928 ( 66%)]  Loss: 0.3451 (0.362)  LR: 1.534e-03  Time cost: 02:40/01:23 [3:46:34/1:39:02]  Acc_iter 51650       Data time: 0.02(0.01)  Forward time: 0.25(0.25)  Batch time: 0.26(0.26)
2025-06-18 12:54:39,122   INFO  Train:   56/80 ( 70%) [ 659/928 ( 71%)]  Loss: 0.4093 (0.362)  LR: 1.528e-03  Time cost: 02:53/01:10 [3:46:47/1:38:45]  Acc_iter 51700       Data time: 0.01(0.01)  Forward time: 0.25(0.25)  Batch time: 0.27(0.26)
2025-06-18 12:54:52,221   INFO  Train:   56/80 ( 70%) [ 709/928 ( 76%)]  Loss: 0.3544 (0.361)  LR: 1.523e-03  Time cost: 03:06/00:57 [3:47:00/1:38:30]  Acc_iter 51750       Data time: 0.01(0.01)  Forward time: 0.25(0.25)  Batch time: 0.26(0.26)
2025-06-18 12:54:52,424   INFO  user                                   Wed Jun 18 12:54:52 2025  535.183.01
[0] NVIDIA GeForce RTX 4060 Laptop GPU | 63°C,  96 % |  6432 /  8188 MB | user(6414M) gdm(4M) user(4M)

2025-06-18 12:55:05,476   INFO  Train:   56/80 ( 70%) [ 759/928 ( 82%)]  Loss: 0.3141 (0.361)  LR: 1.518e-03  Time cost: 03:19/00:44 [3:47:13/1:38:20]  Acc_iter 51800       Data time: 0.01(0.01)  Forward time: 0.25(0.25)  Batch time: 0.26(0.26)
2025-06-18 12:55:18,604   INFO  Train:   56/80 ( 70%) [ 809/928 ( 87%)]  Loss: 0.5235 (0.361)  LR: 1.513e-03  Time cost: 03:32/00:31 [3:47:26/1:38:07]  Acc_iter 51850       Data time: 0.01(0.01)  Forward time: 0.25(0.25)  Batch time: 0.26(0.26)
2025-06-18 12:55:31,688   INFO  Train:   56/80 ( 70%) [ 859/928 ( 93%)]  Loss: 0.3473 (0.361)  LR: 1.507e-03  Time cost: 03:46/00:18 [3:47:39/1:37:52]  Acc_iter 51900       Data time: 0.01(0.01)  Forward time: 0.25(0.25)  Batch time: 0.26(0.26)
2025-06-18 12:55:31,938   INFO  user                                   Wed Jun 18 12:55:31 2025  535.183.01
[0] NVIDIA GeForce RTX 4060 Laptop GPU | 63°C,  66 % |  6432 /  8188 MB | user(6414M) gdm(4M) user(4M)

2025-06-18 12:55:45,044   INFO  Train:   56/80 ( 70%) [ 909/928 ( 98%)]  Loss: 0.3314 (0.360)  LR: 1.502e-03  Time cost: 03:59/00:04 [3:47:53/1:37:44]  Acc_iter 51950       Data time: 0.01(0.01)  Forward time: 0.25(0.25)  Batch time: 0.26(0.26)
2025-06-18 12:55:49,770   INFO  Train:   56/80 ( 70%) [ 927/928 (100%)]  Loss: 0.4309 (0.360)  LR: 1.500e-03  Time cost: 04:04/00:00 [3:47:58/1:37:39]  Acc_iter 51968       Data time: 0.01(0.01)  Forward time: 0.25(0.25)  Batch time: 0.26(0.26)
2025-06-18 12:55:50,338   INFO  Train:   57/80 ( 71%) [   0/928 (  0%)]  Loss: 0.3526 (0.353)  LR: 1.500e-03  Time cost: 00:00/06:32 [3:47:58/2:37:02]  Acc_iter 51969       Data time: 0.16(0.16)  Forward time: 0.25(0.25)  Batch time: 0.41(0.41)
2025-06-18 12:55:58,431   INFO  Train:   57/80 ( 71%) [  31/928 (  3%)]  Loss: 0.2759 (0.352)  LR: 1.497e-03  Time cost: 00:08/03:58 [3:48:06/1:38:39]  Acc_iter 52000       Data time: 0.01(0.02)  Forward time: 0.25(0.25)  Batch time: 0.26(0.27)
2025-06-18 12:56:11,503   INFO  Train:   57/80 ( 71%) [  81/928 (  9%)]  Loss: 0.3779 (0.354)  LR: 1.491e-03  Time cost: 00:21/03:42 [3:48:19/1:37:22]  Acc_iter 52050       Data time: 0.02(0.01)  Forward time: 0.25(0.25)  Batch time: 0.27(0.26)
2025-06-18 12:56:11,706   INFO  user                                   Wed Jun 18 12:56:11 2025  535.183.01
[0] NVIDIA GeForce RTX 4060 Laptop GPU | 63°C,  80 % |  6432 /  8188 MB | user(6414M) gdm(4M) user(4M)

2025-06-18 12:56:24,822   INFO  Train:   57/80 ( 71%) [ 131/928 ( 14%)]  Loss: 0.4444 (0.357)  LR: 1.486e-03  Time cost: 00:34/03:30 [3:48:33/1:37:35]  Acc_iter 52100       Data time: 0.01(0.02)  Forward time: 0.25(0.25)  Batch time: 0.26(0.26)
2025-06-18 12:56:37,890   INFO  Train:   57/80 ( 71%) [ 181/928 ( 20%)]  Loss: 0.3732 (0.361)  LR: 1.481e-03  Time cost: 00:47/03:16 [3:48:46/1:37:03]  Acc_iter 52150       Data time: 0.01(0.01)  Forward time: 0.25(0.25)  Batch time: 0.26(0.26)
2025-06-18 12:56:50,942   INFO  Train:   57/80 ( 71%) [ 231/928 ( 25%)]  Loss: 0.3985 (0.361)  LR: 1.476e-03  Time cost: 01:01/03:03 [3:48:59/1:36:37]  Acc_iter 52200       Data time: 0.01(0.01)  Forward time: 0.25(0.25)  Batch time: 0.26(0.26)
2025-06-18 12:56:51,147   INFO  user                                   Wed Jun 18 12:56:51 2025  535.183.01
[0] NVIDIA GeForce RTX 4060 Laptop GPU | 63°C,  97 % |  6432 /  8188 MB | user(6414M) gdm(4M) user(4M)

2025-06-18 12:57:04,240   INFO  Train:   57/80 ( 71%) [ 281/928 ( 30%)]  Loss: 0.3179 (0.361)  LR: 1.470e-03  Time cost: 01:14/02:50 [3:49:12/1:36:36]  Acc_iter 52250       Data time: 0.01(0.01)  Forward time: 0.25(0.25)  Batch time: 0.26(0.26)
2025-06-18 12:57:17,323   INFO  Train:   57/80 ( 71%) [ 331/928 ( 36%)]  Loss: 0.2544 (0.361)  LR: 1.465e-03  Time cost: 01:27/02:37 [3:49:25/1:36:16]  Acc_iter 52300       Data time: 0.01(0.01)  Forward time: 0.25(0.25)  Batch time: 0.26(0.26)
2025-06-18 12:57:30,404   INFO  Train:   57/80 ( 71%) [ 381/928 ( 41%)]  Loss: 0.3673 (0.361)  LR: 1.460e-03  Time cost: 01:40/02:23 [3:49:38/1:35:58]  Acc_iter 52350       Data time: 0.01(0.01)  Forward time: 0.25(0.25)  Batch time: 0.26(0.26)
2025-06-18 12:57:30,636   INFO  user                                   Wed Jun 18 12:57:30 2025  535.183.01
[0] NVIDIA GeForce RTX 4060 Laptop GPU | 63°C,  96 % |  6432 /  8188 MB | user(6414M) gdm(4M) user(4M)

2025-06-18 12:57:43,669   INFO  Train:   57/80 ( 71%) [ 431/928 ( 46%)]  Loss: 0.4359 (0.360)  LR: 1.454e-03  Time cost: 01:53/02:10 [3:49:51/1:35:51]  Acc_iter 52400       Data time: 0.01(0.01)  Forward time: 0.25(0.25)  Batch time: 0.26(0.26)
2025-06-18 12:57:56,750   INFO  Train:   57/80 ( 71%) [ 481/928 ( 52%)]  Loss: 0.3138 (0.359)  LR: 1.449e-03  Time cost: 02:06/01:57 [3:50:04/1:35:34]  Acc_iter 52450       Data time: 0.01(0.01)  Forward time: 0.25(0.25)  Batch time: 0.26(0.26)
2025-06-18 12:58:09,798   INFO  Train:   57/80 ( 71%) [ 531/928 ( 57%)]  Loss: 0.4157 (0.358)  LR: 1.444e-03  Time cost: 02:19/01:44 [3:50:18/1:35:16]  Acc_iter 52500       Data time: 0.01(0.01)  Forward time: 0.25(0.25)  Batch time: 0.26(0.26)
2025-06-18 12:58:09,997   INFO  user                                   Wed Jun 18 12:58:09 2025  535.183.01
[0] NVIDIA GeForce RTX 4060 Laptop GPU | 63°C,  95 % |  6432 /  8188 MB | user(6414M) gdm(4M) user(4M)

2025-06-18 12:58:23,063   INFO  Train:   57/80 ( 71%) [ 581/928 ( 63%)]  Loss: 0.2946 (0.358)  LR: 1.439e-03  Time cost: 02:33/01:31 [3:50:31/1:35:07]  Acc_iter 52550       Data time: 0.01(0.01)  Forward time: 0.25(0.25)  Batch time: 0.26(0.26)
2025-06-18 12:58:36,096   INFO  Train:   57/80 ( 71%) [ 631/928 ( 68%)]  Loss: 0.3566 (0.359)  LR: 1.433e-03  Time cost: 02:46/01:18 [3:50:44/1:34:50]  Acc_iter 52600       Data time: 0.01(0.01)  Forward time: 0.25(0.25)  Batch time: 0.26(0.26)
2025-06-18 12:58:49,159   INFO  Train:   57/80 ( 71%) [ 681/928 ( 73%)]  Loss: 0.3128 (0.358)  LR: 1.428e-03  Time cost: 02:59/01:04 [3:50:57/1:34:34]  Acc_iter 52650       Data time: 0.01(0.01)  Forward time: 0.25(0.25)  Batch time: 0.26(0.26)
2025-06-18 12:58:49,360   INFO  user                                   Wed Jun 18 12:58:49 2025  535.183.01
[0] NVIDIA GeForce RTX 4060 Laptop GPU | 63°C,  95 % |  6432 /  8188 MB | user(6414M) gdm(4M) user(4M)

2025-06-18 12:59:02,478   INFO  Train:   57/80 ( 71%) [ 731/928 ( 79%)]  Loss: 0.3823 (0.357)  LR: 1.423e-03  Time cost: 03:12/00:51 [3:51:10/1:34:26]  Acc_iter 52700       Data time: 0.02(0.01)  Forward time: 0.25(0.25)  Batch time: 0.26(0.26)
2025-06-18 12:59:15,547   INFO  Train:   57/80 ( 71%) [ 781/928 ( 84%)]  Loss: 0.3628 (0.358)  LR: 1.417e-03  Time cost: 03:25/00:38 [3:51:23/1:34:11]  Acc_iter 52750       Data time: 0.01(0.01)  Forward time: 0.25(0.25)  Batch time: 0.26(0.26)
2025-06-18 12:59:28,611   INFO  Train:   57/80 ( 71%) [ 831/928 ( 90%)]  Loss: 0.2936 (0.358)  LR: 1.412e-03  Time cost: 03:38/00:25 [3:51:36/1:33:55]  Acc_iter 52800       Data time: 0.01(0.01)  Forward time: 0.25(0.25)  Batch time: 0.26(0.26)
2025-06-18 12:59:28,865   INFO  user                                   Wed Jun 18 12:59:28 2025  535.183.01
[0] NVIDIA GeForce RTX 4060 Laptop GPU | 62°C,  67 % |  6432 /  8188 MB | user(6414M) gdm(4M) user(4M)

2025-06-18 12:59:41,921   INFO  Train:   57/80 ( 71%) [ 881/928 ( 95%)]  Loss: 0.3338 (0.358)  LR: 1.407e-03  Time cost: 03:52/00:12 [3:51:50/1:33:46]  Acc_iter 52850       Data time: 0.01(0.01)  Forward time: 0.25(0.25)  Batch time: 0.26(0.26)
2025-06-18 12:59:53,933   INFO  Train:   57/80 ( 71%) [ 927/928 (100%)]  Loss: 0.3799 (0.357)  LR: 1.402e-03  Time cost: 04:04/00:00 [3:52:02/1:33:32]  Acc_iter 52896       Data time: 0.01(0.01)  Forward time: 0.25(0.25)  Batch time: 0.26(0.26)
2025-06-18 12:59:54,492   INFO  Train:   58/80 ( 72%) [   0/928 (  0%)]  Loss: 0.4117 (0.412)  LR: 1.402e-03  Time cost: 00:00/06:27 [3:52:02/2:28:28]  Acc_iter 52897       Data time: 0.11(0.11)  Forward time: 0.30(0.30)  Batch time: 0.41(0.41)
2025-06-18 12:59:55,279   INFO  Train:   58/80 ( 72%) [   3/928 (  0%)]  Loss: 0.2989 (0.330)  LR: 1.402e-03  Time cost: 00:01/04:38 [3:52:03/1:47:02]  Acc_iter 52900       Data time: 0.01(0.04)  Forward time: 0.25(0.26)  Batch time: 0.26(0.30)
2025-06-18 13:00:08,377   INFO  Train:   58/80 ( 72%) [  53/928 (  6%)]  Loss: 0.3954 (0.348)  LR: 1.396e-03  Time cost: 00:14/03:51 [3:52:16/1:33:59]  Acc_iter 52950       Data time: 0.01(0.01)  Forward time: 0.25(0.25)  Batch time: 0.26(0.26)
2025-06-18 13:00:08,613   INFO  user                                   Wed Jun 18 13:00:08 2025  535.183.01
[0] NVIDIA GeForce RTX 4060 Laptop GPU | 63°C,  57 % |  6432 /  8188 MB | user(6414M) gdm(4M) user(4M)

2025-06-18 13:00:21,669   INFO  Train:   58/80 ( 72%) [ 103/928 ( 11%)]  Loss: 0.2819 (0.346)  LR: 1.391e-03  Time cost: 00:27/03:38 [3:52:29/1:33:55]  Acc_iter 53000       Data time: 0.01(0.02)  Forward time: 0.25(0.25)  Batch time: 0.26(0.27)
2025-06-18 13:00:34,747   INFO  Train:   58/80 ( 72%) [ 153/928 ( 16%)]  Loss: 0.3812 (0.350)  LR: 1.386e-03  Time cost: 00:40/03:24 [3:52:42/1:33:16]  Acc_iter 53050       Data time: 0.01(0.01)  Forward time: 0.25(0.25)  Batch time: 0.26(0.26)
2025-06-18 13:00:47,827   INFO  Train:   58/80 ( 72%) [ 203/928 ( 22%)]  Loss: 0.3330 (0.350)  LR: 1.380e-03  Time cost: 00:53/03:11 [3:52:56/1:32:50]  Acc_iter 53100       Data time: 0.01(0.01)  Forward time: 0.25(0.25)  Batch time: 0.26(0.26)
2025-06-18 13:00:48,102   INFO  user                                   Wed Jun 18 13:00:48 2025  535.183.01
[0] NVIDIA GeForce RTX 4060 Laptop GPU | 62°C,  88 % |  6432 /  8188 MB | user(6414M) gdm(4M) user(4M)

2025-06-18 13:01:01,148   INFO  Train:   58/80 ( 72%) [ 253/928 ( 27%)]  Loss: 0.3201 (0.350)  LR: 1.375e-03  Time cost: 01:07/02:58 [3:53:09/1:32:49]  Acc_iter 53150       Data time: 0.01(0.01)  Forward time: 0.25(0.25)  Batch time: 0.26(0.26)
2025-06-18 13:01:14,229   INFO  Train:   58/80 ( 72%) [ 303/928 ( 33%)]  Loss: 0.3963 (0.351)  LR: 1.370e-03  Time cost: 01:20/02:44 [3:53:22/1:32:27]  Acc_iter 53200       Data time: 0.01(0.01)  Forward time: 0.25(0.25)  Batch time: 0.26(0.26)
2025-06-18 13:01:27,320   INFO  Train:   58/80 ( 72%) [ 353/928 ( 38%)]  Loss: 0.3511 (0.352)  LR: 1.365e-03  Time cost: 01:33/02:31 [3:53:35/1:32:09]  Acc_iter 53250       Data time: 0.01(0.01)  Forward time: 0.25(0.25)  Batch time: 0.26(0.26)
2025-06-18 13:01:27,570   INFO  user                                   Wed Jun 18 13:01:27 2025  535.183.01
[0] NVIDIA GeForce RTX 4060 Laptop GPU | 63°C,  41 % |  6432 /  8188 MB | user(6414M) gdm(4M) user(4M)

2025-06-18 13:01:40,639   INFO  Train:   58/80 ( 72%) [ 403/928 ( 43%)]  Loss: 0.3158 (0.351)  LR: 1.359e-03  Time cost: 01:46/02:18 [3:53:48/1:32:03]  Acc_iter 53300       Data time: 0.01(0.01)  Forward time: 0.25(0.25)  Batch time: 0.26(0.26)
2025-06-18 13:01:53,693   INFO  Train:   58/80 ( 72%) [ 453/928 ( 49%)]  Loss: 0.3401 (0.350)  LR: 1.354e-03  Time cost: 01:59/02:05 [3:54:01/1:31:44]  Acc_iter 53350       Data time: 0.01(0.01)  Forward time: 0.25(0.25)  Batch time: 0.26(0.26)
2025-06-18 13:02:06,791   INFO  Train:   58/80 ( 72%) [ 503/928 ( 54%)]  Loss: 0.3107 (0.350)  LR: 1.349e-03  Time cost: 02:12/01:51 [3:54:15/1:31:27]  Acc_iter 53400       Data time: 0.01(0.01)  Forward time: 0.25(0.25)  Batch time: 0.26(0.26)
2025-06-18 13:02:07,071   INFO  user                                   Wed Jun 18 13:02:07 2025  535.183.01
[0] NVIDIA GeForce RTX 4060 Laptop GPU | 62°C,  83 % |  6432 /  8188 MB | user(6414M) gdm(4M) user(4M)

2025-06-18 13:02:20,108   INFO  Train:   58/80 ( 72%) [ 553/928 ( 60%)]  Loss: 0.2977 (0.350)  LR: 1.344e-03  Time cost: 02:26/01:38 [3:54:28/1:31:20]  Acc_iter 53450       Data time: 0.01(0.01)  Forward time: 0.25(0.25)  Batch time: 0.26(0.26)
2025-06-18 13:02:33,176   INFO  Train:   58/80 ( 72%) [ 603/928 ( 65%)]  Loss: 0.4062 (0.350)  LR: 1.338e-03  Time cost: 02:39/01:25 [3:54:41/1:31:03]  Acc_iter 53500       Data time: 0.01(0.01)  Forward time: 0.25(0.25)  Batch time: 0.26(0.26)
2025-06-18 13:02:46,264   INFO  Train:   58/80 ( 72%) [ 653/928 ( 70%)]  Loss: 0.3742 (0.350)  LR: 1.333e-03  Time cost: 02:52/01:12 [3:54:54/1:30:47]  Acc_iter 53550       Data time: 0.01(0.01)  Forward time: 0.25(0.25)  Batch time: 0.26(0.26)
2025-06-18 13:02:46,505   INFO  user                                   Wed Jun 18 13:02:46 2025  535.183.01
[0] NVIDIA GeForce RTX 4060 Laptop GPU | 63°C,  97 % |  6432 /  8188 MB | user(6414M) gdm(4M) user(4M)

2025-06-18 13:02:59,577   INFO  Train:   58/80 ( 72%) [ 703/928 ( 76%)]  Loss: 0.3482 (0.350)  LR: 1.328e-03  Time cost: 03:05/00:59 [3:55:07/1:30:38]  Acc_iter 53600       Data time: 0.01(0.01)  Forward time: 0.25(0.25)  Batch time: 0.26(0.26)
2025-06-18 13:03:12,634   INFO  Train:   58/80 ( 72%) [ 753/928 ( 81%)]  Loss: 0.3359 (0.350)  LR: 1.323e-03  Time cost: 03:18/00:46 [3:55:20/1:30:22]  Acc_iter 53650       Data time: 0.01(0.01)  Forward time: 0.25(0.25)  Batch time: 0.26(0.26)
2025-06-18 13:03:25,733   INFO  Train:   58/80 ( 72%) [ 803/928 ( 87%)]  Loss: 0.3179 (0.351)  LR: 1.317e-03  Time cost: 03:31/00:32 [3:55:33/1:30:07]  Acc_iter 53700       Data time: 0.01(0.01)  Forward time: 0.25(0.25)  Batch time: 0.26(0.26)
2025-06-18 13:03:25,942   INFO  user                                   Wed Jun 18 13:03:25 2025  535.183.01
[0] NVIDIA GeForce RTX 4060 Laptop GPU | 63°C,  67 % |  6432 /  8188 MB | user(6414M) gdm(4M) user(4M)

2025-06-18 13:03:39,039   INFO  Train:   58/80 ( 72%) [ 853/928 ( 92%)]  Loss: 0.4524 (0.350)  LR: 1.312e-03  Time cost: 03:44/00:19 [3:55:47/1:29:57]  Acc_iter 53750       Data time: 0.01(0.01)  Forward time: 0.25(0.25)  Batch time: 0.26(0.26)
2025-06-18 13:03:52,137   INFO  Train:   58/80 ( 72%) [ 903/928 ( 97%)]  Loss: 0.3825 (0.349)  LR: 1.307e-03  Time cost: 03:58/00:06 [3:56:00/1:29:42]  Acc_iter 53800       Data time: 0.01(0.01)  Forward time: 0.25(0.25)  Batch time: 0.26(0.26)
2025-06-18 13:03:58,408   INFO  Train:   58/80 ( 72%) [ 927/928 (100%)]  Loss: 0.3417 (0.349)  LR: 1.304e-03  Time cost: 04:04/00:00 [3:56:06/1:29:35]  Acc_iter 53824       Data time: 0.01(0.01)  Forward time: 0.25(0.25)  Batch time: 0.26(0.26)
2025-06-18 13:03:59,190   INFO  Train:   59/80 ( 74%) [   0/928 (  0%)]  Loss: 0.3788 (0.379)  LR: 1.304e-03  Time cost: 00:00/08:23 [3:56:07/3:04:39]  Acc_iter 53825       Data time: 0.27(0.27)  Forward time: 0.26(0.26)  Batch time: 0.53(0.53)
2025-06-18 13:04:05,717   INFO  Train:   59/80 ( 74%) [  25/928 (  3%)]  Loss: 0.2867 (0.349)  LR: 1.302e-03  Time cost: 00:07/04:05 [3:56:13/1:32:24]  Acc_iter 53850       Data time: 0.01(0.02)  Forward time: 0.25(0.25)  Batch time: 0.26(0.27)
2025-06-18 13:04:05,932   INFO  user                                   Wed Jun 18 13:04:05 2025  535.183.01
[0] NVIDIA GeForce RTX 4060 Laptop GPU | 62°C,  66 % |  6432 /  8188 MB | user(6414M) gdm(4M) user(4M)

2025-06-18 13:04:19,035   INFO  Train:   59/80 ( 74%) [  75/928 (  8%)]  Loss: 0.3294 (0.355)  LR: 1.296e-03  Time cost: 00:20/03:48 [3:56:27/1:30:56]  Acc_iter 53900       Data time: 0.01(0.02)  Forward time: 0.25(0.25)  Batch time: 0.26(0.27)
2025-06-18 13:04:32,076   INFO  Train:   59/80 ( 74%) [ 125/928 ( 13%)]  Loss: 0.3153 (0.346)  LR: 1.291e-03  Time cost: 00:33/03:33 [3:56:40/1:29:43]  Acc_iter 53950       Data time: 0.01(0.02)  Forward time: 0.25(0.25)  Batch time: 0.26(0.27)
2025-06-18 13:04:45,159   INFO  Train:   59/80 ( 74%) [ 175/928 ( 19%)]  Loss: 0.3043 (0.347)  LR: 1.286e-03  Time cost: 00:46/03:18 [3:56:53/1:29:09]  Acc_iter 54000       Data time: 0.01(0.02)  Forward time: 0.25(0.25)  Batch time: 0.26(0.26)
2025-06-18 13:04:45,361   INFO  user                                   Wed Jun 18 13:04:45 2025  535.183.01
[0] NVIDIA GeForce RTX 4060 Laptop GPU | 63°C,  90 % |  6432 /  8188 MB | user(6414M) gdm(4M) user(4M)

2025-06-18 13:04:58,411   INFO  Train:   59/80 ( 74%) [ 225/928 ( 24%)]  Loss: 0.3701 (0.347)  LR: 1.281e-03  Time cost: 00:59/03:05 [3:57:06/1:28:59]  Acc_iter 54050       Data time: 0.01(0.02)  Forward time: 0.25(0.25)  Batch time: 0.26(0.26)
2025-06-18 13:05:11,486   INFO  Train:   59/80 ( 74%) [ 275/928 ( 30%)]  Loss: 0.3926 (0.348)  LR: 1.275e-03  Time cost: 01:12/02:52 [3:57:19/1:28:35]  Acc_iter 54100       Data time: 0.01(0.01)  Forward time: 0.25(0.25)  Batch time: 0.26(0.26)
2025-06-18 13:05:24,558   INFO  Train:   59/80 ( 74%) [ 325/928 ( 35%)]  Loss: 0.2711 (0.347)  LR: 1.270e-03  Time cost: 01:25/02:38 [3:57:32/1:28:14]  Acc_iter 54150       Data time: 0.01(0.01)  Forward time: 0.25(0.25)  Batch time: 0.26(0.26)
2025-06-18 13:05:24,791   INFO  user                                   Wed Jun 18 13:05:24 2025  535.183.01
[0] NVIDIA GeForce RTX 4060 Laptop GPU | 63°C,  96 % |  6432 /  8188 MB | user(6414M) gdm(4M) user(4M)

2025-06-18 13:05:37,880   INFO  Train:   59/80 ( 74%) [ 375/928 ( 40%)]  Loss: 0.3148 (0.347)  LR: 1.265e-03  Time cost: 01:39/02:25 [3:57:46/1:28:09]  Acc_iter 54200       Data time: 0.01(0.01)  Forward time: 0.25(0.25)  Batch time: 0.26(0.26)
2025-06-18 13:05:50,969   INFO  Train:   59/80 ( 74%) [ 425/928 ( 46%)]  Loss: 0.2634 (0.346)  LR: 1.260e-03  Time cost: 01:52/02:12 [3:57:59/1:27:50]  Acc_iter 54250       Data time: 0.01(0.01)  Forward time: 0.25(0.25)  Batch time: 0.26(0.26)
2025-06-18 13:06:04,011   INFO  Train:   59/80 ( 74%) [ 475/928 ( 51%)]  Loss: 0.3144 (0.346)  LR: 1.255e-03  Time cost: 02:05/01:59 [3:58:12/1:27:31]  Acc_iter 54300       Data time: 0.01(0.01)  Forward time: 0.25(0.25)  Batch time: 0.26(0.26)
2025-06-18 13:06:04,261   INFO  user                                   Wed Jun 18 13:06:04 2025  535.183.01
[0] NVIDIA GeForce RTX 4060 Laptop GPU | 63°C,  95 % |  6432 /  8188 MB | user(6414M) gdm(4M) user(4M)

2025-06-18 13:06:17,329   INFO  Train:   59/80 ( 74%) [ 525/928 ( 57%)]  Loss: 0.3618 (0.346)  LR: 1.249e-03  Time cost: 02:18/01:46 [3:58:25/1:27:24]  Acc_iter 54350       Data time: 0.01(0.01)  Forward time: 0.25(0.25)  Batch time: 0.26(0.26)
2025-06-18 13:06:30,404   INFO  Train:   59/80 ( 74%) [ 575/928 ( 62%)]  Loss: 0.3353 (0.345)  LR: 1.244e-03  Time cost: 02:31/01:33 [3:58:38/1:27:07]  Acc_iter 54400       Data time: 0.01(0.01)  Forward time: 0.25(0.25)  Batch time: 0.26(0.26)
2025-06-18 13:06:43,527   INFO  Train:   59/80 ( 74%) [ 625/928 ( 67%)]  Loss: 0.3221 (0.345)  LR: 1.239e-03  Time cost: 02:44/01:19 [3:58:51/1:26:52]  Acc_iter 54450       Data time: 0.02(0.01)  Forward time: 0.26(0.25)  Batch time: 0.27(0.26)
2025-06-18 13:06:43,728   INFO  user                                   Wed Jun 18 13:06:43 2025  535.183.01
[0] NVIDIA GeForce RTX 4060 Laptop GPU | 63°C,  91 % |  6432 /  8188 MB | user(6414M) gdm(4M) user(4M)

2025-06-18 13:06:56,820   INFO  Train:   59/80 ( 74%) [ 675/928 ( 73%)]  Loss: 0.3963 (0.346)  LR: 1.234e-03  Time cost: 02:58/01:06 [3:59:05/1:26:43]  Acc_iter 54500       Data time: 0.01(0.01)  Forward time: 0.25(0.25)  Batch time: 0.26(0.26)
2025-06-18 13:07:09,882   INFO  Train:   59/80 ( 74%) [ 725/928 ( 78%)]  Loss: 0.3317 (0.346)  LR: 1.228e-03  Time cost: 03:11/00:53 [3:59:18/1:26:26]  Acc_iter 54550       Data time: 0.01(0.01)  Forward time: 0.25(0.25)  Batch time: 0.26(0.26)
2025-06-18 13:07:22,925   INFO  Train:   59/80 ( 74%) [ 775/928 ( 84%)]  Loss: 0.3524 (0.346)  LR: 1.223e-03  Time cost: 03:24/00:40 [3:59:31/1:26:10]  Acc_iter 54600       Data time: 0.01(0.01)  Forward time: 0.25(0.25)  Batch time: 0.26(0.26)
2025-06-18 13:07:23,180   INFO  user                                   Wed Jun 18 13:07:23 2025  535.183.01
[0] NVIDIA GeForce RTX 4060 Laptop GPU | 63°C,  97 % |  6432 /  8188 MB | user(6414M) gdm(4M) user(4M)

2025-06-18 13:07:36,241   INFO  Train:   59/80 ( 74%) [ 825/928 ( 89%)]  Loss: 0.3522 (0.346)  LR: 1.218e-03  Time cost: 03:37/00:27 [3:59:44/1:26:00]  Acc_iter 54650       Data time: 0.01(0.01)  Forward time: 0.25(0.25)  Batch time: 0.26(0.26)
2025-06-18 13:07:49,296   INFO  Train:   59/80 ( 74%) [ 875/928 ( 94%)]  Loss: 0.3763 (0.346)  LR: 1.213e-03  Time cost: 03:50/00:13 [3:59:57/1:25:45]  Acc_iter 54700       Data time: 0.01(0.01)  Forward time: 0.25(0.25)  Batch time: 0.26(0.26)
2025-06-18 13:08:02,416   INFO  Train:   59/80 ( 74%) [ 925/928 (100%)]  Loss: 0.4215 (0.346)  LR: 1.208e-03  Time cost: 04:03/00:00 [4:00:10/1:25:30]  Acc_iter 54750       Data time: 0.01(0.01)  Forward time: 0.25(0.25)  Batch time: 0.26(0.26)
2025-06-18 13:08:02,650   INFO  user                                   Wed Jun 18 13:08:02 2025  535.183.01
[0] NVIDIA GeForce RTX 4060 Laptop GPU | 63°C,  54 % |  6432 /  8188 MB | user(6414M) gdm(4M) user(4M)

2025-06-18 13:08:03,178   INFO  Train:   59/80 ( 74%) [ 927/928 (100%)]  Loss: 0.3386 (0.346)  LR: 1.207e-03  Time cost: 04:04/00:00 [4:00:11/1:25:35]  Acc_iter 54752       Data time: 0.01(0.01)  Forward time: 0.25(0.25)  Batch time: 0.26(0.26)
2025-06-18 13:08:03,775   INFO  Train:   60/80 ( 75%) [   0/928 (  0%)]  Loss: 0.4498 (0.450)  LR: 1.207e-03  Time cost: 00:00/07:02 [4:00:12/2:28:01]  Acc_iter 54753       Data time: 0.17(0.17)  Forward time: 0.28(0.28)  Batch time: 0.44(0.44)
2025-06-18 13:08:16,110   INFO  Train:   60/80 ( 75%) [  47/928 (  5%)]  Loss: 0.3954 (0.354)  LR: 1.203e-03  Time cost: 00:12/03:54 [4:00:24/1:26:20]  Acc_iter 54800       Data time: 0.01(0.02)  Forward time: 0.25(0.25)  Batch time: 0.26(0.27)
2025-06-18 13:08:29,161   INFO  Train:   60/80 ( 75%) [  97/928 ( 10%)]  Loss: 0.3782 (0.346)  LR: 1.197e-03  Time cost: 00:25/03:39 [4:00:37/1:25:13]  Acc_iter 54850       Data time: 0.01(0.01)  Forward time: 0.25(0.25)  Batch time: 0.26(0.26)
2025-06-18 13:08:42,220   INFO  Train:   60/80 ( 75%) [ 147/928 ( 16%)]  Loss: 0.3646 (0.343)  LR: 1.192e-03  Time cost: 00:38/03:25 [4:00:50/1:24:43]  Acc_iter 54900       Data time: 0.01(0.01)  Forward time: 0.25(0.25)  Batch time: 0.27(0.26)
2025-06-18 13:08:42,468   INFO  user                                   Wed Jun 18 13:08:42 2025  535.183.01
[0] NVIDIA GeForce RTX 4060 Laptop GPU | 63°C,  63 % |  6432 /  8188 MB | user(6414M) gdm(4M) user(4M)

2025-06-18 13:08:55,595   INFO  Train:   60/80 ( 75%) [ 197/928 ( 21%)]  Loss: 0.3190 (0.341)  LR: 1.187e-03  Time cost: 00:52/03:12 [4:01:03/1:24:53]  Acc_iter 54950       Data time: 0.01(0.01)  Forward time: 0.25(0.25)  Batch time: 0.26(0.26)
2025-06-18 13:09:08,658   INFO  Train:   60/80 ( 75%) [ 247/928 ( 27%)]  Loss: 0.2828 (0.342)  LR: 1.182e-03  Time cost: 01:05/02:59 [4:01:16/1:24:29]  Acc_iter 55000       Data time: 0.01(0.01)  Forward time: 0.25(0.25)  Batch time: 0.26(0.26)
2025-06-18 13:09:21,709   INFO  Train:   60/80 ( 75%) [ 297/928 ( 32%)]  Loss: 0.3722 (0.344)  LR: 1.177e-03  Time cost: 01:18/02:45 [4:01:29/1:24:08]  Acc_iter 55050       Data time: 0.01(0.01)  Forward time: 0.25(0.25)  Batch time: 0.26(0.26)
2025-06-18 13:09:21,912   INFO  user                                   Wed Jun 18 13:09:21 2025  535.183.01
[0] NVIDIA GeForce RTX 4060 Laptop GPU | 63°C,  97 % |  6432 /  8188 MB | user(6414M) gdm(4M) user(4M)

2025-06-18 13:09:34,971   INFO  Train:   60/80 ( 75%) [ 347/928 ( 37%)]  Loss: 0.2919 (0.344)  LR: 1.171e-03  Time cost: 01:31/02:33 [4:01:43/1:24:01]  Acc_iter 55100       Data time: 0.01(0.01)  Forward time: 0.25(0.25)  Batch time: 0.27(0.26)
2025-06-18 13:09:47,979   INFO  Train:   60/80 ( 75%) [ 397/928 ( 43%)]  Loss: 0.3222 (0.343)  LR: 1.166e-03  Time cost: 01:44/02:19 [4:01:56/1:23:40]  Acc_iter 55150       Data time: 0.01(0.01)  Forward time: 0.25(0.25)  Batch time: 0.26(0.26)
2025-06-18 13:10:01,025   INFO  Train:   60/80 ( 75%) [ 447/928 ( 48%)]  Loss: 0.3621 (0.344)  LR: 1.161e-03  Time cost: 01:57/02:06 [4:02:09/1:23:22]  Acc_iter 55200       Data time: 0.01(0.01)  Forward time: 0.25(0.25)  Batch time: 0.26(0.26)
2025-06-18 13:10:01,260   INFO  user                                   Wed Jun 18 13:10:01 2025  535.183.01
[0] NVIDIA GeForce RTX 4060 Laptop GPU | 63°C,  78 % |  6432 /  8188 MB | user(6414M) gdm(4M) user(4M)

2025-06-18 13:10:14,342   INFO  Train:   60/80 ( 75%) [ 497/928 ( 54%)]  Loss: 0.2948 (0.343)  LR: 1.156e-03  Time cost: 02:11/01:53 [4:02:22/1:23:16]  Acc_iter 55250       Data time: 0.01(0.01)  Forward time: 0.25(0.25)  Batch time: 0.26(0.26)
2025-06-18 13:10:27,400   INFO  Train:   60/80 ( 75%) [ 547/928 ( 59%)]  Loss: 0.2814 (0.343)  LR: 1.151e-03  Time cost: 02:24/01:40 [4:02:35/1:22:59]  Acc_iter 55300       Data time: 0.01(0.01)  Forward time: 0.25(0.25)  Batch time: 0.26(0.26)
2025-06-18 13:10:40,454   INFO  Train:   60/80 ( 75%) [ 597/928 ( 64%)]  Loss: 0.3198 (0.343)  LR: 1.146e-03  Time cost: 02:37/01:26 [4:02:48/1:22:43]  Acc_iter 55350       Data time: 0.01(0.01)  Forward time: 0.25(0.25)  Batch time: 0.26(0.26)
2025-06-18 13:10:40,651   INFO  user                                   Wed Jun 18 13:10:40 2025  535.183.01
[0] NVIDIA GeForce RTX 4060 Laptop GPU | 63°C,  95 % |  6432 /  8188 MB | user(6414M) gdm(4M) user(4M)

2025-06-18 13:10:53,761   INFO  Train:   60/80 ( 75%) [ 647/928 ( 70%)]  Loss: 0.3142 (0.342)  LR: 1.141e-03  Time cost: 02:50/01:13 [4:03:01/1:22:35]  Acc_iter 55400       Data time: 0.01(0.01)  Forward time: 0.25(0.25)  Batch time: 0.26(0.26)
2025-06-18 13:11:06,872   INFO  Train:   60/80 ( 75%) [ 697/928 ( 75%)]  Loss: 0.3888 (0.341)  LR: 1.135e-03  Time cost: 03:03/01:00 [4:03:15/1:22:21]  Acc_iter 55450       Data time: 0.01(0.01)  Forward time: 0.25(0.25)  Batch time: 0.26(0.26)
2025-06-18 13:11:19,971   INFO  Train:   60/80 ( 75%) [ 747/928 ( 80%)]  Loss: 0.3863 (0.342)  LR: 1.130e-03  Time cost: 03:16/00:47 [4:03:28/1:22:07]  Acc_iter 55500       Data time: 0.01(0.01)  Forward time: 0.25(0.25)  Batch time: 0.26(0.26)
2025-06-18 13:11:20,210   INFO  user                                   Wed Jun 18 13:11:20 2025  535.183.01
[0] NVIDIA GeForce RTX 4060 Laptop GPU | 63°C,  63 % |  6432 /  8188 MB | user(6414M) gdm(4M) user(4M)

2025-06-18 13:11:33,343   INFO  Train:   60/80 ( 75%) [ 797/928 ( 86%)]  Loss: 0.2803 (0.342)  LR: 1.125e-03  Time cost: 03:30/00:34 [4:03:41/1:21:59]  Acc_iter 55550       Data time: 0.01(0.01)  Forward time: 0.25(0.25)  Batch time: 0.26(0.26)
2025-06-18 13:11:46,401   INFO  Train:   60/80 ( 75%) [ 847/928 ( 91%)]  Loss: 0.2790 (0.341)  LR: 1.120e-03  Time cost: 03:43/00:21 [4:03:54/1:21:43]  Acc_iter 55600       Data time: 0.01(0.01)  Forward time: 0.25(0.25)  Batch time: 0.26(0.26)
2025-06-18 13:11:59,528   INFO  Train:   60/80 ( 75%) [ 897/928 ( 97%)]  Loss: 0.3260 (0.342)  LR: 1.115e-03  Time cost: 03:56/00:08 [4:04:07/1:21:30]  Acc_iter 55650       Data time: 0.01(0.01)  Forward time: 0.25(0.25)  Batch time: 0.26(0.26)
2025-06-18 13:11:59,725   INFO  user                                   Wed Jun 18 13:11:59 2025  535.183.01
[0] NVIDIA GeForce RTX 4060 Laptop GPU | 63°C,  95 % |  6432 /  8188 MB | user(6414M) gdm(4M) user(4M)

2025-06-18 13:12:07,583   INFO  Train:   60/80 ( 75%) [ 927/928 (100%)]  Loss: 0.3403 (0.342)  LR: 1.112e-03  Time cost: 04:04/00:00 [4:04:15/1:21:25]  Acc_iter 55680       Data time: 0.01(0.01)  Forward time: 0.25(0.25)  Batch time: 0.26(0.26)
2025-06-18 13:12:08,147   INFO  Train:   61/80 ( 76%) [   0/928 (  0%)]  Loss: 0.3396 (0.340)  LR: 1.112e-03  Time cost: 00:00/06:32 [4:04:16/2:10:46]  Acc_iter 55681       Data time: 0.15(0.15)  Forward time: 0.26(0.26)  Batch time: 0.41(0.41)
2025-06-18 13:12:13,129   INFO  Train:   61/80 ( 76%) [  19/928 (  2%)]  Loss: 0.2668 (0.348)  LR: 1.110e-03  Time cost: 00:05/04:05 [4:04:21/1:23:30]  Acc_iter 55700       Data time: 0.01(0.02)  Forward time: 0.25(0.25)  Batch time: 0.26(0.27)
2025-06-18 13:12:26,176   INFO  Train:   61/80 ( 76%) [  69/928 (  7%)]  Loss: 0.3435 (0.337)  LR: 1.105e-03  Time cost: 00:18/03:46 [4:04:34/1:21:14]  Acc_iter 55750       Data time: 0.01(0.01)  Forward time: 0.25(0.25)  Batch time: 0.27(0.26)
2025-06-18 13:12:39,242   INFO  Train:   61/80 ( 76%) [ 119/928 ( 13%)]  Loss: 0.3520 (0.335)  LR: 1.100e-03  Time cost: 00:31/03:32 [4:04:47/1:20:43]  Acc_iter 55800       Data time: 0.01(0.01)  Forward time: 0.25(0.25)  Batch time: 0.26(0.26)
2025-06-18 13:12:39,441   INFO  user                                   Wed Jun 18 13:12:39 2025  535.183.01
[0] NVIDIA GeForce RTX 4060 Laptop GPU | 63°C,  97 % |  6432 /  8188 MB | user(6414M) gdm(4M) user(4M)

2025-06-18 13:12:52,536   INFO  Train:   61/80 ( 76%) [ 169/928 ( 18%)]  Loss: 0.3085 (0.335)  LR: 1.095e-03  Time cost: 00:44/03:20 [4:05:00/1:20:47]  Acc_iter 55850       Data time: 0.01(0.01)  Forward time: 0.25(0.25)  Batch time: 0.26(0.26)
2025-06-18 13:13:05,649   INFO  Train:   61/80 ( 76%) [ 219/928 ( 24%)]  Loss: 0.3510 (0.335)  LR: 1.089e-03  Time cost: 00:57/03:06 [4:05:13/1:20:29]  Acc_iter 55900       Data time: 0.01(0.01)  Forward time: 0.25(0.25)  Batch time: 0.26(0.26)
2025-06-18 13:13:18,711   INFO  Train:   61/80 ( 76%) [ 269/928 ( 29%)]  Loss: 0.3635 (0.335)  LR: 1.084e-03  Time cost: 01:10/02:53 [4:05:26/1:20:08]  Acc_iter 55950       Data time: 0.01(0.01)  Forward time: 0.25(0.25)  Batch time: 0.26(0.26)
2025-06-18 13:13:18,911   INFO  user                                   Wed Jun 18 13:13:18 2025  535.183.01
[0] NVIDIA GeForce RTX 4060 Laptop GPU | 63°C,  95 % |  6432 /  8188 MB | user(6414M) gdm(4M) user(4M)

2025-06-18 13:13:31,908   INFO  Train:   61/80 ( 76%) [ 319/928 ( 34%)]  Loss: 0.3192 (0.337)  LR: 1.079e-03  Time cost: 01:24/02:40 [4:05:40/1:19:58]  Acc_iter 56000       Data time: 0.01(0.01)  Forward time: 0.25(0.25)  Batch time: 0.26(0.26)
2025-06-18 13:13:44,951   INFO  Train:   61/80 ( 76%) [ 369/928 ( 40%)]  Loss: 0.3875 (0.336)  LR: 1.074e-03  Time cost: 01:37/02:26 [4:05:53/1:19:40]  Acc_iter 56050       Data time: 0.01(0.01)  Forward time: 0.25(0.25)  Batch time: 0.26(0.26)
2025-06-18 13:13:58,036   INFO  Train:   61/80 ( 76%) [ 419/928 ( 45%)]  Loss: 0.3668 (0.337)  LR: 1.069e-03  Time cost: 01:50/02:13 [4:06:06/1:19:24]  Acc_iter 56100       Data time: 0.01(0.01)  Forward time: 0.25(0.25)  Batch time: 0.26(0.26)
2025-06-18 13:13:58,228   INFO  user                                   Wed Jun 18 13:13:58 2025  535.183.01
[0] NVIDIA GeForce RTX 4060 Laptop GPU | 63°C,  97 % |  6432 /  8188 MB | user(6414M) gdm(4M) user(4M)

2025-06-18 13:14:11,314   INFO  Train:   61/80 ( 76%) [ 469/928 ( 51%)]  Loss: 0.3563 (0.338)  LR: 1.064e-03  Time cost: 02:03/02:00 [4:06:19/1:19:17]  Acc_iter 56150       Data time: 0.01(0.01)  Forward time: 0.25(0.25)  Batch time: 0.26(0.26)
2025-06-18 13:14:24,415   INFO  Train:   61/80 ( 76%) [ 519/928 ( 56%)]  Loss: 0.3420 (0.338)  LR: 1.059e-03  Time cost: 02:16/01:47 [4:06:32/1:19:02]  Acc_iter 56200       Data time: 0.02(0.01)  Forward time: 0.25(0.25)  Batch time: 0.26(0.26)
2025-06-18 13:14:37,479   INFO  Train:   61/80 ( 76%) [ 569/928 ( 61%)]  Loss: 0.3641 (0.338)  LR: 1.054e-03  Time cost: 02:29/01:34 [4:06:45/1:18:46]  Acc_iter 56250       Data time: 0.01(0.01)  Forward time: 0.25(0.25)  Batch time: 0.26(0.26)
2025-06-18 13:14:37,709   INFO  user                                   Wed Jun 18 13:14:37 2025  535.183.01
[0] NVIDIA GeForce RTX 4060 Laptop GPU | 62°C,  49 % |  6432 /  8188 MB | user(6414M) gdm(4M) user(4M)

2025-06-18 13:14:50,793   INFO  Train:   61/80 ( 76%) [ 619/928 ( 67%)]  Loss: 0.3041 (0.339)  LR: 1.049e-03  Time cost: 02:43/01:21 [4:06:59/1:18:38]  Acc_iter 56300       Data time: 0.01(0.01)  Forward time: 0.25(0.25)  Batch time: 0.26(0.26)
2025-06-18 13:15:03,895   INFO  Train:   61/80 ( 76%) [ 669/928 ( 72%)]  Loss: 0.3332 (0.339)  LR: 1.044e-03  Time cost: 02:56/01:08 [4:07:12/1:18:24]  Acc_iter 56350       Data time: 0.01(0.01)  Forward time: 0.25(0.25)  Batch time: 0.26(0.26)
2025-06-18 13:15:16,956   INFO  Train:   61/80 ( 76%) [ 719/928 ( 77%)]  Loss: 0.2859 (0.339)  LR: 1.039e-03  Time cost: 03:09/00:54 [4:07:25/1:18:08]  Acc_iter 56400       Data time: 0.01(0.01)  Forward time: 0.25(0.25)  Batch time: 0.26(0.26)
2025-06-18 13:15:17,164   INFO  user                                   Wed Jun 18 13:15:17 2025  535.183.01
[0] NVIDIA GeForce RTX 4060 Laptop GPU | 63°C,  90 % |  6432 /  8188 MB | user(6414M) gdm(4M) user(4M)

2025-06-18 13:15:30,268   INFO  Train:   61/80 ( 76%) [ 769/928 ( 83%)]  Loss: 0.2953 (0.339)  LR: 1.034e-03  Time cost: 03:22/00:41 [4:07:38/1:17:59]  Acc_iter 56450       Data time: 0.01(0.01)  Forward time: 0.25(0.25)  Batch time: 0.26(0.26)
2025-06-18 13:15:43,303   INFO  Train:   61/80 ( 76%) [ 819/928 ( 88%)]  Loss: 0.2883 (0.339)  LR: 1.029e-03  Time cost: 03:35/00:28 [4:07:51/1:17:44]  Acc_iter 56500       Data time: 0.01(0.01)  Forward time: 0.25(0.25)  Batch time: 0.26(0.26)
2025-06-18 13:15:56,318   INFO  Train:   61/80 ( 76%) [ 869/928 ( 94%)]  Loss: 0.3687 (0.339)  LR: 1.024e-03  Time cost: 03:48/00:15 [4:08:04/1:17:28]  Acc_iter 56550       Data time: 0.01(0.01)  Forward time: 0.25(0.25)  Batch time: 0.26(0.26)
2025-06-18 13:15:56,522   INFO  user                                   Wed Jun 18 13:15:56 2025  535.183.01
[0] NVIDIA GeForce RTX 4060 Laptop GPU | 63°C,  81 % |  6432 /  8188 MB | user(6414M) gdm(4M) user(4M)

2025-06-18 13:16:09,577   INFO  Train:   61/80 ( 76%) [ 919/928 ( 99%)]  Loss: 0.3473 (0.338)  LR: 1.019e-03  Time cost: 04:01/00:02 [4:08:17/1:17:17]  Acc_iter 56600       Data time: 0.01(0.01)  Forward time: 0.25(0.25)  Batch time: 0.26(0.26)
2025-06-18 13:16:11,676   INFO  Train:   61/80 ( 76%) [ 927/928 (100%)]  Loss: 0.3388 (0.338)  LR: 1.018e-03  Time cost: 04:03/00:00 [4:08:19/1:17:15]  Acc_iter 56608       Data time: 0.01(0.01)  Forward time: 0.25(0.25)  Batch time: 0.26(0.26)
2025-06-18 13:16:12,258   INFO  Train:   62/80 ( 78%) [   0/928 (  0%)]  Loss: 0.3359 (0.336)  LR: 1.018e-03  Time cost: 00:00/06:56 [4:08:20/2:11:56]  Acc_iter 56609       Data time: 0.18(0.18)  Forward time: 0.25(0.25)  Batch time: 0.44(0.44)
2025-06-18 13:16:22,958   INFO  Train:   62/80 ( 78%) [  41/928 (  4%)]  Loss: 0.3208 (0.328)  LR: 1.014e-03  Time cost: 00:11/03:55 [4:08:31/1:17:49]  Acc_iter 56650       Data time: 0.01(0.02)  Forward time: 0.25(0.25)  Batch time: 0.26(0.27)
2025-06-18 13:16:36,010   INFO  Train:   62/80 ( 78%) [  91/928 ( 10%)]  Loss: 0.3376 (0.332)  LR: 1.009e-03  Time cost: 00:24/03:40 [4:08:44/1:16:54]  Acc_iter 56700       Data time: 0.01(0.01)  Forward time: 0.25(0.25)  Batch time: 0.26(0.26)
2025-06-18 13:16:36,209   INFO  user                                   Wed Jun 18 13:16:36 2025  535.183.01
[0] NVIDIA GeForce RTX 4060 Laptop GPU | 63°C,  95 % |  6432 /  8188 MB | user(6414M) gdm(4M) user(4M)

2025-06-18 13:16:49,263   INFO  Train:   62/80 ( 78%) [ 141/928 ( 15%)]  Loss: 0.3074 (0.329)  LR: 1.004e-03  Time cost: 00:37/03:27 [4:08:57/1:16:53]  Acc_iter 56750       Data time: 0.01(0.01)  Forward time: 0.25(0.25)  Batch time: 0.26(0.26)
2025-06-18 13:17:02,332   INFO  Train:   62/80 ( 78%) [ 191/928 ( 21%)]  Loss: 0.3507 (0.330)  LR: 9.988e-04  Time cost: 00:50/03:13 [4:09:10/1:16:29]  Acc_iter 56800       Data time: 0.01(0.01)  Forward time: 0.25(0.25)  Batch time: 0.26(0.26)
2025-06-18 13:17:15,390   INFO  Train:   62/80 ( 78%) [ 241/928 ( 26%)]  Loss: 0.2686 (0.332)  LR: 9.938e-04  Time cost: 01:03/03:00 [4:09:23/1:16:09]  Acc_iter 56850       Data time: 0.01(0.01)  Forward time: 0.25(0.25)  Batch time: 0.27(0.26)
2025-06-18 13:17:15,609   INFO  user                                   Wed Jun 18 13:17:15 2025  535.183.01
[0] NVIDIA GeForce RTX 4060 Laptop GPU | 62°C,  96 % |  6432 /  8188 MB | user(6414M) gdm(4M) user(4M)

2025-06-18 13:17:28,683   INFO  Train:   62/80 ( 78%) [ 291/928 ( 31%)]  Loss: 0.3374 (0.333)  LR: 9.888e-04  Time cost: 01:16/02:47 [4:09:36/1:16:05]  Acc_iter 56900       Data time: 0.01(0.01)  Forward time: 0.25(0.25)  Batch time: 0.27(0.26)
2025-06-18 13:17:41,772   INFO  Train:   62/80 ( 78%) [ 341/928 ( 37%)]  Loss: 0.2745 (0.334)  LR: 9.838e-04  Time cost: 01:29/02:34 [4:09:50/1:15:48]  Acc_iter 56950       Data time: 0.01(0.01)  Forward time: 0.25(0.25)  Batch time: 0.26(0.26)
2025-06-18 13:17:54,826   INFO  Train:   62/80 ( 78%) [ 391/928 ( 42%)]  Loss: 0.3124 (0.333)  LR: 9.789e-04  Time cost: 01:43/02:21 [4:10:03/1:15:30]  Acc_iter 57000       Data time: 0.01(0.01)  Forward time: 0.25(0.25)  Batch time: 0.26(0.26)
2025-06-18 13:17:55,071   INFO  user                                   Wed Jun 18 13:17:55 2025  535.183.01
[0] NVIDIA GeForce RTX 4060 Laptop GPU | 63°C,  95 % |  6432 /  8188 MB | user(6414M) gdm(4M) user(4M)

2025-06-18 13:18:08,155   INFO  Train:   62/80 ( 78%) [ 441/928 ( 48%)]  Loss: 0.3589 (0.333)  LR: 9.739e-04  Time cost: 01:56/02:08 [4:10:16/1:15:25]  Acc_iter 57050       Data time: 0.01(0.01)  Forward time: 0.25(0.25)  Batch time: 0.26(0.26)
2025-06-18 13:18:21,229   INFO  Train:   62/80 ( 78%) [ 491/928 ( 53%)]  Loss: 0.3057 (0.333)  LR: 9.690e-04  Time cost: 02:09/01:54 [4:10:29/1:15:08]  Acc_iter 57100       Data time: 0.02(0.01)  Forward time: 0.25(0.25)  Batch time: 0.27(0.26)
2025-06-18 13:18:34,287   INFO  Train:   62/80 ( 78%) [ 541/928 ( 58%)]  Loss: 0.3094 (0.333)  LR: 9.640e-04  Time cost: 02:22/01:41 [4:10:42/1:14:52]  Acc_iter 57150       Data time: 0.01(0.01)  Forward time: 0.25(0.25)  Batch time: 0.26(0.26)
2025-06-18 13:18:34,504   INFO  user                                   Wed Jun 18 13:18:34 2025  535.183.01
[0] NVIDIA GeForce RTX 4060 Laptop GPU | 63°C,  89 % |  6432 /  8188 MB | user(6414M) gdm(4M) user(4M)

2025-06-18 13:18:47,632   INFO  Train:   62/80 ( 78%) [ 591/928 ( 64%)]  Loss: 0.4167 (0.332)  LR: 9.591e-04  Time cost: 02:35/01:28 [4:10:55/1:14:45]  Acc_iter 57200       Data time: 0.01(0.01)  Forward time: 0.25(0.25)  Batch time: 0.26(0.26)
2025-06-18 13:19:00,685   INFO  Train:   62/80 ( 78%) [ 641/928 ( 69%)]  Loss: 0.3766 (0.332)  LR: 9.542e-04  Time cost: 02:48/01:15 [4:11:08/1:14:29]  Acc_iter 57250       Data time: 0.01(0.01)  Forward time: 0.25(0.25)  Batch time: 0.26(0.26)
2025-06-18 13:19:13,749   INFO  Train:   62/80 ( 78%) [ 691/928 ( 74%)]  Loss: 0.3336 (0.332)  LR: 9.492e-04  Time cost: 03:01/01:02 [4:11:21/1:14:14]  Acc_iter 57300       Data time: 0.01(0.01)  Forward time: 0.25(0.25)  Batch time: 0.26(0.26)
2025-06-18 13:19:13,946   INFO  user                                   Wed Jun 18 13:19:13 2025  535.183.01
[0] NVIDIA GeForce RTX 4060 Laptop GPU | 63°C,  97 % |  6432 /  8188 MB | user(6414M) gdm(4M) user(4M)

2025-06-18 13:19:27,009   INFO  Train:   62/80 ( 78%) [ 741/928 ( 80%)]  Loss: 0.2423 (0.332)  LR: 9.443e-04  Time cost: 03:15/00:49 [4:11:35/1:14:03]  Acc_iter 57350       Data time: 0.01(0.01)  Forward time: 0.25(0.25)  Batch time: 0.26(0.26)
2025-06-18 13:19:40,089   INFO  Train:   62/80 ( 78%) [ 791/928 ( 85%)]  Loss: 0.2349 (0.332)  LR: 9.394e-04  Time cost: 03:28/00:36 [4:11:48/1:13:48]  Acc_iter 57400       Data time: 0.01(0.01)  Forward time: 0.25(0.25)  Batch time: 0.26(0.26)
2025-06-18 13:19:53,148   INFO  Train:   62/80 ( 78%) [ 841/928 ( 91%)]  Loss: 0.2896 (0.332)  LR: 9.345e-04  Time cost: 03:41/00:22 [4:12:01/1:13:33]  Acc_iter 57450       Data time: 0.01(0.01)  Forward time: 0.25(0.25)  Batch time: 0.26(0.26)
2025-06-18 13:19:53,365   INFO  user                                   Wed Jun 18 13:19:53 2025  535.183.01
[0] NVIDIA GeForce RTX 4060 Laptop GPU | 63°C,  96 % |  6432 /  8188 MB | user(6414M) gdm(4M) user(4M)

2025-06-18 13:20:06,467   INFO  Train:   62/80 ( 78%) [ 891/928 ( 96%)]  Loss: 0.3105 (0.331)  LR: 9.296e-04  Time cost: 03:54/00:09 [4:12:14/1:13:24]  Acc_iter 57500       Data time: 0.01(0.01)  Forward time: 0.25(0.25)  Batch time: 0.26(0.26)
2025-06-18 13:20:15,893   INFO  Train:   62/80 ( 78%) [ 927/928 (100%)]  Loss: 0.3121 (0.331)  LR: 9.261e-04  Time cost: 04:04/00:00 [4:12:24/1:13:13]  Acc_iter 57536       Data time: 0.01(0.01)  Forward time: 0.25(0.25)  Batch time: 0.26(0.26)
2025-06-18 13:20:16,500   INFO  Train:   63/80 ( 79%) [   0/928 (  0%)]  Loss: 0.3170 (0.317)  LR: 9.260e-04  Time cost: 00:00/07:06 [4:12:24/2:07:50]  Acc_iter 57537       Data time: 0.19(0.19)  Forward time: 0.26(0.26)  Batch time: 0.45(0.45)
2025-06-18 13:20:19,895   INFO  Train:   63/80 ( 79%) [  13/928 (  1%)]  Loss: 0.3833 (0.345)  LR: 9.247e-04  Time cost: 00:03/04:11 [4:12:28/1:16:34]  Acc_iter 57550       Data time: 0.01(0.02)  Forward time: 0.25(0.25)  Batch time: 0.26(0.27)
2025-06-18 13:20:33,051   INFO  Train:   63/80 ( 79%) [  63/928 (  7%)]  Loss: 0.2966 (0.336)  LR: 9.198e-04  Time cost: 00:17/03:49 [4:12:41/1:13:42]  Acc_iter 57600       Data time: 0.01(0.02)  Forward time: 0.25(0.25)  Batch time: 0.26(0.27)
2025-06-18 13:20:33,305   INFO  user                                   Wed Jun 18 13:20:33 2025  535.183.01
[0] NVIDIA GeForce RTX 4060 Laptop GPU | 63°C,  88 % |  6432 /  8188 MB | user(6414M) gdm(4M) user(4M)

2025-06-18 13:20:46,368   INFO  Train:   63/80 ( 79%) [ 113/928 ( 12%)]  Loss: 0.3068 (0.332)  LR: 9.150e-04  Time cost: 00:30/03:36 [4:12:54/1:13:33]  Acc_iter 57650       Data time: 0.01(0.02)  Forward time: 0.25(0.25)  Batch time: 0.25(0.27)
2025-06-18 13:20:59,394   INFO  Train:   63/80 ( 79%) [ 163/928 ( 18%)]  Loss: 0.3628 (0.336)  LR: 9.101e-04  Time cost: 00:43/03:22 [4:13:07/1:12:52]  Acc_iter 57700       Data time: 0.01(0.02)  Forward time: 0.25(0.25)  Batch time: 0.26(0.26)
2025-06-18 13:21:12,455   INFO  Train:   63/80 ( 79%) [ 213/928 ( 23%)]  Loss: 0.4181 (0.335)  LR: 9.052e-04  Time cost: 00:56/03:08 [4:13:20/1:12:27]  Acc_iter 57750       Data time: 0.01(0.01)  Forward time: 0.25(0.25)  Batch time: 0.26(0.26)
2025-06-18 13:21:12,670   INFO  user                                   Wed Jun 18 13:21:12 2025  535.183.01
[0] NVIDIA GeForce RTX 4060 Laptop GPU | 63°C,  96 % |  6432 /  8188 MB | user(6414M) gdm(4M) user(4M)

2025-06-18 13:21:25,762   INFO  Train:   63/80 ( 79%) [ 263/928 ( 28%)]  Loss: 0.3081 (0.332)  LR: 9.004e-04  Time cost: 01:09/02:55 [4:13:33/1:12:22]  Acc_iter 57800       Data time: 0.01(0.01)  Forward time: 0.25(0.25)  Batch time: 0.26(0.26)
2025-06-18 13:21:38,820   INFO  Train:   63/80 ( 79%) [ 313/928 ( 34%)]  Loss: 0.2857 (0.331)  LR: 8.955e-04  Time cost: 01:22/02:42 [4:13:47/1:12:01]  Acc_iter 57850       Data time: 0.01(0.01)  Forward time: 0.25(0.25)  Batch time: 0.26(0.26)
2025-06-18 13:21:51,838   INFO  Train:   63/80 ( 79%) [ 363/928 ( 39%)]  Loss: 0.3368 (0.330)  LR: 8.907e-04  Time cost: 01:35/02:28 [4:14:00/1:11:40]  Acc_iter 57900       Data time: 0.01(0.01)  Forward time: 0.25(0.25)  Batch time: 0.26(0.26)
2025-06-18 13:21:52,065   INFO  user                                   Wed Jun 18 13:21:52 2025  535.183.01
[0] NVIDIA GeForce RTX 4060 Laptop GPU | 63°C,  94 % |  6432 /  8188 MB | user(6414M) gdm(4M) user(4M)

2025-06-18 13:22:05,105   INFO  Train:   63/80 ( 79%) [ 413/928 ( 45%)]  Loss: 0.3384 (0.331)  LR: 8.859e-04  Time cost: 01:49/02:15 [4:14:13/1:11:31]  Acc_iter 57950       Data time: 0.01(0.01)  Forward time: 0.25(0.25)  Batch time: 0.26(0.26)
2025-06-18 13:22:18,175   INFO  Train:   63/80 ( 79%) [ 463/928 ( 50%)]  Loss: 0.3638 (0.331)  LR: 8.811e-04  Time cost: 02:02/02:02 [4:14:26/1:11:14]  Acc_iter 58000       Data time: 0.02(0.01)  Forward time: 0.25(0.25)  Batch time: 0.26(0.26)
2025-06-18 13:22:31,246   INFO  Train:   63/80 ( 79%) [ 513/928 ( 55%)]  Loss: 0.3336 (0.331)  LR: 8.762e-04  Time cost: 02:15/01:49 [4:14:39/1:10:58]  Acc_iter 58050       Data time: 0.01(0.01)  Forward time: 0.25(0.25)  Batch time: 0.26(0.26)
2025-06-18 13:22:31,480   INFO  user                                   Wed Jun 18 13:22:31 2025  535.183.01
[0] NVIDIA GeForce RTX 4060 Laptop GPU | 63°C,  97 % |  6432 /  8188 MB | user(6414M) gdm(4M) user(4M)

2025-06-18 13:22:44,564   INFO  Train:   63/80 ( 79%) [ 563/928 ( 61%)]  Loss: 0.3011 (0.331)  LR: 8.714e-04  Time cost: 02:28/01:36 [4:14:52/1:10:50]  Acc_iter 58100       Data time: 0.01(0.01)  Forward time: 0.25(0.25)  Batch time: 0.26(0.26)
2025-06-18 13:22:57,626   INFO  Train:   63/80 ( 79%) [ 613/928 ( 66%)]  Loss: 0.3649 (0.331)  LR: 8.666e-04  Time cost: 02:41/01:22 [4:15:05/1:10:34]  Acc_iter 58150       Data time: 0.01(0.01)  Forward time: 0.25(0.25)  Batch time: 0.26(0.26)
2025-06-18 13:23:10,675   INFO  Train:   63/80 ( 79%) [ 663/928 ( 71%)]  Loss: 0.3669 (0.331)  LR: 8.618e-04  Time cost: 02:54/01:09 [4:15:18/1:10:18]  Acc_iter 58200       Data time: 0.01(0.01)  Forward time: 0.25(0.25)  Batch time: 0.26(0.26)
2025-06-18 13:23:10,908   INFO  user                                   Wed Jun 18 13:23:10 2025  535.183.01
[0] NVIDIA GeForce RTX 4060 Laptop GPU | 63°C,  96 % |  6432 /  8188 MB | user(6414M) gdm(4M) user(4M)

2025-06-18 13:23:23,971   INFO  Train:   63/80 ( 79%) [ 713/928 ( 77%)]  Loss: 0.3458 (0.331)  LR: 8.571e-04  Time cost: 03:07/00:56 [4:15:32/1:10:08]  Acc_iter 58250       Data time: 0.01(0.01)  Forward time: 0.25(0.25)  Batch time: 0.27(0.26)
2025-06-18 13:23:37,039   INFO  Train:   63/80 ( 79%) [ 763/928 ( 82%)]  Loss: 0.3097 (0.331)  LR: 8.523e-04  Time cost: 03:20/00:43 [4:15:45/1:09:53]  Acc_iter 58300       Data time: 0.01(0.01)  Forward time: 0.25(0.25)  Batch time: 0.26(0.26)
2025-06-18 13:23:50,131   INFO  Train:   63/80 ( 79%) [ 813/928 ( 88%)]  Loss: 0.2807 (0.330)  LR: 8.475e-04  Time cost: 03:34/00:30 [4:15:58/1:09:39]  Acc_iter 58350       Data time: 0.01(0.01)  Forward time: 0.25(0.25)  Batch time: 0.26(0.26)
2025-06-18 13:23:50,357   INFO  user                                   Wed Jun 18 13:23:50 2025  535.183.01
[0] NVIDIA GeForce RTX 4060 Laptop GPU | 63°C,  64 % |  6432 /  8188 MB | user(6414M) gdm(4M) user(4M)

2025-06-18 13:24:03,438   INFO  Train:   63/80 ( 79%) [ 863/928 ( 93%)]  Loss: 0.3474 (0.330)  LR: 8.428e-04  Time cost: 03:47/00:17 [4:16:11/1:09:29]  Acc_iter 58400       Data time: 0.01(0.01)  Forward time: 0.25(0.25)  Batch time: 0.26(0.26)
2025-06-18 13:24:16,556   INFO  Train:   63/80 ( 79%) [ 913/928 ( 98%)]  Loss: 0.3011 (0.330)  LR: 8.380e-04  Time cost: 04:00/00:03 [4:16:24/1:09:15]  Acc_iter 58450       Data time: 0.01(0.01)  Forward time: 0.25(0.25)  Batch time: 0.26(0.26)
2025-06-18 13:24:20,200   INFO  Train:   63/80 ( 79%) [ 927/928 (100%)]  Loss: 0.3847 (0.330)  LR: 8.367e-04  Time cost: 04:04/00:00 [4:16:28/1:09:10]  Acc_iter 58464       Data time: 0.01(0.01)  Forward time: 0.25(0.25)  Batch time: 0.26(0.26)
2025-06-18 13:24:20,819   INFO  Train:   64/80 ( 80%) [   0/928 (  0%)]  Loss: 0.2785 (0.278)  LR: 8.366e-04  Time cost: 00:00/07:32 [4:16:29/2:08:14]  Acc_iter 58465       Data time: 0.21(0.21)  Forward time: 0.27(0.27)  Batch time: 0.48(0.48)
2025-06-18 13:24:30,016   INFO  Train:   64/80 ( 80%) [  35/928 (  4%)]  Loss: 0.2676 (0.313)  LR: 8.333e-04  Time cost: 00:09/04:00 [4:16:38/1:10:34]  Acc_iter 58500       Data time: 0.01(0.02)  Forward time: 0.25(0.25)  Batch time: 0.26(0.27)
2025-06-18 13:24:30,229   INFO  user                                   Wed Jun 18 13:24:30 2025  535.183.01
[0] NVIDIA GeForce RTX 4060 Laptop GPU | 63°C,  97 % |  6432 /  8188 MB | user(6414M) gdm(4M) user(4M)

2025-06-18 13:24:43,293   INFO  Train:   64/80 ( 80%) [  85/928 (  9%)]  Loss: 0.2892 (0.320)  LR: 8.285e-04  Time cost: 00:22/03:45 [4:16:51/1:09:49]  Acc_iter 58550       Data time: 0.01(0.02)  Forward time: 0.25(0.25)  Batch time: 0.26(0.27)
2025-06-18 13:24:56,395   INFO  Train:   64/80 ( 80%) [ 135/928 ( 15%)]  Loss: 0.2646 (0.320)  LR: 8.238e-04  Time cost: 00:36/03:30 [4:17:04/1:09:07]  Acc_iter 58600       Data time: 0.01(0.02)  Forward time: 0.25(0.25)  Batch time: 0.27(0.27)
2025-06-18 13:25:09,465   INFO  Train:   64/80 ( 80%) [ 185/928 ( 20%)]  Loss: 0.3211 (0.321)  LR: 8.191e-04  Time cost: 00:49/03:16 [4:17:17/1:08:38]  Acc_iter 58650       Data time: 0.01(0.01)  Forward time: 0.25(0.25)  Batch time: 0.26(0.26)
2025-06-18 13:25:09,666   INFO  user                                   Wed Jun 18 13:25:09 2025  535.183.01
[0] NVIDIA GeForce RTX 4060 Laptop GPU | 63°C,  95 % |  6432 /  8188 MB | user(6414M) gdm(4M) user(4M)

2025-06-18 13:25:22,702   INFO  Train:   64/80 ( 80%) [ 235/928 ( 25%)]  Loss: 0.4007 (0.323)  LR: 8.144e-04  Time cost: 01:02/03:03 [4:17:30/1:08:27]  Acc_iter 58700       Data time: 0.01(0.02)  Forward time: 0.25(0.25)  Batch time: 0.26(0.26)
2025-06-18 13:25:35,750   INFO  Train:   64/80 ( 80%) [ 285/928 ( 31%)]  Loss: 0.3402 (0.322)  LR: 8.097e-04  Time cost: 01:15/02:49 [4:17:43/1:08:05]  Acc_iter 58750       Data time: 0.01(0.01)  Forward time: 0.25(0.25)  Batch time: 0.26(0.26)
2025-06-18 13:25:48,819   INFO  Train:   64/80 ( 80%) [ 335/928 ( 36%)]  Loss: 0.3120 (0.324)  LR: 8.050e-04  Time cost: 01:28/02:36 [4:17:57/1:07:46]  Acc_iter 58800       Data time: 0.01(0.01)  Forward time: 0.25(0.25)  Batch time: 0.26(0.26)
2025-06-18 13:25:49,024   INFO  user                                   Wed Jun 18 13:25:49 2025  535.183.01
[0] NVIDIA GeForce RTX 4060 Laptop GPU | 63°C,  97 % |  6432 /  8188 MB | user(6414M) gdm(4M) user(4M)

2025-06-18 13:26:02,094   INFO  Train:   64/80 ( 80%) [ 385/928 ( 41%)]  Loss: 0.3311 (0.323)  LR: 8.003e-04  Time cost: 01:41/02:23 [4:18:10/1:07:37]  Acc_iter 58850       Data time: 0.01(0.01)  Forward time: 0.25(0.25)  Batch time: 0.26(0.26)
2025-06-18 13:26:15,171   INFO  Train:   64/80 ( 80%) [ 435/928 ( 47%)]  Loss: 0.2884 (0.324)  LR: 7.956e-04  Time cost: 01:54/02:09 [4:18:23/1:07:20]  Acc_iter 58900       Data time: 0.01(0.01)  Forward time: 0.25(0.25)  Batch time: 0.26(0.26)
2025-06-18 13:26:28,209   INFO  Train:   64/80 ( 80%) [ 485/928 ( 52%)]  Loss: 0.3397 (0.323)  LR: 7.910e-04  Time cost: 02:07/01:56 [4:18:36/1:07:03]  Acc_iter 58950       Data time: 0.01(0.01)  Forward time: 0.25(0.25)  Batch time: 0.26(0.26)
2025-06-18 13:26:28,437   INFO  user                                   Wed Jun 18 13:26:28 2025  535.183.01
[0] NVIDIA GeForce RTX 4060 Laptop GPU | 62°C,  96 % |  6432 /  8188 MB | user(6414M) gdm(4M) user(4M)

2025-06-18 13:26:41,511   INFO  Train:   64/80 ( 80%) [ 535/928 ( 58%)]  Loss: 0.3259 (0.323)  LR: 7.863e-04  Time cost: 02:21/01:43 [4:18:49/1:06:54]  Acc_iter 59000       Data time: 0.01(0.01)  Forward time: 0.25(0.25)  Batch time: 0.26(0.26)
2025-06-18 13:26:54,607   INFO  Train:   64/80 ( 80%) [ 585/928 ( 63%)]  Loss: 0.2742 (0.323)  LR: 7.817e-04  Time cost: 02:34/01:30 [4:19:02/1:06:39]  Acc_iter 59050       Data time: 0.01(0.01)  Forward time: 0.25(0.25)  Batch time: 0.26(0.26)
2025-06-18 13:27:07,672   INFO  Train:   64/80 ( 80%) [ 635/928 ( 68%)]  Loss: 0.3209 (0.323)  LR: 7.770e-04  Time cost: 02:47/01:17 [4:19:15/1:06:23]  Acc_iter 59100       Data time: 0.01(0.01)  Forward time: 0.25(0.25)  Batch time: 0.26(0.26)
2025-06-18 13:27:07,922   INFO  user                                   Wed Jun 18 13:27:07 2025  535.183.01
[0] NVIDIA GeForce RTX 4060 Laptop GPU | 62°C,  68 % |  6432 /  8188 MB | user(6414M) gdm(4M) user(4M)

2025-06-18 13:27:21,024   INFO  Train:   64/80 ( 80%) [ 685/928 ( 74%)]  Loss: 0.3659 (0.323)  LR: 7.724e-04  Time cost: 03:00/01:04 [4:19:29/1:06:14]  Acc_iter 59150       Data time: 0.01(0.01)  Forward time: 0.25(0.25)  Batch time: 0.26(0.26)
2025-06-18 13:27:34,085   INFO  Train:   64/80 ( 80%) [ 735/928 ( 79%)]  Loss: 0.3402 (0.323)  LR: 7.678e-04  Time cost: 03:13/00:50 [4:19:42/1:05:59]  Acc_iter 59200       Data time: 0.01(0.01)  Forward time: 0.25(0.25)  Batch time: 0.26(0.26)
2025-06-18 13:27:47,169   INFO  Train:   64/80 ( 80%) [ 785/928 ( 85%)]  Loss: 0.2772 (0.323)  LR: 7.632e-04  Time cost: 03:26/00:37 [4:19:55/1:05:44]  Acc_iter 59250       Data time: 0.01(0.01)  Forward time: 0.25(0.25)  Batch time: 0.26(0.26)
2025-06-18 13:27:47,394   INFO  user                                   Wed Jun 18 13:27:47 2025  535.183.01
[0] NVIDIA GeForce RTX 4060 Laptop GPU | 62°C,  97 % |  6432 /  8188 MB | user(6414M) gdm(4M) user(4M)

2025-06-18 13:28:00,479   INFO  Train:   64/80 ( 80%) [ 835/928 ( 90%)]  Loss: 0.4106 (0.323)  LR: 7.586e-04  Time cost: 03:40/00:24 [4:20:08/1:05:34]  Acc_iter 59300       Data time: 0.01(0.01)  Forward time: 0.25(0.25)  Batch time: 0.26(0.26)
2025-06-18 13:28:13,545   INFO  Train:   64/80 ( 80%) [ 885/928 ( 95%)]  Loss: 0.2952 (0.323)  LR: 7.540e-04  Time cost: 03:53/00:11 [4:20:21/1:05:19]  Acc_iter 59350       Data time: 0.01(0.01)  Forward time: 0.25(0.25)  Batch time: 0.26(0.26)
2025-06-18 13:28:24,522   INFO  Train:   64/80 ( 80%) [ 927/928 (100%)]  Loss: 0.2721 (0.323)  LR: 7.501e-04  Time cost: 04:04/00:00 [4:20:32/1:05:07]  Acc_iter 59392       Data time: 0.01(0.01)  Forward time: 0.25(0.25)  Batch time: 0.26(0.26)
2025-06-18 13:28:25,158   INFO  Train:   65/80 ( 81%) [   0/928 (  0%)]  Loss: 0.2419 (0.242)  LR: 7.500e-04  Time cost: 00:00/07:44 [4:20:33/2:03:54]  Acc_iter 59393       Data time: 0.22(0.22)  Forward time: 0.26(0.26)  Batch time: 0.49(0.49)
2025-06-18 13:28:26,983   INFO  Train:   65/80 ( 81%) [   7/928 (  1%)]  Loss: 0.2977 (0.316)  LR: 7.494e-04  Time cost: 00:02/04:27 [4:20:35/1:11:54]  Acc_iter 59400       Data time: 0.01(0.04)  Forward time: 0.25(0.25)  Batch time: 0.26(0.29)
2025-06-18 13:28:27,238   INFO  user                                   Wed Jun 18 13:28:27 2025  535.183.01
[0] NVIDIA GeForce RTX 4060 Laptop GPU | 62°C,  36 % |  6432 /  8188 MB | user(6414M) gdm(4M) user(4M)

2025-06-18 13:28:40,303   INFO  Train:   65/80 ( 81%) [  57/928 (  6%)]  Loss: 0.3496 (0.315)  LR: 7.448e-04  Time cost: 00:15/03:54 [4:20:48/1:06:29]  Acc_iter 59450       Data time: 0.01(0.02)  Forward time: 0.25(0.25)  Batch time: 0.26(0.27)
2025-06-18 13:28:53,353   INFO  Train:   65/80 ( 81%) [ 107/928 ( 12%)]  Loss: 0.3343 (0.316)  LR: 7.402e-04  Time cost: 00:28/03:38 [4:21:01/1:05:16]  Acc_iter 59500       Data time: 0.01(0.02)  Forward time: 0.25(0.25)  Batch time: 0.26(0.27)
2025-06-18 13:29:06,402   INFO  Train:   65/80 ( 81%) [ 157/928 ( 17%)]  Loss: 0.3099 (0.322)  LR: 7.357e-04  Time cost: 00:41/03:23 [4:21:14/1:04:41]  Acc_iter 59550       Data time: 0.01(0.02)  Forward time: 0.25(0.25)  Batch time: 0.26(0.26)
2025-06-18 13:29:06,658   INFO  user                                   Wed Jun 18 13:29:06 2025  535.183.01
[0] NVIDIA GeForce RTX 4060 Laptop GPU | 62°C,  53 % |  6432 /  8188 MB | user(6414M) gdm(4M) user(4M)

2025-06-18 13:29:19,716   INFO  Train:   65/80 ( 81%) [ 207/928 ( 22%)]  Loss: 0.3486 (0.321)  LR: 7.311e-04  Time cost: 00:55/03:10 [4:21:27/1:04:35]  Acc_iter 59600       Data time: 0.01(0.02)  Forward time: 0.25(0.25)  Batch time: 0.26(0.26)
2025-06-18 13:29:32,798   INFO  Train:   65/80 ( 81%) [ 257/928 ( 28%)]  Loss: 0.3144 (0.321)  LR: 7.266e-04  Time cost: 01:08/02:57 [4:21:41/1:04:13]  Acc_iter 59650       Data time: 0.01(0.02)  Forward time: 0.25(0.25)  Batch time: 0.27(0.26)
2025-06-18 13:29:45,848   INFO  Train:   65/80 ( 81%) [ 307/928 ( 33%)]  Loss: 0.3188 (0.321)  LR: 7.221e-04  Time cost: 01:21/02:43 [4:21:54/1:03:53]  Acc_iter 59700       Data time: 0.01(0.01)  Forward time: 0.25(0.25)  Batch time: 0.26(0.26)
2025-06-18 13:29:46,056   INFO  user                                   Wed Jun 18 13:29:46 2025  535.183.01
[0] NVIDIA GeForce RTX 4060 Laptop GPU | 62°C,  82 % |  6432 /  8188 MB | user(6414M) gdm(4M) user(4M)

2025-06-18 13:29:59,150   INFO  Train:   65/80 ( 81%) [ 357/928 ( 38%)]  Loss: 0.3253 (0.320)  LR: 7.176e-04  Time cost: 01:34/02:30 [4:22:07/1:03:44]  Acc_iter 59750       Data time: 0.01(0.01)  Forward time: 0.25(0.25)  Batch time: 0.26(0.26)
2025-06-18 13:30:12,208   INFO  Train:   65/80 ( 81%) [ 407/928 ( 44%)]  Loss: 0.2847 (0.319)  LR: 7.130e-04  Time cost: 01:47/02:17 [4:22:20/1:03:26]  Acc_iter 59800       Data time: 0.01(0.01)  Forward time: 0.25(0.25)  Batch time: 0.26(0.26)
2025-06-18 13:30:25,292   INFO  Train:   65/80 ( 81%) [ 457/928 ( 49%)]  Loss: 0.2690 (0.319)  LR: 7.086e-04  Time cost: 02:00/02:04 [4:22:33/1:03:10]  Acc_iter 59850       Data time: 0.01(0.01)  Forward time: 0.25(0.25)  Batch time: 0.26(0.26)
2025-06-18 13:30:25,525   INFO  user                                   Wed Jun 18 13:30:25 2025  535.183.01
[0] NVIDIA GeForce RTX 4060 Laptop GPU | 62°C,  97 % |  6432 /  8188 MB | user(6414M) gdm(4M) user(4M)

2025-06-18 13:30:38,616   INFO  Train:   65/80 ( 81%) [ 507/928 ( 55%)]  Loss: 0.2813 (0.319)  LR: 7.041e-04  Time cost: 02:13/01:51 [4:22:46/1:03:01]  Acc_iter 59900       Data time: 0.01(0.01)  Forward time: 0.25(0.25)  Batch time: 0.26(0.26)
2025-06-18 13:30:51,686   INFO  Train:   65/80 ( 81%) [ 557/928 ( 60%)]  Loss: 0.3231 (0.318)  LR: 6.996e-04  Time cost: 02:27/01:37 [4:22:59/1:02:45]  Acc_iter 59950       Data time: 0.01(0.01)  Forward time: 0.25(0.25)  Batch time: 0.26(0.26)
2025-06-18 13:31:04,771   INFO  Train:   65/80 ( 81%) [ 607/928 ( 65%)]  Loss: 0.3221 (0.318)  LR: 6.951e-04  Time cost: 02:40/01:24 [4:23:13/1:02:30]  Acc_iter 60000       Data time: 0.01(0.01)  Forward time: 0.25(0.25)  Batch time: 0.26(0.26)
2025-06-18 13:31:05,001   INFO  user                                   Wed Jun 18 13:31:04 2025  535.183.01
[0] NVIDIA GeForce RTX 4060 Laptop GPU | 62°C,  57 % |  6432 /  8188 MB | user(6414M) gdm(4M) user(4M)

2025-06-18 13:31:18,086   INFO  Train:   65/80 ( 81%) [ 657/928 ( 71%)]  Loss: 0.3231 (0.317)  LR: 6.907e-04  Time cost: 02:53/01:11 [4:23:26/1:02:20]  Acc_iter 60050       Data time: 0.01(0.01)  Forward time: 0.25(0.25)  Batch time: 0.26(0.26)
2025-06-18 13:31:31,117   INFO  Train:   65/80 ( 81%) [ 707/928 ( 76%)]  Loss: 0.2202 (0.317)  LR: 6.862e-04  Time cost: 03:06/00:58 [4:23:39/1:02:04]  Acc_iter 60100       Data time: 0.01(0.01)  Forward time: 0.25(0.25)  Batch time: 0.26(0.26)
2025-06-18 13:31:44,180   INFO  Train:   65/80 ( 81%) [ 757/928 ( 82%)]  Loss: 0.2385 (0.318)  LR: 6.818e-04  Time cost: 03:19/00:45 [4:23:52/1:01:49]  Acc_iter 60150       Data time: 0.01(0.01)  Forward time: 0.25(0.25)  Batch time: 0.26(0.26)
2025-06-18 13:31:44,380   INFO  user                                   Wed Jun 18 13:31:44 2025  535.183.01
[0] NVIDIA GeForce RTX 4060 Laptop GPU | 62°C,  68 % |  6432 /  8188 MB | user(6414M) gdm(4M) user(4M)

2025-06-18 13:31:57,443   INFO  Train:   65/80 ( 81%) [ 807/928 ( 87%)]  Loss: 0.2923 (0.318)  LR: 6.773e-04  Time cost: 03:32/00:31 [4:24:05/1:01:37]  Acc_iter 60200       Data time: 0.01(0.01)  Forward time: 0.25(0.25)  Batch time: 0.26(0.26)
2025-06-18 13:32:10,511   INFO  Train:   65/80 ( 81%) [ 857/928 ( 92%)]  Loss: 0.3226 (0.318)  LR: 6.729e-04  Time cost: 03:45/00:18 [4:24:18/1:01:22]  Acc_iter 60250       Data time: 0.01(0.01)  Forward time: 0.25(0.25)  Batch time: 0.26(0.26)
2025-06-18 13:32:23,579   INFO  Train:   65/80 ( 81%) [ 907/928 ( 98%)]  Loss: 0.3390 (0.318)  LR: 6.685e-04  Time cost: 03:58/00:05 [4:24:31/1:01:08]  Acc_iter 60300       Data time: 0.01(0.01)  Forward time: 0.25(0.25)  Batch time: 0.27(0.26)
2025-06-18 13:32:23,808   INFO  user                                   Wed Jun 18 13:32:23 2025  535.183.01
[0] NVIDIA GeForce RTX 4060 Laptop GPU | 62°C,  73 % |  6432 /  8188 MB | user(6414M) gdm(4M) user(4M)

2025-06-18 13:32:29,057   INFO  Train:   65/80 ( 81%) [ 927/928 (100%)]  Loss: 0.2857 (0.318)  LR: 6.668e-04  Time cost: 04:04/00:00 [4:24:37/1:01:06]  Acc_iter 60320       Data time: 0.01(0.01)  Forward time: 0.25(0.25)  Batch time: 0.26(0.26)
2025-06-18 13:32:29,634   INFO  Train:   66/80 ( 82%) [   0/928 (  0%)]  Loss: 0.3557 (0.356)  LR: 6.667e-04  Time cost: 00:00/06:54 [4:24:37/1:43:39]  Acc_iter 60321       Data time: 0.17(0.17)  Forward time: 0.26(0.26)  Batch time: 0.43(0.43)
2025-06-18 13:32:37,253   INFO  Train:   66/80 ( 82%) [  29/928 (  3%)]  Loss: 0.3475 (0.313)  LR: 6.641e-04  Time cost: 00:08/04:01 [4:24:45/1:02:14]  Acc_iter 60350       Data time: 0.01(0.02)  Forward time: 0.25(0.25)  Batch time: 0.26(0.27)
2025-06-18 13:32:50,326   INFO  Train:   66/80 ( 82%) [  79/928 (  9%)]  Loss: 0.2955 (0.311)  LR: 6.597e-04  Time cost: 00:21/03:44 [4:24:58/1:00:57]  Acc_iter 60400       Data time: 0.02(0.01)  Forward time: 0.25(0.25)  Batch time: 0.27(0.26)
2025-06-18 13:33:03,379   INFO  Train:   66/80 ( 82%) [ 129/928 ( 14%)]  Loss: 0.2893 (0.316)  LR: 6.554e-04  Time cost: 00:34/03:30 [4:25:11/1:00:27]  Acc_iter 60450       Data time: 0.01(0.01)  Forward time: 0.25(0.25)  Batch time: 0.26(0.26)
2025-06-18 13:33:03,594   INFO  user                                   Wed Jun 18 13:33:03 2025  535.183.01
[0] NVIDIA GeForce RTX 4060 Laptop GPU | 62°C,  80 % |  6432 /  8188 MB | user(6414M) gdm(4M) user(4M)

2025-06-18 13:33:16,671   INFO  Train:   66/80 ( 82%) [ 179/928 ( 19%)]  Loss: 0.2780 (0.318)  LR: 6.510e-04  Time cost: 00:47/03:17 [4:25:24/1:00:24]  Acc_iter 60500       Data time: 0.01(0.01)  Forward time: 0.25(0.25)  Batch time: 0.26(0.26)
2025-06-18 13:33:29,713   INFO  Train:   66/80 ( 82%) [ 229/928 ( 25%)]  Loss: 0.3044 (0.320)  LR: 6.466e-04  Time cost: 01:00/03:03 [4:25:37/1:00:02]  Acc_iter 60550       Data time: 0.01(0.01)  Forward time: 0.25(0.25)  Batch time: 0.26(0.26)
2025-06-18 13:33:42,752   INFO  Train:   66/80 ( 82%) [ 279/928 ( 30%)]  Loss: 0.2510 (0.319)  LR: 6.423e-04  Time cost: 01:13/02:50 [4:25:50/59:43]  Acc_iter 60600       Data time: 0.01(0.01)  Forward time: 0.25(0.25)  Batch time: 0.26(0.26)
2025-06-18 13:33:42,968   INFO  user                                   Wed Jun 18 13:33:42 2025  535.183.01
[0] NVIDIA GeForce RTX 4060 Laptop GPU | 62°C,  73 % |  6432 /  8188 MB | user(6414M) gdm(4M) user(4M)

2025-06-18 13:33:56,019   INFO  Train:   66/80 ( 82%) [ 329/928 ( 35%)]  Loss: 0.3104 (0.319)  LR: 6.380e-04  Time cost: 01:26/02:37 [4:26:04/59:36]  Acc_iter 60650       Data time: 0.01(0.01)  Forward time: 0.25(0.25)  Batch time: 0.26(0.26)
2025-06-18 13:34:09,066   INFO  Train:   66/80 ( 82%) [ 379/928 ( 41%)]  Loss: 0.3914 (0.318)  LR: 6.336e-04  Time cost: 01:39/02:24 [4:26:17/59:19]  Acc_iter 60700       Data time: 0.01(0.01)  Forward time: 0.25(0.25)  Batch time: 0.26(0.26)
2025-06-18 13:34:22,147   INFO  Train:   66/80 ( 82%) [ 429/928 ( 46%)]  Loss: 0.3303 (0.317)  LR: 6.293e-04  Time cost: 01:52/02:11 [4:26:30/59:04]  Acc_iter 60750       Data time: 0.01(0.01)  Forward time: 0.25(0.25)  Batch time: 0.26(0.26)
2025-06-18 13:34:22,385   INFO  user                                   Wed Jun 18 13:34:22 2025  535.183.01
[0] NVIDIA GeForce RTX 4060 Laptop GPU | 62°C,  77 % |  6432 /  8188 MB | user(6414M) gdm(4M) user(4M)

2025-06-18 13:34:35,464   INFO  Train:   66/80 ( 82%) [ 479/928 ( 52%)]  Loss: 0.2646 (0.317)  LR: 6.250e-04  Time cost: 02:06/01:58 [4:26:43/58:56]  Acc_iter 60800       Data time: 0.01(0.01)  Forward time: 0.25(0.25)  Batch time: 0.26(0.26)
2025-06-18 13:34:48,560   INFO  Train:   66/80 ( 82%) [ 529/928 ( 57%)]  Loss: 0.3861 (0.317)  LR: 6.207e-04  Time cost: 02:19/01:44 [4:26:56/58:41]  Acc_iter 60850       Data time: 0.02(0.01)  Forward time: 0.25(0.25)  Batch time: 0.26(0.26)
2025-06-18 13:35:01,653   INFO  Train:   66/80 ( 82%) [ 579/928 ( 62%)]  Loss: 0.3034 (0.316)  LR: 6.164e-04  Time cost: 02:32/01:31 [4:27:09/58:26]  Acc_iter 60900       Data time: 0.01(0.01)  Forward time: 0.25(0.25)  Batch time: 0.26(0.26)
2025-06-18 13:35:01,906   INFO  user                                   Wed Jun 18 13:35:01 2025  535.183.01
[0] NVIDIA GeForce RTX 4060 Laptop GPU | 62°C,  95 % |  6432 /  8188 MB | user(6414M) gdm(4M) user(4M)

2025-06-18 13:35:15,002   INFO  Train:   66/80 ( 82%) [ 629/928 ( 68%)]  Loss: 0.2763 (0.317)  LR: 6.122e-04  Time cost: 02:45/01:18 [4:27:23/58:18]  Acc_iter 60950       Data time: 0.01(0.01)  Forward time: 0.25(0.25)  Batch time: 0.26(0.26)
2025-06-18 13:35:28,151   INFO  Train:   66/80 ( 82%) [ 679/928 ( 73%)]  Loss: 0.3664 (0.317)  LR: 6.079e-04  Time cost: 02:58/01:05 [4:27:36/58:04]  Acc_iter 61000       Data time: 0.02(0.01)  Forward time: 0.25(0.25)  Batch time: 0.26(0.26)
2025-06-18 13:35:41,273   INFO  Train:   66/80 ( 82%) [ 729/928 ( 79%)]  Loss: 0.3077 (0.317)  LR: 6.037e-04  Time cost: 03:12/00:52 [4:27:49/57:50]  Acc_iter 61050       Data time: 0.01(0.01)  Forward time: 0.25(0.25)  Batch time: 0.26(0.26)
2025-06-18 13:35:41,518   INFO  user                                   Wed Jun 18 13:35:41 2025  535.183.01
[0] NVIDIA GeForce RTX 4060 Laptop GPU | 63°C,  96 % |  6432 /  8188 MB | user(6414M) gdm(4M) user(4M)

2025-06-18 13:35:54,607   INFO  Train:   66/80 ( 82%) [ 779/928 ( 84%)]  Loss: 0.3552 (0.317)  LR: 5.994e-04  Time cost: 03:25/00:39 [4:28:02/57:40]  Acc_iter 61100       Data time: 0.01(0.01)  Forward time: 0.25(0.25)  Batch time: 0.26(0.26)
2025-06-18 13:36:07,700   INFO  Train:   66/80 ( 82%) [ 829/928 ( 89%)]  Loss: 0.2950 (0.317)  LR: 5.952e-04  Time cost: 03:38/00:26 [4:28:15/57:26]  Acc_iter 61150       Data time: 0.01(0.01)  Forward time: 0.25(0.25)  Batch time: 0.26(0.26)
2025-06-18 13:36:20,758   INFO  Train:   66/80 ( 82%) [ 879/928 ( 95%)]  Loss: 0.3440 (0.316)  LR: 5.910e-04  Time cost: 03:51/00:12 [4:28:28/57:11]  Acc_iter 61200       Data time: 0.01(0.01)  Forward time: 0.25(0.25)  Batch time: 0.26(0.26)
2025-06-18 13:36:20,971   INFO  user                                   Wed Jun 18 13:36:20 2025  535.183.01
[0] NVIDIA GeForce RTX 4060 Laptop GPU | 63°C,  97 % |  6432 /  8188 MB | user(6414M) gdm(4M) user(4M)

2025-06-18 13:36:33,526   INFO  Train:   66/80 ( 82%) [ 927/928 (100%)]  Loss: 0.3308 (0.316)  LR: 5.870e-04  Time cost: 04:04/00:00 [4:28:41/57:01]  Acc_iter 61248       Data time: 0.01(0.01)  Forward time: 0.25(0.25)  Batch time: 0.26(0.26)
2025-06-18 13:36:34,073   INFO  Train:   67/80 ( 84%) [   0/928 (  0%)]  Loss: 0.3781 (0.378)  LR: 5.869e-04  Time cost: 00:00/06:25 [4:28:42/1:30:03]  Acc_iter 61249       Data time: 0.12(0.12)  Forward time: 0.29(0.29)  Batch time: 0.41(0.41)
2025-06-18 13:36:34,339   INFO  Train:   67/80 ( 84%) [   1/928 (  0%)]  Loss: 0.3183 (0.348)  LR: 5.868e-04  Time cost: 00:00/05:15 [4:28:42/1:13:47]  Acc_iter 61250       Data time: 0.01(0.06)  Forward time: 0.25(0.27)  Batch time: 0.26(0.33)
2025-06-18 13:36:47,421   INFO  Train:   67/80 ( 84%) [  51/928 (  5%)]  Loss: 0.3157 (0.314)  LR: 5.826e-04  Time cost: 00:13/03:52 [4:28:55/57:05]  Acc_iter 61300       Data time: 0.01(0.01)  Forward time: 0.25(0.25)  Batch time: 0.26(0.26)
2025-06-18 13:37:00,464   INFO  Train:   67/80 ( 84%) [ 101/928 ( 11%)]  Loss: 0.2535 (0.313)  LR: 5.784e-04  Time cost: 00:26/03:37 [4:29:08/56:27]  Acc_iter 61350       Data time: 0.01(0.01)  Forward time: 0.25(0.25)  Batch time: 0.26(0.26)
2025-06-18 13:37:00,702   INFO  user                                   Wed Jun 18 13:37:00 2025  535.183.01
[0] NVIDIA GeForce RTX 4060 Laptop GPU | 63°C,  61 % |  6432 /  8188 MB | user(6414M) gdm(4M) user(4M)

2025-06-18 13:37:13,782   INFO  Train:   67/80 ( 84%) [ 151/928 ( 16%)]  Loss: 0.2290 (0.313)  LR: 5.743e-04  Time cost: 00:40/03:25 [4:29:22/56:29]  Acc_iter 61400       Data time: 0.01(0.01)  Forward time: 0.25(0.25)  Batch time: 0.26(0.26)
2025-06-18 13:37:26,853   INFO  Train:   67/80 ( 84%) [ 201/928 ( 22%)]  Loss: 0.4095 (0.315)  LR: 5.701e-04  Time cost: 00:53/03:11 [4:29:35/56:08]  Acc_iter 61450       Data time: 0.01(0.01)  Forward time: 0.25(0.25)  Batch time: 0.26(0.26)
2025-06-18 13:37:39,913   INFO  Train:   67/80 ( 84%) [ 251/928 ( 27%)]  Loss: 0.3039 (0.316)  LR: 5.660e-04  Time cost: 01:06/02:57 [4:29:48/55:49]  Acc_iter 61500       Data time: 0.01(0.01)  Forward time: 0.25(0.25)  Batch time: 0.26(0.26)
2025-06-18 13:37:40,168   INFO  user                                   Wed Jun 18 13:37:40 2025  535.183.01
[0] NVIDIA GeForce RTX 4060 Laptop GPU | 62°C,  90 % |  6432 /  8188 MB | user(6414M) gdm(4M) user(4M)

2025-06-18 13:37:53,269   INFO  Train:   67/80 ( 84%) [ 301/928 ( 32%)]  Loss: 0.3299 (0.315)  LR: 5.618e-04  Time cost: 01:19/02:45 [4:30:01/55:45]  Acc_iter 61550       Data time: 0.01(0.01)  Forward time: 0.25(0.25)  Batch time: 0.26(0.26)
2025-06-18 13:38:06,321   INFO  Train:   67/80 ( 84%) [ 351/928 ( 38%)]  Loss: 0.2438 (0.314)  LR: 5.577e-04  Time cost: 01:32/02:31 [4:30:14/55:27]  Acc_iter 61600       Data time: 0.01(0.01)  Forward time: 0.25(0.25)  Batch time: 0.26(0.26)
2025-06-18 13:38:19,356   INFO  Train:   67/80 ( 84%) [ 401/928 ( 43%)]  Loss: 0.2554 (0.312)  LR: 5.536e-04  Time cost: 01:45/02:18 [4:30:27/55:10]  Acc_iter 61650       Data time: 0.01(0.01)  Forward time: 0.25(0.25)  Batch time: 0.26(0.26)
2025-06-18 13:38:19,601   INFO  user                                   Wed Jun 18 13:38:19 2025  535.183.01
[0] NVIDIA GeForce RTX 4060 Laptop GPU | 63°C,  96 % |  6432 /  8188 MB | user(6414M) gdm(4M) user(4M)

2025-06-18 13:38:32,702   INFO  Train:   67/80 ( 84%) [ 451/928 ( 49%)]  Loss: 0.2982 (0.311)  LR: 5.495e-04  Time cost: 01:59/02:05 [4:30:40/55:02]  Acc_iter 61700       Data time: 0.01(0.01)  Forward time: 0.25(0.25)  Batch time: 0.26(0.26)
2025-06-18 13:38:45,730   INFO  Train:   67/80 ( 84%) [ 501/928 ( 54%)]  Loss: 0.2941 (0.311)  LR: 5.454e-04  Time cost: 02:12/01:52 [4:30:53/54:46]  Acc_iter 61750       Data time: 0.01(0.01)  Forward time: 0.25(0.25)  Batch time: 0.26(0.26)
2025-06-18 13:38:58,757   INFO  Train:   67/80 ( 84%) [ 551/928 ( 59%)]  Loss: 0.2774 (0.311)  LR: 5.413e-04  Time cost: 02:25/01:39 [4:31:06/54:30]  Acc_iter 61800       Data time: 0.01(0.01)  Forward time: 0.25(0.25)  Batch time: 0.26(0.26)
2025-06-18 13:38:58,994   INFO  user                                   Wed Jun 18 13:38:58 2025  535.183.01
[0] NVIDIA GeForce RTX 4060 Laptop GPU | 63°C,  97 % |  6432 /  8188 MB | user(6414M) gdm(4M) user(4M)

2025-06-18 13:39:12,033   INFO  Train:   67/80 ( 84%) [ 601/928 ( 65%)]  Loss: 0.2815 (0.311)  LR: 5.373e-04  Time cost: 02:38/01:26 [4:31:20/54:19]  Acc_iter 61850       Data time: 0.01(0.01)  Forward time: 0.25(0.25)  Batch time: 0.26(0.26)
2025-06-18 13:39:25,124   INFO  Train:   67/80 ( 84%) [ 651/928 ( 70%)]  Loss: 0.3662 (0.311)  LR: 5.332e-04  Time cost: 02:51/01:12 [4:31:33/54:05]  Acc_iter 61900       Data time: 0.01(0.01)  Forward time: 0.25(0.25)  Batch time: 0.26(0.26)
2025-06-18 13:39:38,186   INFO  Train:   67/80 ( 84%) [ 701/928 ( 76%)]  Loss: 0.3238 (0.310)  LR: 5.292e-04  Time cost: 03:04/00:59 [4:31:46/53:50]  Acc_iter 61950       Data time: 0.01(0.01)  Forward time: 0.25(0.25)  Batch time: 0.26(0.26)
2025-06-18 13:39:38,444   INFO  user                                   Wed Jun 18 13:39:38 2025  535.183.01
[0] NVIDIA GeForce RTX 4060 Laptop GPU | 63°C,  95 % |  6432 /  8188 MB | user(6414M) gdm(4M) user(4M)

2025-06-18 13:39:51,516   INFO  Train:   67/80 ( 84%) [ 751/928 ( 81%)]  Loss: 0.3440 (0.310)  LR: 5.252e-04  Time cost: 03:17/00:46 [4:31:59/53:40]  Acc_iter 62000       Data time: 0.01(0.01)  Forward time: 0.25(0.25)  Batch time: 0.26(0.26)
2025-06-18 13:40:04,608   INFO  Train:   67/80 ( 84%) [ 801/928 ( 86%)]  Loss: 0.3212 (0.311)  LR: 5.211e-04  Time cost: 03:30/00:33 [4:32:12/53:26]  Acc_iter 62050       Data time: 0.01(0.01)  Forward time: 0.25(0.25)  Batch time: 0.26(0.26)
2025-06-18 13:40:17,700   INFO  Train:   67/80 ( 84%) [ 851/928 ( 92%)]  Loss: 0.2981 (0.311)  LR: 5.171e-04  Time cost: 03:44/00:20 [4:32:25/53:12]  Acc_iter 62100       Data time: 0.01(0.01)  Forward time: 0.25(0.25)  Batch time: 0.26(0.26)
2025-06-18 13:40:17,922   INFO  user                                   Wed Jun 18 13:40:17 2025  535.183.01
[0] NVIDIA GeForce RTX 4060 Laptop GPU | 62°C,  97 % |  6432 /  8188 MB | user(6414M) gdm(4M) user(4M)

2025-06-18 13:40:31,026   INFO  Train:   67/80 ( 84%) [ 901/928 ( 97%)]  Loss: 0.3593 (0.311)  LR: 5.132e-04  Time cost: 03:57/00:07 [4:32:39/53:01]  Acc_iter 62150       Data time: 0.01(0.01)  Forward time: 0.25(0.25)  Batch time: 0.26(0.26)
2025-06-18 13:40:37,802   INFO  Train:   67/80 ( 84%) [ 927/928 (100%)]  Loss: 0.2711 (0.310)  LR: 5.111e-04  Time cost: 04:04/00:00 [4:32:46/52:54]  Acc_iter 62176       Data time: 0.01(0.01)  Forward time: 0.25(0.25)  Batch time: 0.26(0.26)
2025-06-18 13:40:38,400   INFO  Train:   68/80 ( 85%) [   0/928 (  0%)]  Loss: 0.2556 (0.256)  LR: 5.110e-04  Time cost: 00:00/06:39 [4:32:46/1:26:37]  Acc_iter 62177       Data time: 0.16(0.16)  Forward time: 0.26(0.26)  Batch time: 0.42(0.42)
2025-06-18 13:40:44,422   INFO  Train:   68/80 ( 85%) [  23/928 (  2%)]  Loss: 0.3602 (0.303)  LR: 5.092e-04  Time cost: 00:06/04:03 [4:32:52/53:57]  Acc_iter 62200       Data time: 0.01(0.02)  Forward time: 0.25(0.25)  Batch time: 0.26(0.27)
2025-06-18 13:40:57,516   INFO  Train:   68/80 ( 85%) [  73/928 (  8%)]  Loss: 0.2599 (0.313)  LR: 5.052e-04  Time cost: 00:19/03:45 [4:33:05/52:47]  Acc_iter 62250       Data time: 0.01(0.01)  Forward time: 0.25(0.25)  Batch time: 0.26(0.26)
2025-06-18 13:40:57,713   INFO  user                                   Wed Jun 18 13:40:57 2025  535.183.01
[0] NVIDIA GeForce RTX 4060 Laptop GPU | 62°C,  97 % |  6432 /  8188 MB | user(6414M) gdm(4M) user(4M)

2025-06-18 13:41:10,760   INFO  Train:   68/80 ( 85%) [ 123/928 ( 13%)]  Loss: 0.3364 (0.313)  LR: 5.013e-04  Time cost: 00:32/03:32 [4:33:18/52:37]  Acc_iter 62300       Data time: 0.01(0.02)  Forward time: 0.25(0.25)  Batch time: 0.26(0.26)
2025-06-18 13:41:23,819   INFO  Train:   68/80 ( 85%) [ 173/928 ( 19%)]  Loss: 0.2320 (0.312)  LR: 4.973e-04  Time cost: 00:45/03:18 [4:33:32/52:13]  Acc_iter 62350       Data time: 0.01(0.01)  Forward time: 0.25(0.25)  Batch time: 0.26(0.26)
2025-06-18 13:41:36,893   INFO  Train:   68/80 ( 85%) [ 223/928 ( 24%)]  Loss: 0.3220 (0.314)  LR: 4.934e-04  Time cost: 00:58/03:05 [4:33:45/51:54]  Acc_iter 62400       Data time: 0.01(0.01)  Forward time: 0.25(0.25)  Batch time: 0.26(0.26)
2025-06-18 13:41:37,113   INFO  user                                   Wed Jun 18 13:41:37 2025  535.183.01
[0] NVIDIA GeForce RTX 4060 Laptop GPU | 62°C,  97 % |  6432 /  8188 MB | user(6414M) gdm(4M) user(4M)

2025-06-18 13:41:50,163   INFO  Train:   68/80 ( 85%) [ 273/928 ( 29%)]  Loss: 0.3033 (0.315)  LR: 4.895e-04  Time cost: 01:12/02:52 [4:33:58/51:46]  Acc_iter 62450       Data time: 0.01(0.01)  Forward time: 0.25(0.25)  Batch time: 0.26(0.26)
2025-06-18 13:42:03,243   INFO  Train:   68/80 ( 85%) [ 323/928 ( 35%)]  Loss: 0.2472 (0.314)  LR: 4.856e-04  Time cost: 01:25/02:39 [4:34:11/51:30]  Acc_iter 62500       Data time: 0.01(0.01)  Forward time: 0.25(0.25)  Batch time: 0.26(0.26)
2025-06-18 13:42:16,278   INFO  Train:   68/80 ( 85%) [ 373/928 ( 40%)]  Loss: 0.2561 (0.313)  LR: 4.817e-04  Time cost: 01:38/02:25 [4:34:24/51:13]  Acc_iter 62550       Data time: 0.01(0.01)  Forward time: 0.25(0.25)  Batch time: 0.27(0.26)
2025-06-18 13:42:16,479   INFO  user                                   Wed Jun 18 13:42:16 2025  535.183.01
[0] NVIDIA GeForce RTX 4060 Laptop GPU | 63°C,  95 % |  6432 /  8188 MB | user(6414M) gdm(4M) user(4M)

2025-06-18 13:42:29,575   INFO  Train:   68/80 ( 85%) [ 423/928 ( 46%)]  Loss: 0.2896 (0.314)  LR: 4.778e-04  Time cost: 01:51/02:12 [4:34:37/51:04]  Acc_iter 62600       Data time: 0.01(0.01)  Forward time: 0.25(0.25)  Batch time: 0.26(0.26)
2025-06-18 13:42:42,658   INFO  Train:   68/80 ( 85%) [ 473/928 ( 51%)]  Loss: 0.2569 (0.313)  LR: 4.739e-04  Time cost: 02:04/01:59 [4:34:50/50:49]  Acc_iter 62650       Data time: 0.02(0.01)  Forward time: 0.25(0.25)  Batch time: 0.27(0.26)
2025-06-18 13:42:55,725   INFO  Train:   68/80 ( 85%) [ 523/928 ( 56%)]  Loss: 0.2381 (0.312)  LR: 4.701e-04  Time cost: 02:17/01:46 [4:35:03/50:34]  Acc_iter 62700       Data time: 0.01(0.01)  Forward time: 0.25(0.25)  Batch time: 0.26(0.26)
2025-06-18 13:42:56,076   INFO  user                                   Wed Jun 18 13:42:56 2025  535.183.01
[0] NVIDIA GeForce RTX 4060 Laptop GPU | 62°C,  49 % |  6432 /  8188 MB | user(6414M) gdm(4M) user(4M)

2025-06-18 13:43:09,194   INFO  Train:   68/80 ( 85%) [ 573/928 ( 62%)]  Loss: 0.2661 (0.312)  LR: 4.663e-04  Time cost: 02:31/01:33 [4:35:17/50:27]  Acc_iter 62750       Data time: 0.01(0.01)  Forward time: 0.26(0.25)  Batch time: 0.27(0.26)
2025-06-18 13:43:22,284   INFO  Train:   68/80 ( 85%) [ 623/928 ( 67%)]  Loss: 0.3413 (0.312)  LR: 4.624e-04  Time cost: 02:44/01:20 [4:35:30/50:12]  Acc_iter 62800       Data time: 0.01(0.01)  Forward time: 0.25(0.25)  Batch time: 0.26(0.26)
2025-06-18 13:43:35,354   INFO  Train:   68/80 ( 85%) [ 673/928 ( 73%)]  Loss: 0.3205 (0.312)  LR: 4.586e-04  Time cost: 02:57/01:07 [4:35:43/49:57]  Acc_iter 62850       Data time: 0.01(0.01)  Forward time: 0.25(0.25)  Batch time: 0.26(0.26)
2025-06-18 13:43:35,557   INFO  user                                   Wed Jun 18 13:43:35 2025  535.183.01
[0] NVIDIA GeForce RTX 4060 Laptop GPU | 62°C,  70 % |  6432 /  8188 MB | user(6414M) gdm(4M) user(4M)

2025-06-18 13:43:48,628   INFO  Train:   68/80 ( 85%) [ 723/928 ( 78%)]  Loss: 0.2680 (0.311)  LR: 4.548e-04  Time cost: 03:10/00:53 [4:35:56/49:46]  Acc_iter 62900       Data time: 0.01(0.01)  Forward time: 0.25(0.25)  Batch time: 0.26(0.26)
2025-06-18 13:44:01,694   INFO  Train:   68/80 ( 85%) [ 773/928 ( 83%)]  Loss: 0.2785 (0.311)  LR: 4.510e-04  Time cost: 03:23/00:40 [4:36:09/49:31]  Acc_iter 62950       Data time: 0.01(0.01)  Forward time: 0.25(0.25)  Batch time: 0.26(0.26)
2025-06-18 13:44:14,762   INFO  Train:   68/80 ( 85%) [ 823/928 ( 89%)]  Loss: 0.3318 (0.311)  LR: 4.472e-04  Time cost: 03:36/00:27 [4:36:22/49:17]  Acc_iter 63000       Data time: 0.01(0.01)  Forward time: 0.25(0.25)  Batch time: 0.26(0.26)
2025-06-18 13:44:14,972   INFO  user                                   Wed Jun 18 13:44:14 2025  535.183.01
[0] NVIDIA GeForce RTX 4060 Laptop GPU | 62°C,  80 % |  6432 /  8188 MB | user(6414M) gdm(4M) user(4M)

2025-06-18 13:44:28,037   INFO  Train:   68/80 ( 85%) [ 873/928 ( 94%)]  Loss: 0.2596 (0.311)  LR: 4.435e-04  Time cost: 03:50/00:14 [4:36:36/49:05]  Acc_iter 63050       Data time: 0.01(0.01)  Forward time: 0.25(0.25)  Batch time: 0.26(0.26)
2025-06-18 13:44:41,098   INFO  Train:   68/80 ( 85%) [ 923/928 ( 99%)]  Loss: 0.2748 (0.311)  LR: 4.397e-04  Time cost: 04:03/00:01 [4:36:49/48:51]  Acc_iter 63100       Data time: 0.02(0.01)  Forward time: 0.25(0.25)  Batch time: 0.26(0.26)
2025-06-18 13:44:42,145   INFO  Train:   68/80 ( 85%) [ 927/928 (100%)]  Loss: 0.2638 (0.311)  LR: 4.394e-04  Time cost: 04:04/00:00 [4:36:50/48:50]  Acc_iter 63104       Data time: 0.01(0.01)  Forward time: 0.25(0.25)  Batch time: 0.26(0.26)
2025-06-18 13:44:42,675   INFO  Train:   69/80 ( 86%) [   0/928 (  0%)]  Loss: 0.3476 (0.348)  LR: 4.394e-04  Time cost: 00:00/06:09 [4:36:50/1:13:57]  Acc_iter 63105       Data time: 0.11(0.11)  Forward time: 0.28(0.28)  Batch time: 0.39(0.39)
2025-06-18 13:44:54,441   INFO  Train:   69/80 ( 86%) [  45/928 (  5%)]  Loss: 0.2519 (0.310)  LR: 4.360e-04  Time cost: 00:12/03:53 [4:37:02/48:52]  Acc_iter 63150       Data time: 0.01(0.01)  Forward time: 0.25(0.25)  Batch time: 0.26(0.26)
2025-06-18 13:44:54,640   INFO  user                                   Wed Jun 18 13:44:54 2025  535.183.01
[0] NVIDIA GeForce RTX 4060 Laptop GPU | 62°C,  97 % |  6432 /  8188 MB | user(6414M) gdm(4M) user(4M)

2025-06-18 13:45:07,696   INFO  Train:   69/80 ( 86%) [  95/928 ( 10%)]  Loss: 0.2750 (0.309)  LR: 4.323e-04  Time cost: 00:25/03:40 [4:37:15/48:43]  Acc_iter 63200       Data time: 0.01(0.02)  Forward time: 0.25(0.25)  Batch time: 0.26(0.26)
2025-06-18 13:45:20,785   INFO  Train:   69/80 ( 86%) [ 145/928 ( 16%)]  Loss: 0.3173 (0.308)  LR: 4.286e-04  Time cost: 00:38/03:26 [4:37:29/48:18]  Acc_iter 63250       Data time: 0.01(0.01)  Forward time: 0.25(0.25)  Batch time: 0.26(0.26)
2025-06-18 13:45:33,857   INFO  Train:   69/80 ( 86%) [ 195/928 ( 21%)]  Loss: 0.4141 (0.308)  LR: 4.249e-04  Time cost: 00:51/03:12 [4:37:42/47:59]  Acc_iter 63300       Data time: 0.01(0.01)  Forward time: 0.25(0.25)  Batch time: 0.26(0.26)
2025-06-18 13:45:34,088   INFO  user                                   Wed Jun 18 13:45:34 2025  535.183.01
[0] NVIDIA GeForce RTX 4060 Laptop GPU | 62°C,  96 % |  6432 /  8188 MB | user(6414M) gdm(4M) user(4M)

2025-06-18 13:45:47,191   INFO  Train:   69/80 ( 86%) [ 245/928 ( 26%)]  Loss: 0.2705 (0.306)  LR: 4.212e-04  Time cost: 01:04/03:00 [4:37:55/47:53]  Acc_iter 63350       Data time: 0.02(0.01)  Forward time: 0.25(0.25)  Batch time: 0.26(0.26)
2025-06-18 13:46:00,242   INFO  Train:   69/80 ( 86%) [ 295/928 ( 32%)]  Loss: 0.3227 (0.306)  LR: 4.175e-04  Time cost: 01:17/02:46 [4:38:08/47:35]  Acc_iter 63400       Data time: 0.01(0.01)  Forward time: 0.25(0.25)  Batch time: 0.26(0.26)
2025-06-18 13:46:13,317   INFO  Train:   69/80 ( 86%) [ 345/928 ( 37%)]  Loss: 0.3304 (0.306)  LR: 4.139e-04  Time cost: 01:31/02:33 [4:38:21/47:19]  Acc_iter 63450       Data time: 0.02(0.01)  Forward time: 0.25(0.25)  Batch time: 0.27(0.26)
2025-06-18 13:46:13,520   INFO  user                                   Wed Jun 18 13:46:13 2025  535.183.01
[0] NVIDIA GeForce RTX 4060 Laptop GPU | 62°C,  77 % |  6432 /  8188 MB | user(6414M) gdm(4M) user(4M)

2025-06-18 13:46:26,570   INFO  Train:   69/80 ( 86%) [ 395/928 ( 43%)]  Loss: 0.3182 (0.307)  LR: 4.102e-04  Time cost: 01:44/02:20 [4:38:34/47:08]  Acc_iter 63500       Data time: 0.01(0.01)  Forward time: 0.25(0.25)  Batch time: 0.26(0.26)
2025-06-18 13:46:39,628   INFO  Train:   69/80 ( 86%) [ 445/928 ( 48%)]  Loss: 0.2438 (0.306)  LR: 4.066e-04  Time cost: 01:57/02:07 [4:38:47/46:52]  Acc_iter 63550       Data time: 0.01(0.01)  Forward time: 0.25(0.25)  Batch time: 0.26(0.26)
2025-06-18 13:46:52,717   INFO  Train:   69/80 ( 86%) [ 495/928 ( 53%)]  Loss: 0.2403 (0.306)  LR: 4.030e-04  Time cost: 02:10/01:53 [4:39:00/46:38]  Acc_iter 63600       Data time: 0.01(0.01)  Forward time: 0.25(0.25)  Batch time: 0.26(0.26)
2025-06-18 13:46:52,966   INFO  user                                   Wed Jun 18 13:46:52 2025  535.183.01
[0] NVIDIA GeForce RTX 4060 Laptop GPU | 62°C,  83 % |  6432 /  8188 MB | user(6414M) gdm(4M) user(4M)

2025-06-18 13:47:06,046   INFO  Train:   69/80 ( 86%) [ 545/928 ( 59%)]  Loss: 0.2247 (0.306)  LR: 3.994e-04  Time cost: 02:23/01:40 [4:39:14/46:28]  Acc_iter 63650       Data time: 0.01(0.01)  Forward time: 0.25(0.25)  Batch time: 0.26(0.26)
2025-06-18 13:47:19,096   INFO  Train:   69/80 ( 86%) [ 595/928 ( 64%)]  Loss: 0.3195 (0.305)  LR: 3.958e-04  Time cost: 02:36/01:27 [4:39:27/46:13]  Acc_iter 63700       Data time: 0.01(0.01)  Forward time: 0.25(0.25)  Batch time: 0.26(0.26)
2025-06-18 13:47:32,175   INFO  Train:   69/80 ( 86%) [ 645/928 ( 70%)]  Loss: 0.2711 (0.305)  LR: 3.922e-04  Time cost: 02:49/01:14 [4:39:40/45:59]  Acc_iter 63750       Data time: 0.01(0.01)  Forward time: 0.25(0.25)  Batch time: 0.26(0.26)
2025-06-18 13:47:32,377   INFO  user                                   Wed Jun 18 13:47:32 2025  535.183.01
[0] NVIDIA GeForce RTX 4060 Laptop GPU | 62°C,  97 % |  6432 /  8188 MB | user(6414M) gdm(4M) user(4M)

2025-06-18 13:47:45,438   INFO  Train:   69/80 ( 86%) [ 695/928 ( 75%)]  Loss: 0.3169 (0.304)  LR: 3.887e-04  Time cost: 03:03/01:01 [4:39:53/45:47]  Acc_iter 63800       Data time: 0.01(0.01)  Forward time: 0.25(0.25)  Batch time: 0.26(0.26)
2025-06-18 13:47:58,522   INFO  Train:   69/80 ( 86%) [ 745/928 ( 80%)]  Loss: 0.2890 (0.305)  LR: 3.851e-04  Time cost: 03:16/00:48 [4:40:06/45:33]  Acc_iter 63850       Data time: 0.01(0.01)  Forward time: 0.25(0.25)  Batch time: 0.26(0.26)
2025-06-18 13:48:11,622   INFO  Train:   69/80 ( 86%) [ 795/928 ( 86%)]  Loss: 0.3214 (0.305)  LR: 3.816e-04  Time cost: 03:29/00:34 [4:40:19/45:19]  Acc_iter 63900       Data time: 0.01(0.01)  Forward time: 0.25(0.25)  Batch time: 0.26(0.26)
2025-06-18 13:48:11,829   INFO  user                                   Wed Jun 18 13:48:11 2025  535.183.01
[0] NVIDIA GeForce RTX 4060 Laptop GPU | 62°C,  96 % |  6432 /  8188 MB | user(6414M) gdm(4M) user(4M)

2025-06-18 13:48:24,885   INFO  Train:   69/80 ( 86%) [ 845/928 ( 91%)]  Loss: 0.3139 (0.304)  LR: 3.781e-04  Time cost: 03:42/00:21 [4:40:33/45:07]  Acc_iter 63950       Data time: 0.01(0.01)  Forward time: 0.25(0.25)  Batch time: 0.26(0.26)
2025-06-18 13:48:37,934   INFO  Train:   69/80 ( 86%) [ 895/928 ( 96%)]  Loss: 0.3104 (0.304)  LR: 3.746e-04  Time cost: 03:55/00:08 [4:40:46/44:53]  Acc_iter 64000       Data time: 0.01(0.01)  Forward time: 0.25(0.25)  Batch time: 0.26(0.26)
2025-06-18 13:48:46,296   INFO  Train:   69/80 ( 86%) [ 927/928 (100%)]  Loss: 0.2953 (0.303)  LR: 3.723e-04  Time cost: 04:04/00:00 [4:40:54/44:44]  Acc_iter 64032       Data time: 0.01(0.01)  Forward time: 0.25(0.25)  Batch time: 0.26(0.26)
2025-06-18 13:48:46,888   INFO  Train:   70/80 ( 88%) [   0/928 (  0%)]  Loss: 0.2414 (0.241)  LR: 3.723e-04  Time cost: 00:00/06:40 [4:40:55/1:13:29]  Acc_iter 64033       Data time: 0.16(0.16)  Forward time: 0.26(0.26)  Batch time: 0.42(0.42)
2025-06-18 13:48:51,327   INFO  Train:   70/80 ( 88%) [  17/928 (  2%)]  Loss: 0.3026 (0.283)  LR: 3.711e-04  Time cost: 00:04/04:06 [4:40:59/45:57]  Acc_iter 64050       Data time: 0.01(0.02)  Forward time: 0.25(0.25)  Batch time: 0.26(0.27)
2025-06-18 13:48:51,530   INFO  user                                   Wed Jun 18 13:48:51 2025  535.183.01
[0] NVIDIA GeForce RTX 4060 Laptop GPU | 62°C,  97 % |  6432 /  8188 MB | user(6414M) gdm(4M) user(4M)

2025-06-18 13:49:04,592   INFO  Train:   70/80 ( 88%) [  67/928 (  7%)]  Loss: 0.2794 (0.290)  LR: 3.676e-04  Time cost: 00:18/03:49 [4:41:12/45:04]  Acc_iter 64100       Data time: 0.01(0.02)  Forward time: 0.25(0.25)  Batch time: 0.26(0.27)
2025-06-18 13:49:17,643   INFO  Train:   70/80 ( 88%) [ 117/928 ( 13%)]  Loss: 0.2497 (0.294)  LR: 3.641e-04  Time cost: 00:31/03:34 [4:41:25/44:26]  Acc_iter 64150       Data time: 0.01(0.02)  Forward time: 0.25(0.25)  Batch time: 0.26(0.26)
2025-06-18 13:49:30,715   INFO  Train:   70/80 ( 88%) [ 167/928 ( 18%)]  Loss: 0.2552 (0.298)  LR: 3.607e-04  Time cost: 00:44/03:20 [4:41:38/44:05]  Acc_iter 64200       Data time: 0.01(0.01)  Forward time: 0.25(0.25)  Batch time: 0.26(0.26)
2025-06-18 13:49:30,928   INFO  user                                   Wed Jun 18 13:49:30 2025  535.183.01
[0] NVIDIA GeForce RTX 4060 Laptop GPU | 62°C,  97 % |  6432 /  8188 MB | user(6414M) gdm(4M) user(4M)

2025-06-18 13:49:44,014   INFO  Train:   70/80 ( 88%) [ 217/928 ( 23%)]  Loss: 0.2746 (0.300)  LR: 3.573e-04  Time cost: 00:57/03:07 [4:41:52/43:57]  Acc_iter 64250       Data time: 0.01(0.01)  Forward time: 0.25(0.25)  Batch time: 0.26(0.26)
2025-06-18 13:49:57,080   INFO  Train:   70/80 ( 88%) [ 267/928 ( 29%)]  Loss: 0.3540 (0.300)  LR: 3.538e-04  Time cost: 01:10/02:54 [4:42:05/43:39]  Acc_iter 64300       Data time: 0.01(0.01)  Forward time: 0.25(0.25)  Batch time: 0.26(0.26)
2025-06-18 13:50:10,169   INFO  Train:   70/80 ( 88%) [ 317/928 ( 34%)]  Loss: 0.3104 (0.300)  LR: 3.504e-04  Time cost: 01:23/02:40 [4:42:18/43:23]  Acc_iter 64350       Data time: 0.01(0.01)  Forward time: 0.25(0.25)  Batch time: 0.26(0.26)
2025-06-18 13:50:10,433   INFO  user                                   Wed Jun 18 13:50:10 2025  535.183.01
[0] NVIDIA GeForce RTX 4060 Laptop GPU | 62°C,  41 % |  6432 /  8188 MB | user(6414M) gdm(4M) user(4M)

2025-06-18 13:50:23,509   INFO  Train:   70/80 ( 88%) [ 367/928 ( 40%)]  Loss: 0.3136 (0.300)  LR: 3.470e-04  Time cost: 01:37/02:27 [4:42:31/43:15]  Acc_iter 64400       Data time: 0.01(0.01)  Forward time: 0.25(0.25)  Batch time: 0.26(0.26)
2025-06-18 13:50:36,536   INFO  Train:   70/80 ( 88%) [ 417/928 ( 45%)]  Loss: 0.2438 (0.300)  LR: 3.437e-04  Time cost: 01:50/02:14 [4:42:44/42:58]  Acc_iter 64450       Data time: 0.01(0.01)  Forward time: 0.25(0.25)  Batch time: 0.26(0.26)
2025-06-18 13:50:49,648   INFO  Train:   70/80 ( 88%) [ 467/928 ( 50%)]  Loss: 0.2868 (0.301)  LR: 3.403e-04  Time cost: 02:03/02:01 [4:42:57/42:44]  Acc_iter 64500       Data time: 0.01(0.01)  Forward time: 0.25(0.25)  Batch time: 0.26(0.26)
2025-06-18 13:50:49,911   INFO  user                                   Wed Jun 18 13:50:49 2025  535.183.01
[0] NVIDIA GeForce RTX 4060 Laptop GPU | 62°C,  86 % |  6432 /  8188 MB | user(6414M) gdm(4M) user(4M)

2025-06-18 13:51:02,994   INFO  Train:   70/80 ( 88%) [ 517/928 ( 56%)]  Loss: 0.2618 (0.300)  LR: 3.370e-04  Time cost: 02:16/01:48 [4:43:11/42:34]  Acc_iter 64550       Data time: 0.01(0.01)  Forward time: 0.25(0.25)  Batch time: 0.26(0.26)
2025-06-18 13:51:16,064   INFO  Train:   70/80 ( 88%) [ 567/928 ( 61%)]  Loss: 0.2448 (0.301)  LR: 3.336e-04  Time cost: 02:29/01:35 [4:43:24/42:19]  Acc_iter 64600       Data time: 0.01(0.01)  Forward time: 0.25(0.25)  Batch time: 0.26(0.26)
2025-06-18 13:51:29,127   INFO  Train:   70/80 ( 88%) [ 617/928 ( 66%)]  Loss: 0.3247 (0.301)  LR: 3.303e-04  Time cost: 02:42/01:21 [4:43:37/42:04]  Acc_iter 64650       Data time: 0.01(0.01)  Forward time: 0.25(0.25)  Batch time: 0.26(0.26)
2025-06-18 13:51:29,361   INFO  user                                   Wed Jun 18 13:51:29 2025  535.183.01
[0] NVIDIA GeForce RTX 4060 Laptop GPU | 62°C,  95 % |  6432 /  8188 MB | user(6414M) gdm(4M) user(4M)

2025-06-18 13:51:42,458   INFO  Train:   70/80 ( 88%) [ 667/928 ( 72%)]  Loss: 0.2420 (0.301)  LR: 3.270e-04  Time cost: 02:56/01:08 [4:43:50/41:53]  Acc_iter 64700       Data time: 0.01(0.01)  Forward time: 0.25(0.25)  Batch time: 0.26(0.26)
2025-06-18 13:51:55,521   INFO  Train:   70/80 ( 88%) [ 717/928 ( 77%)]  Loss: 0.2923 (0.300)  LR: 3.237e-04  Time cost: 03:09/00:55 [4:44:03/41:39]  Acc_iter 64750       Data time: 0.01(0.01)  Forward time: 0.25(0.25)  Batch time: 0.26(0.26)
2025-06-18 13:52:08,584   INFO  Train:   70/80 ( 88%) [ 767/928 ( 83%)]  Loss: 0.2551 (0.300)  LR: 3.204e-04  Time cost: 03:22/00:42 [4:44:16/41:24]  Acc_iter 64800       Data time: 0.01(0.01)  Forward time: 0.25(0.25)  Batch time: 0.27(0.26)
2025-06-18 13:52:08,828   INFO  user                                   Wed Jun 18 13:52:08 2025  535.183.01
[0] NVIDIA GeForce RTX 4060 Laptop GPU | 62°C,  68 % |  6432 /  8188 MB | user(6414M) gdm(4M) user(4M)

2025-06-18 13:52:21,921   INFO  Train:   70/80 ( 88%) [ 817/928 ( 88%)]  Loss: 0.3095 (0.300)  LR: 3.172e-04  Time cost: 03:35/00:29 [4:44:30/41:13]  Acc_iter 64850       Data time: 0.01(0.01)  Forward time: 0.25(0.25)  Batch time: 0.26(0.26)
2025-06-18 13:52:35,043   INFO  Train:   70/80 ( 88%) [ 867/928 ( 93%)]  Loss: 0.2765 (0.300)  LR: 3.139e-04  Time cost: 03:48/00:16 [4:44:43/40:59]  Acc_iter 64900       Data time: 0.01(0.01)  Forward time: 0.25(0.25)  Batch time: 0.26(0.26)
2025-06-18 13:52:48,132   INFO  Train:   70/80 ( 88%) [ 917/928 ( 99%)]  Loss: 0.3434 (0.300)  LR: 3.107e-04  Time cost: 04:01/00:02 [4:44:56/40:45]  Acc_iter 64950       Data time: 0.01(0.01)  Forward time: 0.25(0.25)  Batch time: 0.26(0.26)
2025-06-18 13:52:48,377   INFO  user                                   Wed Jun 18 13:52:48 2025  535.183.01
[0] NVIDIA GeForce RTX 4060 Laptop GPU | 62°C,  47 % |  6432 /  8188 MB | user(6414M) gdm(4M) user(4M)

2025-06-18 13:52:50,982   INFO  Train:   70/80 ( 88%) [ 927/928 (100%)]  Loss: 0.2820 (0.300)  LR: 3.101e-04  Time cost: 04:04/00:00 [4:44:59/40:45]  Acc_iter 64960       Data time: 0.01(0.01)  Forward time: 0.25(0.25)  Batch time: 0.26(0.26)
2025-06-18 13:52:51,564   INFO  Train:   71/80 ( 89%) [   0/928 (  0%)]  Loss: 0.2944 (0.294)  LR: 3.100e-04  Time cost: 00:00/06:56 [4:44:59/1:09:27]  Acc_iter 64961       Data time: 0.17(0.17)  Forward time: 0.26(0.26)  Batch time: 0.44(0.44)
2025-06-18 13:53:01,732   INFO  Train:   71/80 ( 89%) [  39/928 (  4%)]  Loss: 0.2461 (0.303)  LR: 3.075e-04  Time cost: 00:10/03:55 [4:45:09/40:52]  Acc_iter 65000       Data time: 0.01(0.02)  Forward time: 0.25(0.25)  Batch time: 0.26(0.27)
2025-06-18 13:53:14,790   INFO  Train:   71/80 ( 89%) [  89/928 ( 10%)]  Loss: 0.2720 (0.304)  LR: 3.043e-04  Time cost: 00:23/03:40 [4:45:23/40:17]  Acc_iter 65050       Data time: 0.01(0.01)  Forward time: 0.25(0.25)  Batch time: 0.26(0.26)
2025-06-18 13:53:27,865   INFO  Train:   71/80 ( 89%) [ 139/928 ( 15%)]  Loss: 0.3904 (0.301)  LR: 3.011e-04  Time cost: 00:36/03:27 [4:45:36/39:59]  Acc_iter 65100       Data time: 0.01(0.01)  Forward time: 0.25(0.25)  Batch time: 0.26(0.26)
2025-06-18 13:53:28,064   INFO  user                                   Wed Jun 18 13:53:28 2025  535.183.01
[0] NVIDIA GeForce RTX 4060 Laptop GPU | 62°C,  97 % |  6432 /  8188 MB | user(6414M) gdm(4M) user(4M)

2025-06-18 13:53:41,123   INFO  Train:   71/80 ( 89%) [ 189/928 ( 20%)]  Loss: 0.3030 (0.302)  LR: 2.979e-04  Time cost: 00:50/03:14 [4:45:49/39:52]  Acc_iter 65150       Data time: 0.01(0.01)  Forward time: 0.25(0.25)  Batch time: 0.26(0.26)
2025-06-18 13:53:54,166   INFO  Train:   71/80 ( 89%) [ 239/928 ( 26%)]  Loss: 0.2597 (0.302)  LR: 2.948e-04  Time cost: 01:03/03:01 [4:46:02/39:35]  Acc_iter 65200       Data time: 0.01(0.01)  Forward time: 0.25(0.25)  Batch time: 0.26(0.26)
2025-06-18 13:54:07,255   INFO  Train:   71/80 ( 89%) [ 289/928 ( 31%)]  Loss: 0.2925 (0.301)  LR: 2.916e-04  Time cost: 01:16/02:47 [4:46:15/39:20]  Acc_iter 65250       Data time: 0.01(0.01)  Forward time: 0.25(0.25)  Batch time: 0.26(0.26)
2025-06-18 13:54:07,455   INFO  user                                   Wed Jun 18 13:54:07 2025  535.183.01
[0] NVIDIA GeForce RTX 4060 Laptop GPU | 62°C,  97 % |  6432 /  8188 MB | user(6414M) gdm(4M) user(4M)

2025-06-18 13:54:20,521   INFO  Train:   71/80 ( 89%) [ 339/928 ( 37%)]  Loss: 0.3376 (0.301)  LR: 2.885e-04  Time cost: 01:29/02:34 [4:46:28/39:11]  Acc_iter 65300       Data time: 0.01(0.01)  Forward time: 0.25(0.25)  Batch time: 0.26(0.26)
2025-06-18 13:54:33,593   INFO  Train:   71/80 ( 89%) [ 389/928 ( 42%)]  Loss: 0.2919 (0.301)  LR: 2.854e-04  Time cost: 01:42/02:21 [4:46:41/38:56]  Acc_iter 65350       Data time: 0.01(0.01)  Forward time: 0.25(0.25)  Batch time: 0.26(0.26)
2025-06-18 13:54:46,685   INFO  Train:   71/80 ( 89%) [ 439/928 ( 47%)]  Loss: 0.2716 (0.302)  LR: 2.823e-04  Time cost: 01:55/02:08 [4:46:54/38:42]  Acc_iter 65400       Data time: 0.01(0.01)  Forward time: 0.25(0.25)  Batch time: 0.26(0.26)
2025-06-18 13:54:46,954   INFO  user                                   Wed Jun 18 13:54:46 2025  535.183.01
[0] NVIDIA GeForce RTX 4060 Laptop GPU | 62°C,  44 % |  6432 /  8188 MB | user(6414M) gdm(4M) user(4M)

2025-06-18 13:55:00,040   INFO  Train:   71/80 ( 89%) [ 489/928 ( 53%)]  Loss: 0.2815 (0.301)  LR: 2.792e-04  Time cost: 02:08/01:55 [4:47:08/38:33]  Acc_iter 65450       Data time: 0.01(0.01)  Forward time: 0.25(0.25)  Batch time: 0.26(0.26)
2025-06-18 13:55:13,132   INFO  Train:   71/80 ( 89%) [ 539/928 ( 58%)]  Loss: 0.2809 (0.301)  LR: 2.762e-04  Time cost: 02:22/01:42 [4:47:21/38:18]  Acc_iter 65500       Data time: 0.01(0.01)  Forward time: 0.25(0.25)  Batch time: 0.26(0.26)
2025-06-18 13:55:26,181   INFO  Train:   71/80 ( 89%) [ 589/928 ( 63%)]  Loss: 0.3154 (0.300)  LR: 2.731e-04  Time cost: 02:35/01:29 [4:47:34/38:04]  Acc_iter 65550       Data time: 0.01(0.01)  Forward time: 0.25(0.25)  Batch time: 0.26(0.26)
2025-06-18 13:55:26,429   INFO  user                                   Wed Jun 18 13:55:26 2025  535.183.01
[0] NVIDIA GeForce RTX 4060 Laptop GPU | 62°C,  95 % |  6432 /  8188 MB | user(6414M) gdm(4M) user(4M)

2025-06-18 13:55:39,517   INFO  Train:   71/80 ( 89%) [ 639/928 ( 69%)]  Loss: 0.2934 (0.300)  LR: 2.701e-04  Time cost: 02:48/01:16 [4:47:47/37:53]  Acc_iter 65600       Data time: 0.01(0.01)  Forward time: 0.25(0.25)  Batch time: 0.26(0.26)
2025-06-18 13:55:52,564   INFO  Train:   71/80 ( 89%) [ 689/928 ( 74%)]  Loss: 0.2850 (0.300)  LR: 2.670e-04  Time cost: 03:01/01:02 [4:48:00/37:39]  Acc_iter 65650       Data time: 0.01(0.01)  Forward time: 0.25(0.25)  Batch time: 0.26(0.26)
2025-06-18 13:56:05,658   INFO  Train:   71/80 ( 89%) [ 739/928 ( 80%)]  Loss: 0.3760 (0.299)  LR: 2.640e-04  Time cost: 03:14/00:49 [4:48:13/37:25]  Acc_iter 65700       Data time: 0.02(0.01)  Forward time: 0.25(0.25)  Batch time: 0.26(0.26)
2025-06-18 13:56:05,859   INFO  user                                   Wed Jun 18 13:56:05 2025  535.183.01
[0] NVIDIA GeForce RTX 4060 Laptop GPU | 62°C,  95 % |  6432 /  8188 MB | user(6414M) gdm(4M) user(4M)

2025-06-18 13:56:18,912   INFO  Train:   71/80 ( 89%) [ 789/928 ( 85%)]  Loss: 0.2495 (0.299)  LR: 2.611e-04  Time cost: 03:27/00:36 [4:48:27/37:13]  Acc_iter 65750       Data time: 0.01(0.01)  Forward time: 0.25(0.25)  Batch time: 0.26(0.26)
2025-06-18 13:56:32,002   INFO  Train:   71/80 ( 89%) [ 839/928 ( 90%)]  Loss: 0.3274 (0.299)  LR: 2.581e-04  Time cost: 03:40/00:23 [4:48:40/36:59]  Acc_iter 65800       Data time: 0.01(0.01)  Forward time: 0.25(0.25)  Batch time: 0.26(0.26)
2025-06-18 13:56:45,124   INFO  Train:   71/80 ( 89%) [ 889/928 ( 96%)]  Loss: 0.2744 (0.299)  LR: 2.551e-04  Time cost: 03:54/00:10 [4:48:53/36:46]  Acc_iter 65850       Data time: 0.01(0.01)  Forward time: 0.25(0.25)  Batch time: 0.27(0.26)
2025-06-18 13:56:45,341   INFO  user                                   Wed Jun 18 13:56:45 2025  535.183.01
[0] NVIDIA GeForce RTX 4060 Laptop GPU | 62°C,  80 % |  6432 /  8188 MB | user(6414M) gdm(4M) user(4M)

2025-06-18 13:56:55,287   INFO  Train:   71/80 ( 89%) [ 927/928 (100%)]  Loss: 0.3377 (0.299)  LR: 2.529e-04  Time cost: 04:04/00:00 [4:49:03/36:37]  Acc_iter 65888       Data time: 0.01(0.01)  Forward time: 0.25(0.25)  Batch time: 0.26(0.26)
2025-06-18 13:56:55,933   INFO  Train:   72/80 ( 90%) [   0/928 (  0%)]  Loss: 0.2640 (0.264)  LR: 2.528e-04  Time cost: 00:00/07:55 [4:49:04/1:11:16]  Acc_iter 65889       Data time: 0.24(0.24)  Forward time: 0.26(0.26)  Batch time: 0.50(0.50)
2025-06-18 13:56:58,804   INFO  Train:   72/80 ( 90%) [  11/928 (  1%)]  Loss: 0.3036 (0.298)  LR: 2.522e-04  Time cost: 00:03/04:18 [4:49:07/39:11]  Acc_iter 65900       Data time: 0.01(0.03)  Forward time: 0.25(0.25)  Batch time: 0.26(0.28)
2025-06-18 13:57:11,860   INFO  Train:   72/80 ( 90%) [  61/928 (  7%)]  Loss: 0.3532 (0.297)  LR: 2.492e-04  Time cost: 00:16/03:49 [4:49:20/36:38]  Acc_iter 65950       Data time: 0.01(0.02)  Forward time: 0.25(0.25)  Batch time: 0.26(0.26)
2025-06-18 13:57:24,920   INFO  Train:   72/80 ( 90%) [ 111/928 ( 12%)]  Loss: 0.2772 (0.301)  LR: 2.463e-04  Time cost: 00:29/03:35 [4:49:33/36:10]  Acc_iter 66000       Data time: 0.01(0.01)  Forward time: 0.25(0.25)  Batch time: 0.26(0.26)
2025-06-18 13:57:25,118   INFO  user                                   Wed Jun 18 13:57:25 2025  535.183.01
[0] NVIDIA GeForce RTX 4060 Laptop GPU | 62°C,  82 % |  6432 /  8188 MB | user(6414M) gdm(4M) user(4M)

2025-06-18 13:57:38,174   INFO  Train:   72/80 ( 90%) [ 161/928 ( 17%)]  Loss: 0.3211 (0.301)  LR: 2.434e-04  Time cost: 00:42/03:22 [4:49:46/36:01]  Acc_iter 66050       Data time: 0.01(0.01)  Forward time: 0.25(0.25)  Batch time: 0.26(0.26)
2025-06-18 13:57:51,286   INFO  Train:   72/80 ( 90%) [ 211/928 ( 23%)]  Loss: 0.2603 (0.299)  LR: 2.406e-04  Time cost: 00:55/03:08 [4:49:59/35:45]  Acc_iter 66100       Data time: 0.01(0.01)  Forward time: 0.25(0.25)  Batch time: 0.26(0.26)
2025-06-18 13:58:04,343   INFO  Train:   72/80 ( 90%) [ 261/928 ( 28%)]  Loss: 0.2531 (0.297)  LR: 2.377e-04  Time cost: 01:08/02:55 [4:50:12/35:28]  Acc_iter 66150       Data time: 0.01(0.01)  Forward time: 0.25(0.25)  Batch time: 0.26(0.26)
2025-06-18 13:58:04,542   INFO  user                                   Wed Jun 18 13:58:04 2025  535.183.01
[0] NVIDIA GeForce RTX 4060 Laptop GPU | 62°C,  94 % |  6432 /  8188 MB | user(6414M) gdm(4M) user(4M)

2025-06-18 13:58:17,613   INFO  Train:   72/80 ( 90%) [ 311/928 ( 34%)]  Loss: 0.3371 (0.296)  LR: 2.348e-04  Time cost: 01:22/02:42 [4:50:25/35:18]  Acc_iter 66200       Data time: 0.01(0.01)  Forward time: 0.25(0.25)  Batch time: 0.26(0.26)
2025-06-18 13:58:30,683   INFO  Train:   72/80 ( 90%) [ 361/928 ( 39%)]  Loss: 0.2911 (0.296)  LR: 2.320e-04  Time cost: 01:35/02:29 [4:50:38/35:02]  Acc_iter 66250       Data time: 0.01(0.01)  Forward time: 0.25(0.25)  Batch time: 0.26(0.26)
2025-06-18 13:58:43,783   INFO  Train:   72/80 ( 90%) [ 411/928 ( 44%)]  Loss: 0.3275 (0.296)  LR: 2.292e-04  Time cost: 01:48/02:15 [4:50:52/34:48]  Acc_iter 66300       Data time: 0.01(0.01)  Forward time: 0.25(0.25)  Batch time: 0.27(0.26)
2025-06-18 13:58:44,033   INFO  user                                   Wed Jun 18 13:58:44 2025  535.183.01
[0] NVIDIA GeForce RTX 4060 Laptop GPU | 62°C,  94 % |  6432 /  8188 MB | user(6414M) gdm(4M) user(4M)

2025-06-18 13:58:57,128   INFO  Train:   72/80 ( 90%) [ 461/928 ( 50%)]  Loss: 0.2986 (0.296)  LR: 2.264e-04  Time cost: 02:01/02:03 [4:51:05/34:38]  Acc_iter 66350       Data time: 0.01(0.01)  Forward time: 0.25(0.25)  Batch time: 0.26(0.26)
2025-06-18 13:59:10,219   INFO  Train:   72/80 ( 90%) [ 511/928 ( 55%)]  Loss: 0.3116 (0.296)  LR: 2.236e-04  Time cost: 02:14/01:49 [4:51:18/34:24]  Acc_iter 66400       Data time: 0.01(0.01)  Forward time: 0.25(0.25)  Batch time: 0.26(0.26)
2025-06-18 13:59:23,236   INFO  Train:   72/80 ( 90%) [ 561/928 ( 60%)]  Loss: 0.2245 (0.296)  LR: 2.208e-04  Time cost: 02:27/01:36 [4:51:31/34:09]  Acc_iter 66450       Data time: 0.01(0.01)  Forward time: 0.25(0.25)  Batch time: 0.26(0.26)
2025-06-18 13:59:23,486   INFO  user                                   Wed Jun 18 13:59:23 2025  535.183.01
[0] NVIDIA GeForce RTX 4060 Laptop GPU | 62°C,  53 % |  6432 /  8188 MB | user(6414M) gdm(4M) user(4M)

2025-06-18 13:59:36,547   INFO  Train:   72/80 ( 90%) [ 611/928 ( 66%)]  Loss: 0.2607 (0.297)  LR: 2.181e-04  Time cost: 02:41/01:23 [4:51:44/33:58]  Acc_iter 66500       Data time: 0.01(0.01)  Forward time: 0.25(0.25)  Batch time: 0.26(0.26)
2025-06-18 13:59:49,610   INFO  Train:   72/80 ( 90%) [ 661/928 ( 71%)]  Loss: 0.2574 (0.296)  LR: 2.153e-04  Time cost: 02:54/01:10 [4:51:57/33:43]  Acc_iter 66550       Data time: 0.01(0.01)  Forward time: 0.25(0.25)  Batch time: 0.26(0.26)
2025-06-18 14:00:02,639   INFO  Train:   72/80 ( 90%) [ 711/928 ( 77%)]  Loss: 0.2681 (0.296)  LR: 2.126e-04  Time cost: 03:07/00:57 [4:52:10/33:29]  Acc_iter 66600       Data time: 0.01(0.01)  Forward time: 0.25(0.25)  Batch time: 0.26(0.26)
2025-06-18 14:00:02,849   INFO  user                                   Wed Jun 18 14:00:02 2025  535.183.01
[0] NVIDIA GeForce RTX 4060 Laptop GPU | 62°C,  59 % |  6432 /  8188 MB | user(6414M) gdm(4M) user(4M)

2025-06-18 14:00:15,969   INFO  Train:   72/80 ( 90%) [ 761/928 ( 82%)]  Loss: 0.3122 (0.296)  LR: 2.099e-04  Time cost: 03:20/00:43 [4:52:24/33:17]  Acc_iter 66650       Data time: 0.01(0.01)  Forward time: 0.25(0.25)  Batch time: 0.26(0.26)
2025-06-18 14:00:29,097   INFO  Train:   72/80 ( 90%) [ 811/928 ( 87%)]  Loss: 0.3087 (0.296)  LR: 2.072e-04  Time cost: 03:33/00:30 [4:52:37/33:04]  Acc_iter 66700       Data time: 0.01(0.01)  Forward time: 0.26(0.25)  Batch time: 0.27(0.26)
2025-06-18 14:00:42,180   INFO  Train:   72/80 ( 90%) [ 861/928 ( 93%)]  Loss: 0.3454 (0.296)  LR: 2.045e-04  Time cost: 03:46/00:17 [4:52:50/32:50]  Acc_iter 66750       Data time: 0.01(0.01)  Forward time: 0.25(0.25)  Batch time: 0.26(0.26)
2025-06-18 14:00:42,384   INFO  user                                   Wed Jun 18 14:00:42 2025  535.183.01
[0] NVIDIA GeForce RTX 4060 Laptop GPU | 62°C,  96 % |  6432 /  8188 MB | user(6414M) gdm(4M) user(4M)

2025-06-18 14:00:55,462   INFO  Train:   72/80 ( 90%) [ 911/928 ( 98%)]  Loss: 0.2876 (0.296)  LR: 2.019e-04  Time cost: 04:00/00:04 [4:53:03/32:38]  Acc_iter 66800       Data time: 0.01(0.01)  Forward time: 0.25(0.25)  Batch time: 0.26(0.26)
2025-06-18 14:00:59,641   INFO  Train:   72/80 ( 90%) [ 927/928 (100%)]  Loss: 0.2975 (0.296)  LR: 2.010e-04  Time cost: 04:04/00:00 [4:53:07/32:34]  Acc_iter 66816       Data time: 0.01(0.01)  Forward time: 0.25(0.25)  Batch time: 0.26(0.26)
2025-06-18 14:01:00,203   INFO  Train:   73/80 ( 91%) [   0/928 (  0%)]  Loss: 0.2907 (0.291)  LR: 2.010e-04  Time cost: 00:00/06:37 [4:53:08/53:01]  Acc_iter 66817       Data time: 0.15(0.15)  Forward time: 0.27(0.27)  Batch time: 0.41(0.41)
2025-06-18 14:01:08,857   INFO  Train:   73/80 ( 91%) [  33/928 (  4%)]  Loss: 0.3163 (0.285)  LR: 1.992e-04  Time cost: 00:09/03:59 [4:53:17/32:54]  Acc_iter 66850       Data time: 0.01(0.02)  Forward time: 0.25(0.25)  Batch time: 0.26(0.27)
2025-06-18 14:01:21,941   INFO  Train:   73/80 ( 91%) [  83/928 (  9%)]  Loss: 0.2883 (0.289)  LR: 1.966e-04  Time cost: 00:22/03:42 [4:53:30/32:17]  Acc_iter 66900       Data time: 0.01(0.01)  Forward time: 0.25(0.25)  Batch time: 0.26(0.26)
2025-06-18 14:01:22,199   INFO  user                                   Wed Jun 18 14:01:22 2025  535.183.01
[0] NVIDIA GeForce RTX 4060 Laptop GPU | 62°C,  97 % |  6432 /  8188 MB | user(6414M) gdm(4M) user(4M)

2025-06-18 14:01:35,287   INFO  Train:   73/80 ( 91%) [ 133/928 ( 14%)]  Loss: 0.2804 (0.293)  LR: 1.940e-04  Time cost: 00:35/03:30 [4:53:43/32:12]  Acc_iter 66950       Data time: 0.01(0.02)  Forward time: 0.25(0.25)  Batch time: 0.26(0.26)
2025-06-18 14:01:48,375   INFO  Train:   73/80 ( 91%) [ 183/928 ( 20%)]  Loss: 0.2287 (0.296)  LR: 1.914e-04  Time cost: 00:48/03:16 [4:53:56/31:52]  Acc_iter 67000       Data time: 0.01(0.01)  Forward time: 0.25(0.25)  Batch time: 0.26(0.26)
2025-06-18 14:02:01,453   INFO  Train:   73/80 ( 91%) [ 233/928 ( 25%)]  Loss: 0.2396 (0.296)  LR: 1.888e-04  Time cost: 01:01/03:03 [4:54:09/31:35]  Acc_iter 67050       Data time: 0.01(0.01)  Forward time: 0.25(0.25)  Batch time: 0.26(0.26)
2025-06-18 14:02:01,677   INFO  user                                   Wed Jun 18 14:02:01 2025  535.183.01
[0] NVIDIA GeForce RTX 4060 Laptop GPU | 62°C,  81 % |  6432 /  8188 MB | user(6414M) gdm(4M) user(4M)

2025-06-18 14:02:14,741   INFO  Train:   73/80 ( 91%) [ 283/928 ( 30%)]  Loss: 0.2884 (0.296)  LR: 1.863e-04  Time cost: 01:14/02:50 [4:54:22/31:24]  Acc_iter 67100       Data time: 0.01(0.01)  Forward time: 0.25(0.25)  Batch time: 0.26(0.26)
2025-06-18 14:02:27,822   INFO  Train:   73/80 ( 91%) [ 333/928 ( 36%)]  Loss: 0.3198 (0.295)  LR: 1.837e-04  Time cost: 01:28/02:36 [4:54:36/31:09]  Acc_iter 67150       Data time: 0.01(0.01)  Forward time: 0.25(0.25)  Batch time: 0.26(0.26)
2025-06-18 14:02:40,916   INFO  Train:   73/80 ( 91%) [ 383/928 ( 41%)]  Loss: 0.3030 (0.295)  LR: 1.812e-04  Time cost: 01:41/02:23 [4:54:49/30:54]  Acc_iter 67200       Data time: 0.01(0.01)  Forward time: 0.25(0.25)  Batch time: 0.26(0.26)
2025-06-18 14:02:41,122   INFO  user                                   Wed Jun 18 14:02:41 2025  535.183.01
[0] NVIDIA GeForce RTX 4060 Laptop GPU | 63°C,  97 % |  6432 /  8188 MB | user(6414M) gdm(4M) user(4M)

2025-06-18 14:02:54,211   INFO  Train:   73/80 ( 91%) [ 433/928 ( 47%)]  Loss: 0.2485 (0.294)  LR: 1.787e-04  Time cost: 01:54/02:10 [4:55:02/30:43]  Acc_iter 67250       Data time: 0.01(0.01)  Forward time: 0.25(0.25)  Batch time: 0.27(0.26)
2025-06-18 14:03:07,289   INFO  Train:   73/80 ( 91%) [ 483/928 ( 52%)]  Loss: 0.3297 (0.294)  LR: 1.762e-04  Time cost: 02:07/01:57 [4:55:15/30:28]  Acc_iter 67300       Data time: 0.01(0.01)  Forward time: 0.25(0.25)  Batch time: 0.26(0.26)
2025-06-18 14:03:20,300   INFO  Train:   73/80 ( 91%) [ 533/928 ( 57%)]  Loss: 0.2899 (0.295)  LR: 1.737e-04  Time cost: 02:20/01:43 [4:55:28/30:13]  Acc_iter 67350       Data time: 0.01(0.01)  Forward time: 0.25(0.25)  Batch time: 0.26(0.26)
2025-06-18 14:03:20,509   INFO  user                                   Wed Jun 18 14:03:20 2025  535.183.01
[0] NVIDIA GeForce RTX 4060 Laptop GPU | 62°C,  97 % |  6432 /  8188 MB | user(6414M) gdm(4M) user(4M)

2025-06-18 14:03:33,646   INFO  Train:   73/80 ( 91%) [ 583/928 ( 63%)]  Loss: 0.3176 (0.294)  LR: 1.713e-04  Time cost: 02:33/01:30 [4:55:41/30:02]  Acc_iter 67400       Data time: 0.01(0.01)  Forward time: 0.25(0.25)  Batch time: 0.26(0.26)
2025-06-18 14:03:46,723   INFO  Train:   73/80 ( 91%) [ 633/928 ( 68%)]  Loss: 0.2324 (0.293)  LR: 1.688e-04  Time cost: 02:46/01:17 [4:55:54/29:48]  Acc_iter 67450       Data time: 0.01(0.01)  Forward time: 0.25(0.25)  Batch time: 0.26(0.26)
2025-06-18 14:03:59,807   INFO  Train:   73/80 ( 91%) [ 683/928 ( 74%)]  Loss: 0.3502 (0.293)  LR: 1.664e-04  Time cost: 03:00/01:04 [4:56:08/29:34]  Acc_iter 67500       Data time: 0.01(0.01)  Forward time: 0.25(0.25)  Batch time: 0.26(0.26)
2025-06-18 14:04:00,051   INFO  user                                   Wed Jun 18 14:04:00 2025  535.183.01
[0] NVIDIA GeForce RTX 4060 Laptop GPU | 62°C,  73 % |  6432 /  8188 MB | user(6414M) gdm(4M) user(4M)

2025-06-18 14:04:13,107   INFO  Train:   73/80 ( 91%) [ 733/928 ( 79%)]  Loss: 0.3122 (0.293)  LR: 1.640e-04  Time cost: 03:13/00:51 [4:56:21/29:22]  Acc_iter 67550       Data time: 0.01(0.01)  Forward time: 0.25(0.25)  Batch time: 0.26(0.26)
2025-06-18 14:04:26,148   INFO  Train:   73/80 ( 91%) [ 783/928 ( 84%)]  Loss: 0.3520 (0.293)  LR: 1.616e-04  Time cost: 03:26/00:38 [4:56:34/29:08]  Acc_iter 67600       Data time: 0.01(0.01)  Forward time: 0.25(0.25)  Batch time: 0.26(0.26)
2025-06-18 14:04:39,201   INFO  Train:   73/80 ( 91%) [ 833/928 ( 90%)]  Loss: 0.3127 (0.293)  LR: 1.592e-04  Time cost: 03:39/00:24 [4:56:47/28:54]  Acc_iter 67650       Data time: 0.01(0.01)  Forward time: 0.25(0.25)  Batch time: 0.26(0.26)
2025-06-18 14:04:39,448   INFO  user                                   Wed Jun 18 14:04:39 2025  535.183.01
[0] NVIDIA GeForce RTX 4060 Laptop GPU | 62°C,  75 % |  6432 /  8188 MB | user(6414M) gdm(4M) user(4M)

2025-06-18 14:04:52,536   INFO  Train:   73/80 ( 91%) [ 883/928 ( 95%)]  Loss: 0.2736 (0.293)  LR: 1.568e-04  Time cost: 03:52/00:11 [4:57:00/28:42]  Acc_iter 67700       Data time: 0.01(0.01)  Forward time: 0.25(0.25)  Batch time: 0.26(0.26)
2025-06-18 14:05:04,039   INFO  Train:   73/80 ( 91%) [ 927/928 (100%)]  Loss: 0.2403 (0.293)  LR: 1.548e-04  Time cost: 04:04/00:00 [4:57:12/28:30]  Acc_iter 67744       Data time: 0.01(0.01)  Forward time: 0.25(0.25)  Batch time: 0.26(0.26)
2025-06-18 14:05:04,676   INFO  Train:   74/80 ( 92%) [   0/928 (  0%)]  Loss: 0.2552 (0.255)  LR: 1.547e-04  Time cost: 00:00/07:46 [4:57:12/54:27]  Acc_iter 67745       Data time: 0.20(0.20)  Forward time: 0.29(0.29)  Batch time: 0.50(0.50)
2025-06-18 14:05:06,010   INFO  Train:   74/80 ( 92%) [   5/928 (  1%)]  Loss: 0.2082 (0.287)  LR: 1.545e-04  Time cost: 00:01/04:42 [4:57:14/33:07]  Acc_iter 67750       Data time: 0.01(0.04)  Forward time: 0.25(0.26)  Batch time: 0.26(0.30)
2025-06-18 14:05:19,109   INFO  Train:   74/80 ( 92%) [  55/928 (  6%)]  Loss: 0.2984 (0.288)  LR: 1.522e-04  Time cost: 00:14/03:52 [4:57:27/28:37]  Acc_iter 67800       Data time: 0.01(0.02)  Forward time: 0.25(0.25)  Batch time: 0.26(0.27)
2025-06-18 14:05:19,306   INFO  user                                   Wed Jun 18 14:05:19 2025  535.183.01
[0] NVIDIA GeForce RTX 4060 Laptop GPU | 62°C,  96 % |  6432 /  8188 MB | user(6414M) gdm(4M) user(4M)

2025-06-18 14:05:32,381   INFO  Train:   74/80 ( 92%) [ 105/928 ( 11%)]  Loss: 0.2631 (0.286)  LR: 1.498e-04  Time cost: 00:28/03:39 [4:57:40/28:20]  Acc_iter 67850       Data time: 0.01(0.02)  Forward time: 0.25(0.25)  Batch time: 0.26(0.27)
2025-06-18 14:05:45,445   INFO  Train:   74/80 ( 92%) [ 155/928 ( 17%)]  Loss: 0.3367 (0.286)  LR: 1.475e-04  Time cost: 00:41/03:24 [4:57:53/27:57]  Acc_iter 67900       Data time: 0.01(0.01)  Forward time: 0.25(0.25)  Batch time: 0.26(0.26)
2025-06-18 14:05:58,477   INFO  Train:   74/80 ( 92%) [ 205/928 ( 22%)]  Loss: 0.2458 (0.287)  LR: 1.453e-04  Time cost: 00:54/03:10 [4:58:06/27:38]  Acc_iter 67950       Data time: 0.01(0.01)  Forward time: 0.25(0.25)  Batch time: 0.26(0.26)
2025-06-18 14:05:58,699   INFO  user                                   Wed Jun 18 14:05:58 2025  535.183.01
[0] NVIDIA GeForce RTX 4060 Laptop GPU | 62°C,  97 % |  6432 /  8188 MB | user(6414M) gdm(4M) user(4M)

2025-06-18 14:06:11,772   INFO  Train:   74/80 ( 92%) [ 255/928 ( 27%)]  Loss: 0.2661 (0.288)  LR: 1.430e-04  Time cost: 01:07/02:57 [4:58:20/27:27]  Acc_iter 68000       Data time: 0.01(0.01)  Forward time: 0.25(0.25)  Batch time: 0.26(0.26)
2025-06-18 14:06:24,838   INFO  Train:   74/80 ( 92%) [ 305/928 ( 33%)]  Loss: 0.2764 (0.289)  LR: 1.408e-04  Time cost: 01:20/02:44 [4:58:33/27:12]  Acc_iter 68050       Data time: 0.01(0.01)  Forward time: 0.25(0.25)  Batch time: 0.26(0.26)
2025-06-18 14:06:37,894   INFO  Train:   74/80 ( 92%) [ 355/928 ( 38%)]  Loss: 0.2425 (0.290)  LR: 1.385e-04  Time cost: 01:33/02:30 [4:58:46/26:56]  Acc_iter 68100       Data time: 0.01(0.01)  Forward time: 0.25(0.25)  Batch time: 0.26(0.26)
2025-06-18 14:06:38,117   INFO  user                                   Wed Jun 18 14:06:38 2025  535.183.01
[0] NVIDIA GeForce RTX 4060 Laptop GPU | 62°C,  95 % |  6432 /  8188 MB | user(6414M) gdm(4M) user(4M)

2025-06-18 14:06:51,203   INFO  Train:   74/80 ( 92%) [ 405/928 ( 44%)]  Loss: 0.2874 (0.290)  LR: 1.363e-04  Time cost: 01:47/02:17 [4:58:59/26:45]  Acc_iter 68150       Data time: 0.01(0.01)  Forward time: 0.25(0.25)  Batch time: 0.26(0.26)
2025-06-18 14:07:04,258   INFO  Train:   74/80 ( 92%) [ 455/928 ( 49%)]  Loss: 0.2428 (0.290)  LR: 1.341e-04  Time cost: 02:00/02:04 [4:59:12/26:30]  Acc_iter 68200       Data time: 0.01(0.01)  Forward time: 0.25(0.25)  Batch time: 0.26(0.26)
2025-06-18 14:07:17,330   INFO  Train:   74/80 ( 92%) [ 505/928 ( 54%)]  Loss: 0.2437 (0.289)  LR: 1.319e-04  Time cost: 02:13/01:51 [4:59:25/26:16]  Acc_iter 68250       Data time: 0.01(0.01)  Forward time: 0.25(0.25)  Batch time: 0.27(0.26)
2025-06-18 14:07:17,595   INFO  user                                   Wed Jun 18 14:07:17 2025  535.183.01
[0] NVIDIA GeForce RTX 4060 Laptop GPU | 62°C,  60 % |  6432 /  8188 MB | user(6414M) gdm(4M) user(4M)

2025-06-18 14:07:30,699   INFO  Train:   74/80 ( 92%) [ 555/928 ( 60%)]  Loss: 0.2766 (0.290)  LR: 1.298e-04  Time cost: 02:26/01:38 [4:59:38/26:05]  Acc_iter 68300       Data time: 0.01(0.01)  Forward time: 0.25(0.25)  Batch time: 0.26(0.26)
2025-06-18 14:07:43,746   INFO  Train:   74/80 ( 92%) [ 605/928 ( 65%)]  Loss: 0.2821 (0.290)  LR: 1.276e-04  Time cost: 02:39/01:25 [4:59:51/25:51]  Acc_iter 68350       Data time: 0.01(0.01)  Forward time: 0.25(0.25)  Batch time: 0.26(0.26)
2025-06-18 14:07:56,846   INFO  Train:   74/80 ( 92%) [ 655/928 ( 71%)]  Loss: 0.3446 (0.290)  LR: 1.255e-04  Time cost: 02:52/01:11 [5:00:05/25:37]  Acc_iter 68400       Data time: 0.01(0.01)  Forward time: 0.25(0.25)  Batch time: 0.26(0.26)
2025-06-18 14:07:57,063   INFO  user                                   Wed Jun 18 14:07:57 2025  535.183.01
[0] NVIDIA GeForce RTX 4060 Laptop GPU | 62°C,  97 % |  6432 /  8188 MB | user(6414M) gdm(4M) user(4M)

2025-06-18 14:08:10,146   INFO  Train:   74/80 ( 92%) [ 705/928 ( 76%)]  Loss: 0.3328 (0.290)  LR: 1.234e-04  Time cost: 03:05/00:58 [5:00:18/25:25]  Acc_iter 68450       Data time: 0.01(0.01)  Forward time: 0.25(0.25)  Batch time: 0.26(0.26)
2025-06-18 14:08:23,245   INFO  Train:   74/80 ( 92%) [ 755/928 ( 81%)]  Loss: 0.2683 (0.289)  LR: 1.213e-04  Time cost: 03:19/00:45 [5:00:31/25:11]  Acc_iter 68500       Data time: 0.01(0.01)  Forward time: 0.25(0.25)  Batch time: 0.26(0.26)
2025-06-18 14:08:36,313   INFO  Train:   74/80 ( 92%) [ 805/928 ( 87%)]  Loss: 0.2268 (0.290)  LR: 1.192e-04  Time cost: 03:32/00:32 [5:00:44/24:57]  Acc_iter 68550       Data time: 0.01(0.01)  Forward time: 0.25(0.25)  Batch time: 0.26(0.26)
2025-06-18 14:08:36,522   INFO  user                                   Wed Jun 18 14:08:36 2025  535.183.01
[0] NVIDIA GeForce RTX 4060 Laptop GPU | 62°C,  63 % |  6432 /  8188 MB | user(6414M) gdm(4M) user(4M)

2025-06-18 14:08:49,623   INFO  Train:   74/80 ( 92%) [ 855/928 ( 92%)]  Loss: 0.3242 (0.289)  LR: 1.172e-04  Time cost: 03:45/00:19 [5:00:57/24:45]  Acc_iter 68600       Data time: 0.02(0.01)  Forward time: 0.25(0.25)  Batch time: 0.27(0.26)
2025-06-18 14:09:02,729   INFO  Train:   74/80 ( 92%) [ 905/928 ( 98%)]  Loss: 0.2640 (0.290)  LR: 1.151e-04  Time cost: 03:58/00:06 [5:01:10/24:32]  Acc_iter 68650       Data time: 0.01(0.01)  Forward time: 0.25(0.25)  Batch time: 0.26(0.26)
2025-06-18 14:09:08,470   INFO  Train:   74/80 ( 92%) [ 927/928 (100%)]  Loss: 0.3019 (0.290)  LR: 1.143e-04  Time cost: 04:04/00:00 [5:01:16/24:26]  Acc_iter 68672       Data time: 0.01(0.01)  Forward time: 0.25(0.25)  Batch time: 0.26(0.26)
2025-06-18 14:09:08,991   INFO  Train:   75/80 ( 94%) [   0/928 (  0%)]  Loss: 0.2494 (0.249)  LR: 1.142e-04  Time cost: 00:00/06:01 [5:01:17/36:08]  Acc_iter 68673       Data time: 0.11(0.11)  Forward time: 0.27(0.27)  Batch time: 0.38(0.38)
2025-06-18 14:09:16,063   INFO  Train:   75/80 ( 94%) [  27/928 (  3%)]  Loss: 0.3536 (0.303)  LR: 1.131e-04  Time cost: 00:07/04:00 [5:01:24/24:36]  Acc_iter 68700       Data time: 0.01(0.02)  Forward time: 0.25(0.25)  Batch time: 0.26(0.27)
2025-06-18 14:09:16,265   INFO  user                                   Wed Jun 18 14:09:16 2025  535.183.01
[0] NVIDIA GeForce RTX 4060 Laptop GPU | 62°C,  95 % |  6432 /  8188 MB | user(6414M) gdm(4M) user(4M)

2025-06-18 14:09:29,345   INFO  Train:   75/80 ( 94%) [  77/928 (  8%)]  Loss: 0.2221 (0.290)  LR: 1.111e-04  Time cost: 00:20/03:46 [5:01:37/24:20]  Acc_iter 68750       Data time: 0.02(0.02)  Forward time: 0.25(0.25)  Batch time: 0.26(0.27)
2025-06-18 14:09:42,418   INFO  Train:   75/80 ( 94%) [ 127/928 ( 14%)]  Loss: 0.2861 (0.289)  LR: 1.091e-04  Time cost: 00:33/03:31 [5:01:50/23:57]  Acc_iter 68800       Data time: 0.01(0.01)  Forward time: 0.25(0.25)  Batch time: 0.27(0.26)
2025-06-18 14:09:55,486   INFO  Train:   75/80 ( 94%) [ 177/928 ( 19%)]  Loss: 0.2648 (0.290)  LR: 1.072e-04  Time cost: 00:46/03:17 [5:02:03/23:39]  Acc_iter 68850       Data time: 0.01(0.01)  Forward time: 0.25(0.25)  Batch time: 0.26(0.26)
2025-06-18 14:09:55,749   INFO  user                                   Wed Jun 18 14:09:55 2025  535.183.01
[0] NVIDIA GeForce RTX 4060 Laptop GPU | 62°C,  61 % |  6432 /  8188 MB | user(6414M) gdm(4M) user(4M)

2025-06-18 14:10:08,825   INFO  Train:   75/80 ( 94%) [ 227/928 ( 24%)]  Loss: 0.2595 (0.290)  LR: 1.052e-04  Time cost: 01:00/03:05 [5:02:17/23:30]  Acc_iter 68900       Data time: 0.01(0.01)  Forward time: 0.25(0.25)  Batch time: 0.26(0.26)
2025-06-18 14:10:21,880   INFO  Train:   75/80 ( 94%) [ 277/928 ( 30%)]  Loss: 0.3025 (0.290)  LR: 1.033e-04  Time cost: 01:13/02:51 [5:02:30/23:14]  Acc_iter 68950       Data time: 0.01(0.01)  Forward time: 0.25(0.25)  Batch time: 0.26(0.26)
2025-06-18 14:10:34,945   INFO  Train:   75/80 ( 94%) [ 327/928 ( 35%)]  Loss: 0.2717 (0.291)  LR: 1.013e-04  Time cost: 01:26/02:38 [5:02:43/22:59]  Acc_iter 69000       Data time: 0.01(0.01)  Forward time: 0.25(0.25)  Batch time: 0.26(0.26)
2025-06-18 14:10:35,153   INFO  user                                   Wed Jun 18 14:10:35 2025  535.183.01
[0] NVIDIA GeForce RTX 4060 Laptop GPU | 63°C,  93 % |  6432 /  8188 MB | user(6414M) gdm(4M) user(4M)

2025-06-18 14:10:48,247   INFO  Train:   75/80 ( 94%) [ 377/928 ( 41%)]  Loss: 0.3189 (0.291)  LR: 9.944e-05  Time cost: 01:39/02:25 [5:02:56/22:48]  Acc_iter 69050       Data time: 0.02(0.01)  Forward time: 0.25(0.25)  Batch time: 0.26(0.26)
2025-06-18 14:11:01,348   INFO  Train:   75/80 ( 94%) [ 427/928 ( 46%)]  Loss: 0.3147 (0.291)  LR: 9.755e-05  Time cost: 01:52/02:11 [5:03:09/22:34]  Acc_iter 69100       Data time: 0.01(0.01)  Forward time: 0.25(0.25)  Batch time: 0.26(0.26)
2025-06-18 14:11:14,440   INFO  Train:   75/80 ( 94%) [ 477/928 ( 51%)]  Loss: 0.2872 (0.290)  LR: 9.569e-05  Time cost: 02:05/01:58 [5:03:22/22:20]  Acc_iter 69150       Data time: 0.01(0.01)  Forward time: 0.25(0.25)  Batch time: 0.26(0.26)
2025-06-18 14:11:14,704   INFO  user                                   Wed Jun 18 14:11:14 2025  535.183.01
[0] NVIDIA GeForce RTX 4060 Laptop GPU | 62°C,  49 % |  6432 /  8188 MB | user(6414M) gdm(4M) user(4M)

2025-06-18 14:11:27,778   INFO  Train:   75/80 ( 94%) [ 527/928 ( 57%)]  Loss: 0.2976 (0.290)  LR: 9.384e-05  Time cost: 02:19/01:45 [5:03:36/22:08]  Acc_iter 69200       Data time: 0.01(0.01)  Forward time: 0.25(0.25)  Batch time: 0.26(0.26)
2025-06-18 14:11:40,881   INFO  Train:   75/80 ( 94%) [ 577/928 ( 62%)]  Loss: 0.3018 (0.290)  LR: 9.200e-05  Time cost: 02:32/01:32 [5:03:49/21:54]  Acc_iter 69250       Data time: 0.01(0.01)  Forward time: 0.25(0.25)  Batch time: 0.26(0.26)
2025-06-18 14:11:53,942   INFO  Train:   75/80 ( 94%) [ 627/928 ( 68%)]  Loss: 0.2706 (0.290)  LR: 9.019e-05  Time cost: 02:45/01:19 [5:04:02/21:40]  Acc_iter 69300       Data time: 0.01(0.01)  Forward time: 0.25(0.25)  Batch time: 0.26(0.26)
2025-06-18 14:11:54,191   INFO  user                                   Wed Jun 18 14:11:54 2025  535.183.01
[0] NVIDIA GeForce RTX 4060 Laptop GPU | 62°C,  97 % |  6432 /  8188 MB | user(6414M) gdm(4M) user(4M)

2025-06-18 14:12:07,221   INFO  Train:   75/80 ( 94%) [ 677/928 ( 73%)]  Loss: 0.3051 (0.289)  LR: 8.839e-05  Time cost: 02:58/01:06 [5:04:15/21:28]  Acc_iter 69350       Data time: 0.01(0.01)  Forward time: 0.25(0.25)  Batch time: 0.26(0.26)
2025-06-18 14:12:20,261   INFO  Train:   75/80 ( 94%) [ 727/928 ( 78%)]  Loss: 0.2769 (0.290)  LR: 8.661e-05  Time cost: 03:11/00:52 [5:04:28/21:14]  Acc_iter 69400       Data time: 0.01(0.01)  Forward time: 0.25(0.25)  Batch time: 0.26(0.26)
2025-06-18 14:12:33,345   INFO  Train:   75/80 ( 94%) [ 777/928 ( 84%)]  Loss: 0.3381 (0.290)  LR: 8.485e-05  Time cost: 03:24/00:39 [5:04:41/21:00]  Acc_iter 69450       Data time: 0.01(0.01)  Forward time: 0.25(0.25)  Batch time: 0.26(0.26)
2025-06-18 14:12:33,557   INFO  user                                   Wed Jun 18 14:12:33 2025  535.183.01
[0] NVIDIA GeForce RTX 4060 Laptop GPU | 62°C,  97 % |  6432 /  8188 MB | user(6414M) gdm(4M) user(4M)

2025-06-18 14:12:46,638   INFO  Train:   75/80 ( 94%) [ 827/928 ( 89%)]  Loss: 0.4127 (0.290)  LR: 8.310e-05  Time cost: 03:38/00:26 [5:04:54/20:48]  Acc_iter 69500       Data time: 0.01(0.01)  Forward time: 0.25(0.25)  Batch time: 0.26(0.26)
2025-06-18 14:12:59,685   INFO  Train:   75/80 ( 94%) [ 877/928 ( 95%)]  Loss: 0.2284 (0.290)  LR: 8.138e-05  Time cost: 03:51/00:13 [5:05:07/20:34]  Acc_iter 69550       Data time: 0.01(0.01)  Forward time: 0.25(0.25)  Batch time: 0.26(0.26)
2025-06-18 14:13:12,733   INFO  Train:   75/80 ( 94%) [ 927/928 (100%)]  Loss: 0.2269 (0.291)  LR: 7.967e-05  Time cost: 04:04/00:00 [5:05:20/20:20]  Acc_iter 69600       Data time: 0.01(0.01)  Forward time: 0.25(0.25)  Batch time: 0.26(0.26)
2025-06-18 14:13:13,067   INFO  user                                   Wed Jun 18 14:13:13 2025  535.183.01
[0] NVIDIA GeForce RTX 4060 Laptop GPU | 62°C,  97 % |  6432 /  8188 MB | user(6414M) gdm(4M) user(4M)

2025-06-18 14:13:13,619   INFO  Train:   76/80 ( 95%) [   0/928 (  0%)]  Loss: 0.2652 (0.265)  LR: 7.963e-05  Time cost: 00:00/06:23 [5:05:21/31:56]  Acc_iter 69601       Data time: 0.13(0.13)  Forward time: 0.28(0.28)  Batch time: 0.40(0.40)
2025-06-18 14:13:26,387   INFO  Train:   76/80 ( 95%) [  49/928 (  5%)]  Loss: 0.2666 (0.286)  LR: 7.798e-05  Time cost: 00:13/03:51 [5:05:34/20:10]  Acc_iter 69650       Data time: 0.01(0.01)  Forward time: 0.25(0.25)  Batch time: 0.26(0.26)
2025-06-18 14:13:39,418   INFO  Train:   76/80 ( 95%) [  99/928 ( 11%)]  Loss: 0.2943 (0.280)  LR: 7.630e-05  Time cost: 00:26/03:37 [5:05:47/19:50]  Acc_iter 69700       Data time: 0.01(0.01)  Forward time: 0.25(0.25)  Batch time: 0.26(0.26)
2025-06-18 14:13:52,492   INFO  Train:   76/80 ( 95%) [ 149/928 ( 16%)]  Loss: 0.2972 (0.282)  LR: 7.465e-05  Time cost: 00:39/03:24 [5:06:00/19:36]  Acc_iter 69750       Data time: 0.01(0.01)  Forward time: 0.25(0.25)  Batch time: 0.26(0.26)
2025-06-18 14:13:52,696   INFO  user                                   Wed Jun 18 14:13:52 2025  535.183.01
[0] NVIDIA GeForce RTX 4060 Laptop GPU | 63°C,  94 % |  6432 /  8188 MB | user(6414M) gdm(4M) user(4M)

2025-06-18 14:14:05,784   INFO  Train:   76/80 ( 95%) [ 199/928 ( 21%)]  Loss: 0.3324 (0.283)  LR: 7.301e-05  Time cost: 00:52/03:11 [5:06:14/19:27]  Acc_iter 69800       Data time: 0.01(0.01)  Forward time: 0.26(0.25)  Batch time: 0.28(0.26)
2025-06-18 14:14:18,879   INFO  Train:   76/80 ( 95%) [ 249/928 ( 27%)]  Loss: 0.3072 (0.284)  LR: 7.139e-05  Time cost: 01:05/02:58 [5:06:27/19:13]  Acc_iter 69850       Data time: 0.01(0.01)  Forward time: 0.25(0.25)  Batch time: 0.26(0.26)
2025-06-18 14:14:31,926   INFO  Train:   76/80 ( 95%) [ 299/928 ( 32%)]  Loss: 0.2969 (0.283)  LR: 6.978e-05  Time cost: 01:18/02:45 [5:06:40/18:59]  Acc_iter 69900       Data time: 0.01(0.01)  Forward time: 0.25(0.25)  Batch time: 0.26(0.26)
2025-06-18 14:14:32,144   INFO  user                                   Wed Jun 18 14:14:32 2025  535.183.01
[0] NVIDIA GeForce RTX 4060 Laptop GPU | 62°C,  97 % |  6432 /  8188 MB | user(6414M) gdm(4M) user(4M)

2025-06-18 14:14:45,230   INFO  Train:   76/80 ( 95%) [ 349/928 ( 38%)]  Loss: 0.2644 (0.283)  LR: 6.820e-05  Time cost: 01:32/02:32 [5:06:53/18:48]  Acc_iter 69950       Data time: 0.01(0.01)  Forward time: 0.25(0.25)  Batch time: 0.26(0.26)
2025-06-18 14:14:58,290   INFO  Train:   76/80 ( 95%) [ 399/928 ( 43%)]  Loss: 0.2675 (0.283)  LR: 6.663e-05  Time cost: 01:45/02:18 [5:07:06/18:34]  Acc_iter 70000       Data time: 0.01(0.01)  Forward time: 0.25(0.25)  Batch time: 0.26(0.26)
2025-06-18 14:15:11,360   INFO  Train:   76/80 ( 95%) [ 449/928 ( 48%)]  Loss: 0.4036 (0.284)  LR: 6.508e-05  Time cost: 01:58/02:05 [5:07:19/18:20]  Acc_iter 70050       Data time: 0.02(0.01)  Forward time: 0.25(0.25)  Batch time: 0.27(0.26)
2025-06-18 14:15:11,575   INFO  user                                   Wed Jun 18 14:15:11 2025  535.183.01
[0] NVIDIA GeForce RTX 4060 Laptop GPU | 62°C,  95 % |  6432 /  8188 MB | user(6414M) gdm(4M) user(4M)

2025-06-18 14:15:24,643   INFO  Train:   76/80 ( 95%) [ 499/928 ( 54%)]  Loss: 0.3304 (0.286)  LR: 6.355e-05  Time cost: 02:11/01:52 [5:07:32/18:08]  Acc_iter 70100       Data time: 0.01(0.01)  Forward time: 0.25(0.25)  Batch time: 0.26(0.26)
2025-06-18 14:15:37,691   INFO  Train:   76/80 ( 95%) [ 549/928 ( 59%)]  Loss: 0.3548 (0.287)  LR: 6.203e-05  Time cost: 02:24/01:39 [5:07:45/17:54]  Acc_iter 70150       Data time: 0.01(0.01)  Forward time: 0.25(0.25)  Batch time: 0.26(0.26)
2025-06-18 14:15:50,822   INFO  Train:   76/80 ( 95%) [ 599/928 ( 65%)]  Loss: 0.3171 (0.287)  LR: 6.054e-05  Time cost: 02:37/01:26 [5:07:59/17:41]  Acc_iter 70200       Data time: 0.01(0.01)  Forward time: 0.25(0.25)  Batch time: 0.26(0.26)
2025-06-18 14:15:51,052   INFO  user                                   Wed Jun 18 14:15:51 2025  535.183.01
[0] NVIDIA GeForce RTX 4060 Laptop GPU | 62°C,  81 % |  6432 /  8188 MB | user(6414M) gdm(4M) user(4M)

2025-06-18 14:16:04,172   INFO  Train:   76/80 ( 95%) [ 649/928 ( 70%)]  Loss: 0.2820 (0.286)  LR: 5.906e-05  Time cost: 02:50/01:13 [5:08:12/17:29]  Acc_iter 70250       Data time: 0.02(0.01)  Forward time: 0.25(0.25)  Batch time: 0.26(0.26)
2025-06-18 14:16:17,274   INFO  Train:   76/80 ( 95%) [ 699/928 ( 75%)]  Loss: 0.2033 (0.286)  LR: 5.760e-05  Time cost: 03:04/01:00 [5:08:25/17:16]  Acc_iter 70300       Data time: 0.01(0.01)  Forward time: 0.25(0.25)  Batch time: 0.26(0.26)
2025-06-18 14:16:30,340   INFO  Train:   76/80 ( 95%) [ 749/928 ( 81%)]  Loss: 0.2636 (0.286)  LR: 5.616e-05  Time cost: 03:17/00:47 [5:08:38/17:02]  Acc_iter 70350       Data time: 0.01(0.01)  Forward time: 0.25(0.25)  Batch time: 0.26(0.26)
2025-06-18 14:16:30,539   INFO  user                                   Wed Jun 18 14:16:30 2025  535.183.01
[0] NVIDIA GeForce RTX 4060 Laptop GPU | 62°C,  95 % |  6432 /  8188 MB | user(6414M) gdm(4M) user(4M)

2025-06-18 14:16:43,706   INFO  Train:   76/80 ( 95%) [ 799/928 ( 86%)]  Loss: 0.2519 (0.286)  LR: 5.473e-05  Time cost: 03:30/00:33 [5:08:51/16:50]  Acc_iter 70400       Data time: 0.02(0.01)  Forward time: 0.25(0.25)  Batch time: 0.27(0.26)
2025-06-18 14:16:56,823   INFO  Train:   76/80 ( 95%) [ 849/928 ( 91%)]  Loss: 0.2729 (0.286)  LR: 5.333e-05  Time cost: 03:43/00:20 [5:09:05/16:37]  Acc_iter 70450       Data time: 0.01(0.01)  Forward time: 0.25(0.25)  Batch time: 0.26(0.26)
2025-06-18 14:17:09,929   INFO  Train:   76/80 ( 95%) [ 899/928 ( 97%)]  Loss: 0.3691 (0.286)  LR: 5.194e-05  Time cost: 03:56/00:07 [5:09:18/16:23]  Acc_iter 70500       Data time: 0.01(0.01)  Forward time: 0.25(0.25)  Batch time: 0.26(0.26)
2025-06-18 14:17:10,157   INFO  user                                   Wed Jun 18 14:17:10 2025  535.183.01
[0] NVIDIA GeForce RTX 4060 Laptop GPU | 62°C,  95 % |  6432 /  8188 MB | user(6414M) gdm(4M) user(4M)

2025-06-18 14:17:17,484   INFO  Train:   76/80 ( 95%) [ 927/928 (100%)]  Loss: 0.3093 (0.287)  LR: 5.117e-05  Time cost: 04:04/00:00 [5:09:25/16:17]  Acc_iter 70528       Data time: 0.01(0.01)  Forward time: 0.25(0.25)  Batch time: 0.26(0.26)
2025-06-18 14:17:18,023   INFO  Train:   77/80 ( 96%) [   0/928 (  0%)]  Loss: 0.2459 (0.246)  LR: 5.114e-05  Time cost: 00:00/06:06 [5:09:26/24:27]  Acc_iter 70529       Data time: 0.13(0.13)  Forward time: 0.25(0.25)  Batch time: 0.38(0.38)
2025-06-18 14:17:23,496   INFO  Train:   77/80 ( 96%) [  21/928 (  2%)]  Loss: 0.2272 (0.282)  LR: 5.057e-05  Time cost: 00:05/04:01 [5:09:31/16:24]  Acc_iter 70550       Data time: 0.01(0.02)  Forward time: 0.25(0.25)  Batch time: 0.27(0.27)
2025-06-18 14:17:36,585   INFO  Train:   77/80 ( 96%) [  71/928 (  8%)]  Loss: 0.2962 (0.284)  LR: 4.921e-05  Time cost: 00:18/03:45 [5:09:44/15:58]  Acc_iter 70600       Data time: 0.01(0.01)  Forward time: 0.25(0.25)  Batch time: 0.26(0.26)
2025-06-18 14:17:49,651   INFO  Train:   77/80 ( 96%) [ 121/928 ( 13%)]  Loss: 0.2549 (0.284)  LR: 4.788e-05  Time cost: 00:32/03:31 [5:09:57/15:42]  Acc_iter 70650       Data time: 0.01(0.01)  Forward time: 0.25(0.25)  Batch time: 0.26(0.26)
2025-06-18 14:17:49,872   INFO  user                                   Wed Jun 18 14:17:49 2025  535.183.01
[0] NVIDIA GeForce RTX 4060 Laptop GPU | 62°C,  97 % |  6432 /  8188 MB | user(6414M) gdm(4M) user(4M)

2025-06-18 14:18:02,997   INFO  Train:   77/80 ( 96%) [ 171/928 ( 18%)]  Loss: 0.2725 (0.285)  LR: 4.656e-05  Time cost: 00:45/03:19 [5:10:11/15:34]  Acc_iter 70700       Data time: 0.01(0.01)  Forward time: 0.25(0.25)  Batch time: 0.26(0.26)
2025-06-18 14:18:16,086   INFO  Train:   77/80 ( 96%) [ 221/928 ( 24%)]  Loss: 0.3068 (0.285)  LR: 4.527e-05  Time cost: 00:58/03:06 [5:10:24/15:19]  Acc_iter 70750       Data time: 0.01(0.01)  Forward time: 0.26(0.25)  Batch time: 0.27(0.26)
2025-06-18 14:18:29,165   INFO  Train:   77/80 ( 96%) [ 271/928 ( 29%)]  Loss: 0.2335 (0.284)  LR: 4.399e-05  Time cost: 01:11/02:52 [5:10:37/15:05]  Acc_iter 70800       Data time: 0.01(0.01)  Forward time: 0.25(0.25)  Batch time: 0.26(0.26)
2025-06-18 14:18:29,356   INFO  user                                   Wed Jun 18 14:18:29 2025  535.183.01
[0] NVIDIA GeForce RTX 4060 Laptop GPU | 62°C,  76 % |  6432 /  8188 MB | user(6414M) gdm(4M) user(4M)

2025-06-18 14:18:42,428   INFO  Train:   77/80 ( 96%) [ 321/928 ( 35%)]  Loss: 0.2900 (0.284)  LR: 4.272e-05  Time cost: 01:24/02:39 [5:10:50/14:53]  Acc_iter 70850       Data time: 0.01(0.01)  Forward time: 0.25(0.25)  Batch time: 0.26(0.26)
2025-06-18 14:18:55,469   INFO  Train:   77/80 ( 96%) [ 371/928 ( 40%)]  Loss: 0.3227 (0.284)  LR: 4.148e-05  Time cost: 01:37/02:26 [5:11:03/14:38]  Acc_iter 70900       Data time: 0.01(0.01)  Forward time: 0.25(0.25)  Batch time: 0.26(0.26)
2025-06-18 14:19:08,566   INFO  Train:   77/80 ( 96%) [ 421/928 ( 45%)]  Loss: 0.2972 (0.283)  LR: 4.025e-05  Time cost: 01:50/02:13 [5:11:16/14:25]  Acc_iter 70950       Data time: 0.01(0.01)  Forward time: 0.25(0.25)  Batch time: 0.26(0.26)
2025-06-18 14:19:08,907   INFO  user                                   Wed Jun 18 14:19:08 2025  535.183.01
[0] NVIDIA GeForce RTX 4060 Laptop GPU | 62°C,  82 % |  6432 /  8188 MB | user(6414M) gdm(4M) user(4M)

2025-06-18 14:19:22,052   INFO  Train:   77/80 ( 96%) [ 471/928 ( 51%)]  Loss: 0.2647 (0.283)  LR: 3.905e-05  Time cost: 02:04/02:00 [5:11:30/14:14]  Acc_iter 71000       Data time: 0.01(0.01)  Forward time: 0.25(0.25)  Batch time: 0.26(0.26)
2025-06-18 14:19:35,186   INFO  Train:   77/80 ( 96%) [ 521/928 ( 56%)]  Loss: 0.3182 (0.282)  LR: 3.786e-05  Time cost: 02:17/01:47 [5:11:43/14:00]  Acc_iter 71050       Data time: 0.01(0.01)  Forward time: 0.25(0.25)  Batch time: 0.26(0.26)
2025-06-18 14:19:48,300   INFO  Train:   77/80 ( 96%) [ 571/928 ( 62%)]  Loss: 0.3180 (0.283)  LR: 3.669e-05  Time cost: 02:30/01:34 [5:11:56/13:47]  Acc_iter 71100       Data time: 0.01(0.01)  Forward time: 0.25(0.25)  Batch time: 0.26(0.26)
2025-06-18 14:19:48,596   INFO  user                                   Wed Jun 18 14:19:48 2025  535.183.01
[0] NVIDIA GeForce RTX 4060 Laptop GPU | 62°C,  95 % |  6432 /  8188 MB | user(6414M) gdm(4M) user(4M)

2025-06-18 14:20:01,659   INFO  Train:   77/80 ( 96%) [ 621/928 ( 67%)]  Loss: 0.3058 (0.283)  LR: 3.553e-05  Time cost: 02:44/01:20 [5:12:09/13:35]  Acc_iter 71150       Data time: 0.01(0.01)  Forward time: 0.25(0.25)  Batch time: 0.26(0.26)
2025-06-18 14:20:14,739   INFO  Train:   77/80 ( 96%) [ 671/928 ( 72%)]  Loss: 0.2699 (0.284)  LR: 3.440e-05  Time cost: 02:57/01:07 [5:12:22/13:21]  Acc_iter 71200       Data time: 0.01(0.01)  Forward time: 0.25(0.25)  Batch time: 0.26(0.26)
2025-06-18 14:20:27,775   INFO  Train:   77/80 ( 96%) [ 721/928 ( 78%)]  Loss: 0.3379 (0.284)  LR: 3.328e-05  Time cost: 03:10/00:54 [5:12:36/13:07]  Acc_iter 71250       Data time: 0.01(0.01)  Forward time: 0.25(0.25)  Batch time: 0.26(0.26)
2025-06-18 14:20:28,001   INFO  user                                   Wed Jun 18 14:20:27 2025  535.183.01
[0] NVIDIA GeForce RTX 4060 Laptop GPU | 62°C,  95 % |  6432 /  8188 MB | user(6414M) gdm(4M) user(4M)

2025-06-18 14:20:41,071   INFO  Train:   77/80 ( 96%) [ 771/928 ( 83%)]  Loss: 0.3006 (0.285)  LR: 3.218e-05  Time cost: 03:23/00:41 [5:12:49/12:55]  Acc_iter 71300       Data time: 0.01(0.01)  Forward time: 0.25(0.25)  Batch time: 0.26(0.26)
2025-06-18 14:20:54,137   INFO  Train:   77/80 ( 96%) [ 821/928 ( 88%)]  Loss: 0.2624 (0.285)  LR: 3.110e-05  Time cost: 03:36/00:28 [5:13:02/12:41]  Acc_iter 71350       Data time: 0.01(0.01)  Forward time: 0.25(0.25)  Batch time: 0.26(0.26)
2025-06-18 14:21:07,199   INFO  Train:   77/80 ( 96%) [ 871/928 ( 94%)]  Loss: 0.3450 (0.285)  LR: 3.004e-05  Time cost: 03:49/00:15 [5:13:15/12:27]  Acc_iter 71400       Data time: 0.01(0.01)  Forward time: 0.25(0.25)  Batch time: 0.26(0.26)
2025-06-18 14:21:07,408   INFO  user                                   Wed Jun 18 14:21:07 2025  535.183.01
[0] NVIDIA GeForce RTX 4060 Laptop GPU | 62°C,  97 % |  6432 /  8188 MB | user(6414M) gdm(4M) user(4M)

2025-06-18 14:21:20,485   INFO  Train:   77/80 ( 96%) [ 921/928 ( 99%)]  Loss: 0.2918 (0.285)  LR: 2.900e-05  Time cost: 04:02/00:01 [5:13:28/12:15]  Acc_iter 71450       Data time: 0.01(0.01)  Forward time: 0.25(0.25)  Batch time: 0.26(0.26)
2025-06-18 14:21:22,049   INFO  Train:   77/80 ( 96%) [ 927/928 (100%)]  Loss: 0.2590 (0.285)  LR: 2.887e-05  Time cost: 04:04/00:00 [5:13:30/12:13]  Acc_iter 71456       Data time: 0.01(0.01)  Forward time: 0.25(0.25)  Batch time: 0.26(0.26)
2025-06-18 14:21:22,631   INFO  Train:   78/80 ( 98%) [   0/928 (  0%)]  Loss: 0.3037 (0.304)  LR: 2.885e-05  Time cost: 00:00/06:13 [5:13:30/18:39]  Acc_iter 71457       Data time: 0.12(0.12)  Forward time: 0.27(0.27)  Batch time: 0.39(0.39)
2025-06-18 14:21:33,851   INFO  Train:   78/80 ( 98%) [  43/928 (  5%)]  Loss: 0.2878 (0.289)  LR: 2.797e-05  Time cost: 00:11/03:53 [5:13:42/12:03]  Acc_iter 71500       Data time: 0.01(0.01)  Forward time: 0.25(0.25)  Batch time: 0.26(0.26)
2025-06-18 14:21:46,940   INFO  Train:   78/80 ( 98%) [  93/928 ( 10%)]  Loss: 0.2388 (0.288)  LR: 2.696e-05  Time cost: 00:24/03:39 [5:13:55/11:47]  Acc_iter 71550       Data time: 0.01(0.01)  Forward time: 0.25(0.25)  Batch time: 0.26(0.26)
2025-06-18 14:21:47,152   INFO  user                                   Wed Jun 18 14:21:47 2025  535.183.01
[0] NVIDIA GeForce RTX 4060 Laptop GPU | 62°C,  90 % |  6432 /  8188 MB | user(6414M) gdm(4M) user(4M)

2025-06-18 14:22:00,219   INFO  Train:   78/80 ( 98%) [ 143/928 ( 15%)]  Loss: 0.2692 (0.288)  LR: 2.598e-05  Time cost: 00:37/03:27 [5:14:08/11:36]  Acc_iter 71600       Data time: 0.01(0.01)  Forward time: 0.25(0.25)  Batch time: 0.27(0.26)
2025-06-18 14:22:13,267   INFO  Train:   78/80 ( 98%) [ 193/928 ( 21%)]  Loss: 0.2970 (0.290)  LR: 2.500e-05  Time cost: 00:51/03:13 [5:14:21/11:21]  Acc_iter 71650       Data time: 0.01(0.01)  Forward time: 0.25(0.25)  Batch time: 0.26(0.26)
2025-06-18 14:22:26,366   INFO  Train:   78/80 ( 98%) [ 243/928 ( 26%)]  Loss: 0.2808 (0.291)  LR: 2.405e-05  Time cost: 01:04/03:00 [5:14:34/11:07]  Acc_iter 71700       Data time: 0.01(0.01)  Forward time: 0.25(0.25)  Batch time: 0.26(0.26)
2025-06-18 14:22:26,563   INFO  user                                   Wed Jun 18 14:22:26 2025  535.183.01
[0] NVIDIA GeForce RTX 4060 Laptop GPU | 62°C,  97 % |  6432 /  8188 MB | user(6414M) gdm(4M) user(4M)

2025-06-18 14:22:39,662   INFO  Train:   78/80 ( 98%) [ 293/928 ( 32%)]  Loss: 0.3081 (0.291)  LR: 2.312e-05  Time cost: 01:17/02:47 [5:14:47/10:56]  Acc_iter 71750       Data time: 0.01(0.01)  Forward time: 0.25(0.25)  Batch time: 0.26(0.26)
2025-06-18 14:22:52,782   INFO  Train:   78/80 ( 98%) [ 343/928 ( 37%)]  Loss: 0.2782 (0.290)  LR: 2.220e-05  Time cost: 01:30/02:33 [5:15:01/10:42]  Acc_iter 71800       Data time: 0.02(0.01)  Forward time: 0.25(0.25)  Batch time: 0.27(0.26)
2025-06-18 14:23:05,848   INFO  Train:   78/80 ( 98%) [ 393/928 ( 42%)]  Loss: 0.3745 (0.291)  LR: 2.131e-05  Time cost: 01:43/02:20 [5:15:14/10:28]  Acc_iter 71850       Data time: 0.01(0.01)  Forward time: 0.25(0.25)  Batch time: 0.26(0.26)
2025-06-18 14:23:06,080   INFO  user                                   Wed Jun 18 14:23:06 2025  535.183.01
[0] NVIDIA GeForce RTX 4060 Laptop GPU | 62°C,  58 % |  6432 /  8188 MB | user(6414M) gdm(4M) user(4M)

2025-06-18 14:23:19,152   INFO  Train:   78/80 ( 98%) [ 443/928 ( 48%)]  Loss: 0.2547 (0.291)  LR: 2.043e-05  Time cost: 01:56/02:07 [5:15:27/10:16]  Acc_iter 71900       Data time: 0.01(0.01)  Forward time: 0.25(0.25)  Batch time: 0.26(0.26)
2025-06-18 14:23:32,197   INFO  Train:   78/80 ( 98%) [ 493/928 ( 53%)]  Loss: 0.2685 (0.291)  LR: 1.957e-05  Time cost: 02:09/01:54 [5:15:40/10:02]  Acc_iter 71950       Data time: 0.01(0.01)  Forward time: 0.25(0.25)  Batch time: 0.26(0.26)
2025-06-18 14:23:45,263   INFO  Train:   78/80 ( 98%) [ 543/928 ( 59%)]  Loss: 0.2780 (0.291)  LR: 1.873e-05  Time cost: 02:23/01:41 [5:15:53/09:49]  Acc_iter 72000       Data time: 0.01(0.01)  Forward time: 0.25(0.25)  Batch time: 0.26(0.26)
2025-06-18 14:23:45,481   INFO  user                                   Wed Jun 18 14:23:45 2025  535.183.01
[0] NVIDIA GeForce RTX 4060 Laptop GPU | 62°C,  73 % |  6432 /  8188 MB | user(6414M) gdm(4M) user(4M)

2025-06-18 14:23:58,577   INFO  Train:   78/80 ( 98%) [ 593/928 ( 64%)]  Loss: 0.2881 (0.290)  LR: 1.790e-05  Time cost: 02:36/01:28 [5:16:06/09:36]  Acc_iter 72050       Data time: 0.01(0.01)  Forward time: 0.25(0.25)  Batch time: 0.26(0.26)
2025-06-18 14:24:11,629   INFO  Train:   78/80 ( 98%) [ 643/928 ( 69%)]  Loss: 0.2627 (0.289)  LR: 1.710e-05  Time cost: 02:49/01:14 [5:16:19/09:23]  Acc_iter 72100       Data time: 0.01(0.01)  Forward time: 0.25(0.25)  Batch time: 0.26(0.26)
2025-06-18 14:24:24,696   INFO  Train:   78/80 ( 98%) [ 693/928 ( 75%)]  Loss: 0.2712 (0.289)  LR: 1.631e-05  Time cost: 03:02/01:01 [5:16:32/09:09]  Acc_iter 72150       Data time: 0.01(0.01)  Forward time: 0.25(0.25)  Batch time: 0.26(0.26)
2025-06-18 14:24:24,928   INFO  user                                   Wed Jun 18 14:24:24 2025  535.183.01
[0] NVIDIA GeForce RTX 4060 Laptop GPU | 62°C,  92 % |  6432 /  8188 MB | user(6414M) gdm(4M) user(4M)

2025-06-18 14:24:38,027   INFO  Train:   78/80 ( 98%) [ 743/928 ( 80%)]  Loss: 0.3125 (0.289)  LR: 1.554e-05  Time cost: 03:15/00:48 [5:16:46/08:57]  Acc_iter 72200       Data time: 0.01(0.01)  Forward time: 0.25(0.25)  Batch time: 0.26(0.26)
2025-06-18 14:24:51,081   INFO  Train:   78/80 ( 98%) [ 793/928 ( 85%)]  Loss: 0.3034 (0.289)  LR: 1.479e-05  Time cost: 03:28/00:35 [5:16:59/08:43]  Acc_iter 72250       Data time: 0.01(0.01)  Forward time: 0.25(0.25)  Batch time: 0.26(0.26)
2025-06-18 14:25:04,145   INFO  Train:   78/80 ( 98%) [ 843/928 ( 91%)]  Loss: 0.2911 (0.288)  LR: 1.406e-05  Time cost: 03:41/00:22 [5:17:12/08:30]  Acc_iter 72300       Data time: 0.01(0.01)  Forward time: 0.25(0.25)  Batch time: 0.26(0.26)
2025-06-18 14:25:04,360   INFO  user                                   Wed Jun 18 14:25:04 2025  535.183.01
[0] NVIDIA GeForce RTX 4060 Laptop GPU | 62°C,  96 % |  6432 /  8188 MB | user(6414M) gdm(4M) user(4M)

2025-06-18 14:25:17,431   INFO  Train:   78/80 ( 98%) [ 893/928 ( 96%)]  Loss: 0.2853 (0.289)  LR: 1.335e-05  Time cost: 03:55/00:09 [5:17:25/08:17]  Acc_iter 72350       Data time: 0.01(0.01)  Forward time: 0.25(0.25)  Batch time: 0.26(0.26)
2025-06-18 14:25:26,303   INFO  Train:   78/80 ( 98%) [ 927/928 (100%)]  Loss: 0.3747 (0.289)  LR: 1.288e-05  Time cost: 04:04/00:00 [5:17:34/08:08]  Acc_iter 72384       Data time: 0.01(0.01)  Forward time: 0.25(0.25)  Batch time: 0.26(0.26)
2025-06-18 14:25:26,857   INFO  Train:   79/80 ( 99%) [   0/928 (  0%)]  Loss: 0.3291 (0.329)  LR: 1.286e-05  Time cost: 00:00/06:33 [5:17:35/13:07]  Acc_iter 72385       Data time: 0.15(0.15)  Forward time: 0.26(0.26)  Batch time: 0.41(0.41)
2025-06-18 14:25:30,803   INFO  Train:   79/80 ( 99%) [  15/928 (  2%)]  Loss: 0.3090 (0.279)  LR: 1.266e-05  Time cost: 00:04/04:09 [5:17:39/08:22]  Acc_iter 72400       Data time: 0.01(0.02)  Forward time: 0.25(0.25)  Batch time: 0.27(0.27)
2025-06-18 14:25:43,877   INFO  Train:   79/80 ( 99%) [  65/928 (  7%)]  Loss: 0.2362 (0.286)  LR: 1.198e-05  Time cost: 00:17/03:48 [5:17:52/07:53]  Acc_iter 72450       Data time: 0.01(0.01)  Forward time: 0.25(0.25)  Batch time: 0.26(0.26)
2025-06-18 14:25:44,082   INFO  user                                   Wed Jun 18 14:25:44 2025  535.183.01
[0] NVIDIA GeForce RTX 4060 Laptop GPU | 62°C,  94 % |  6432 /  8188 MB | user(6414M) gdm(4M) user(4M)

2025-06-18 14:25:57,141   INFO  Train:   79/80 ( 99%) [ 115/928 ( 12%)]  Loss: 0.2391 (0.287)  LR: 1.132e-05  Time cost: 00:30/03:35 [5:18:05/07:40]  Acc_iter 72500       Data time: 0.01(0.02)  Forward time: 0.25(0.25)  Batch time: 0.26(0.26)
2025-06-18 14:26:10,201   INFO  Train:   79/80 ( 99%) [ 165/928 ( 18%)]  Loss: 0.3059 (0.284)  LR: 1.068e-05  Time cost: 00:43/03:21 [5:18:18/07:25]  Acc_iter 72550       Data time: 0.02(0.01)  Forward time: 0.25(0.25)  Batch time: 0.27(0.26)
2025-06-18 14:26:23,280   INFO  Train:   79/80 ( 99%) [ 215/928 ( 23%)]  Loss: 0.2727 (0.285)  LR: 1.006e-05  Time cost: 00:56/03:07 [5:18:31/07:11]  Acc_iter 72600       Data time: 0.01(0.01)  Forward time: 0.25(0.25)  Batch time: 0.26(0.26)
2025-06-18 14:26:23,482   INFO  user                                   Wed Jun 18 14:26:23 2025  535.183.01
[0] NVIDIA GeForce RTX 4060 Laptop GPU | 62°C,  96 % |  6432 /  8188 MB | user(6414M) gdm(4M) user(4M)

2025-06-18 14:26:36,580   INFO  Train:   79/80 ( 99%) [ 265/928 ( 29%)]  Loss: 0.2649 (0.284)  LR: 9.463e-06  Time cost: 01:10/02:54 [5:18:44/06:59]  Acc_iter 72650       Data time: 0.01(0.01)  Forward time: 0.25(0.25)  Batch time: 0.26(0.26)
2025-06-18 14:26:49,644   INFO  Train:   79/80 ( 99%) [ 315/928 ( 34%)]  Loss: 0.2061 (0.285)  LR: 8.880e-06  Time cost: 01:23/02:41 [5:18:57/06:45]  Acc_iter 72700       Data time: 0.01(0.01)  Forward time: 0.25(0.25)  Batch time: 0.26(0.26)
2025-06-18 14:27:02,707   INFO  Train:   79/80 ( 99%) [ 365/928 ( 39%)]  Loss: 0.2780 (0.285)  LR: 8.316e-06  Time cost: 01:36/02:28 [5:19:10/06:32]  Acc_iter 72750       Data time: 0.01(0.01)  Forward time: 0.25(0.25)  Batch time: 0.26(0.26)
2025-06-18 14:27:02,915   INFO  user                                   Wed Jun 18 14:27:02 2025  535.183.01
[0] NVIDIA GeForce RTX 4060 Laptop GPU | 62°C,  97 % |  6432 /  8188 MB | user(6414M) gdm(4M) user(4M)

2025-06-18 14:27:15,944   INFO  Train:   79/80 ( 99%) [ 415/928 ( 45%)]  Loss: 0.3202 (0.285)  LR: 7.770e-06  Time cost: 01:49/02:15 [5:19:24/06:19]  Acc_iter 72800       Data time: 0.01(0.01)  Forward time: 0.25(0.25)  Batch time: 0.26(0.26)
2025-06-18 14:27:29,008   INFO  Train:   79/80 ( 99%) [ 465/928 ( 50%)]  Loss: 0.3260 (0.286)  LR: 7.242e-06  Time cost: 02:02/02:01 [5:19:37/06:05]  Acc_iter 72850       Data time: 0.01(0.01)  Forward time: 0.25(0.25)  Batch time: 0.26(0.26)
2025-06-18 14:27:42,064   INFO  Train:   79/80 ( 99%) [ 515/928 ( 55%)]  Loss: 0.2347 (0.285)  LR: 6.734e-06  Time cost: 02:15/01:48 [5:19:50/05:52]  Acc_iter 72900       Data time: 0.01(0.01)  Forward time: 0.25(0.25)  Batch time: 0.26(0.26)
2025-06-18 14:27:42,286   INFO  user                                   Wed Jun 18 14:27:42 2025  535.183.01
[0] NVIDIA GeForce RTX 4060 Laptop GPU | 62°C,  97 % |  6432 /  8188 MB | user(6414M) gdm(4M) user(4M)

2025-06-18 14:27:55,336   INFO  Train:   79/80 ( 99%) [ 565/928 ( 61%)]  Loss: 0.2537 (0.286)  LR: 6.243e-06  Time cost: 02:28/01:35 [5:20:03/05:39]  Acc_iter 72950       Data time: 0.01(0.01)  Forward time: 0.25(0.25)  Batch time: 0.26(0.26)
2025-06-18 14:28:08,428   INFO  Train:   79/80 ( 99%) [ 615/928 ( 66%)]  Loss: 0.2627 (0.287)  LR: 5.772e-06  Time cost: 02:41/01:22 [5:20:16/05:26]  Acc_iter 73000       Data time: 0.01(0.01)  Forward time: 0.25(0.25)  Batch time: 0.26(0.26)
2025-06-18 14:28:21,501   INFO  Train:   79/80 ( 99%) [ 665/928 ( 72%)]  Loss: 0.2461 (0.287)  LR: 5.319e-06  Time cost: 02:55/01:09 [5:20:29/05:13]  Acc_iter 73050       Data time: 0.01(0.01)  Forward time: 0.25(0.25)  Batch time: 0.26(0.26)
2025-06-18 14:28:21,702   INFO  user                                   Wed Jun 18 14:28:21 2025  535.183.01
[0] NVIDIA GeForce RTX 4060 Laptop GPU | 62°C,  95 % |  6432 /  8188 MB | user(6414M) gdm(4M) user(4M)

2025-06-18 14:28:34,784   INFO  Train:   79/80 ( 99%) [ 715/928 ( 77%)]  Loss: 0.2719 (0.287)  LR: 4.884e-06  Time cost: 03:08/00:56 [5:20:43/05:00]  Acc_iter 73100       Data time: 0.01(0.01)  Forward time: 0.25(0.25)  Batch time: 0.27(0.26)
2025-06-18 14:28:47,863   INFO  Train:   79/80 ( 99%) [ 765/928 ( 82%)]  Loss: 0.2789 (0.287)  LR: 4.468e-06  Time cost: 03:21/00:42 [5:20:56/04:46]  Acc_iter 73150       Data time: 0.01(0.01)  Forward time: 0.25(0.25)  Batch time: 0.26(0.26)
2025-06-18 14:29:00,929   INFO  Train:   79/80 ( 99%) [ 815/928 ( 88%)]  Loss: 0.2658 (0.286)  LR: 4.071e-06  Time cost: 03:34/00:29 [5:21:09/04:33]  Acc_iter 73200       Data time: 0.01(0.01)  Forward time: 0.25(0.25)  Batch time: 0.26(0.26)
2025-06-18 14:29:01,177   INFO  user                                   Wed Jun 18 14:29:01 2025  535.183.01
[0] NVIDIA GeForce RTX 4060 Laptop GPU | 62°C,  53 % |  6432 /  8188 MB | user(6414M) gdm(4M) user(4M)

2025-06-18 14:29:14,278   INFO  Train:   79/80 ( 99%) [ 865/928 ( 93%)]  Loss: 0.2479 (0.286)  LR: 3.692e-06  Time cost: 03:47/00:16 [5:21:22/04:20]  Acc_iter 73250       Data time: 0.01(0.01)  Forward time: 0.25(0.25)  Batch time: 0.26(0.26)
2025-06-18 14:29:27,338   INFO  Train:   79/80 ( 99%) [ 915/928 ( 99%)]  Loss: 0.2867 (0.287)  LR: 3.332e-06  Time cost: 04:00/00:03 [5:21:35/04:07]  Acc_iter 73300       Data time: 0.01(0.01)  Forward time: 0.25(0.25)  Batch time: 0.26(0.26)
2025-06-18 14:29:30,470   INFO  Train:   79/80 ( 99%) [ 927/928 (100%)]  Loss: 0.2817 (0.287)  LR: 3.249e-06  Time cost: 04:04/00:00 [5:21:38/04:04]  Acc_iter 73312       Data time: 0.01(0.01)  Forward time: 0.25(0.25)  Batch time: 0.26(0.26)
2025-06-18 14:29:31,157   INFO  Train:   80/80 (100%) [   0/928 (  0%)]  Loss: 0.2531 (0.253)  LR: 3.242e-06  Time cost: 00:00/06:27 [5:21:39/06:27]  Acc_iter 73313       Data time: 0.14(0.14)  Forward time: 0.26(0.26)  Batch time: 0.40(0.40)
2025-06-18 14:29:40,823   INFO  Train:   80/80 (100%) [  37/928 (  4%)]  Loss: 0.3114 (0.284)  LR: 2.991e-06  Time cost: 00:10/03:56 [5:21:49/03:56]  Acc_iter 73350       Data time: 0.01(0.02)  Forward time: 0.25(0.25)  Batch time: 0.26(0.27)
2025-06-18 14:29:41,049   INFO  user                                   Wed Jun 18 14:29:41 2025  535.183.01
[0] NVIDIA GeForce RTX 4060 Laptop GPU | 62°C,  97 % |  6432 /  8188 MB | user(6414M) gdm(4M) user(4M)

2025-06-18 14:29:54,133   INFO  Train:   80/80 (100%) [  87/928 (  9%)]  Loss: 0.2133 (0.288)  LR: 2.668e-06  Time cost: 00:23/03:43 [5:22:02/03:43]  Acc_iter 73400       Data time: 0.01(0.02)  Forward time: 0.25(0.25)  Batch time: 0.26(0.27)
2025-06-18 14:30:07,242   INFO  Train:   80/80 (100%) [ 137/928 ( 15%)]  Loss: 0.3088 (0.289)  LR: 2.364e-06  Time cost: 00:36/03:29 [5:22:15/03:29]  Acc_iter 73450       Data time: 0.01(0.01)  Forward time: 0.25(0.25)  Batch time: 0.26(0.26)
2025-06-18 14:30:20,389   INFO  Train:   80/80 (100%) [ 187/928 ( 20%)]  Loss: 0.2705 (0.289)  LR: 2.078e-06  Time cost: 00:49/03:15 [5:22:28/03:15]  Acc_iter 73500       Data time: 0.01(0.01)  Forward time: 0.25(0.25)  Batch time: 0.27(0.26)
2025-06-18 14:30:20,605   INFO  user                                   Wed Jun 18 14:30:20 2025  535.183.01
[0] NVIDIA GeForce RTX 4060 Laptop GPU | 62°C,  91 % |  6432 /  8188 MB | user(6414M) gdm(4M) user(4M)

2025-06-18 14:30:33,757   INFO  Train:   80/80 (100%) [ 237/928 ( 26%)]  Loss: 0.2702 (0.291)  LR: 1.811e-06  Time cost: 01:03/03:02 [5:22:41/03:02]  Acc_iter 73550       Data time: 0.01(0.01)  Forward time: 0.25(0.25)  Batch time: 0.26(0.26)
2025-06-18 14:30:46,803   INFO  Train:   80/80 (100%) [ 287/928 ( 31%)]  Loss: 0.3384 (0.290)  LR: 1.563e-06  Time cost: 01:16/02:49 [5:22:55/02:49]  Acc_iter 73600       Data time: 0.01(0.01)  Forward time: 0.25(0.25)  Batch time: 0.26(0.26)
2025-06-18 14:30:59,865   INFO  Train:   80/80 (100%) [ 337/928 ( 36%)]  Loss: 0.2688 (0.289)  LR: 1.333e-06  Time cost: 01:29/02:35 [5:23:08/02:35]  Acc_iter 73650       Data time: 0.01(0.01)  Forward time: 0.25(0.25)  Batch time: 0.26(0.26)
2025-06-18 14:31:00,066   INFO  user                                   Wed Jun 18 14:31:00 2025  535.183.01
[0] NVIDIA GeForce RTX 4060 Laptop GPU | 62°C,  95 % |  6432 /  8188 MB | user(6414M) gdm(4M) user(4M)

2025-06-18 14:31:13,146   INFO  Train:   80/80 (100%) [ 387/928 ( 42%)]  Loss: 0.3091 (0.290)  LR: 1.122e-06  Time cost: 01:42/02:22 [5:23:21/02:22]  Acc_iter 73700       Data time: 0.01(0.01)  Forward time: 0.25(0.25)  Batch time: 0.26(0.26)
2025-06-18 14:31:26,225   INFO  Train:   80/80 (100%) [ 437/928 ( 47%)]  Loss: 0.2804 (0.289)  LR: 9.293e-07  Time cost: 01:55/02:09 [5:23:34/02:09]  Acc_iter 73750       Data time: 0.01(0.01)  Forward time: 0.25(0.25)  Batch time: 0.26(0.26)
2025-06-18 14:31:39,274   INFO  Train:   80/80 (100%) [ 487/928 ( 52%)]  Loss: 0.2426 (0.289)  LR: 7.555e-07  Time cost: 02:08/01:56 [5:23:47/01:56]  Acc_iter 73800       Data time: 0.01(0.01)  Forward time: 0.25(0.25)  Batch time: 0.27(0.26)
2025-06-18 14:31:39,500   INFO  user                                   Wed Jun 18 14:31:39 2025  535.183.01
[0] NVIDIA GeForce RTX 4060 Laptop GPU | 62°C,  55 % |  6432 /  8188 MB | user(6414M) gdm(4M) user(4M)

2025-06-18 14:31:52,598   INFO  Train:   80/80 (100%) [ 537/928 ( 58%)]  Loss: 0.2441 (0.288)  LR: 6.003e-07  Time cost: 02:21/01:43 [5:24:00/01:43]  Acc_iter 73850       Data time: 0.01(0.01)  Forward time: 0.25(0.25)  Batch time: 0.26(0.26)
2025-06-18 14:32:05,653   INFO  Train:   80/80 (100%) [ 587/928 ( 63%)]  Loss: 0.3352 (0.289)  LR: 4.638e-07  Time cost: 02:34/01:29 [5:24:13/01:29]  Acc_iter 73900       Data time: 0.01(0.01)  Forward time: 0.25(0.25)  Batch time: 0.26(0.26)
2025-06-18 14:32:18,726   INFO  Train:   80/80 (100%) [ 637/928 ( 69%)]  Loss: 0.2709 (0.289)  LR: 3.459e-07  Time cost: 02:47/01:16 [5:24:26/01:16]  Acc_iter 73950       Data time: 0.01(0.01)  Forward time: 0.25(0.25)  Batch time: 0.26(0.26)
2025-06-18 14:32:18,948   INFO  user                                   Wed Jun 18 14:32:18 2025  535.183.01
[0] NVIDIA GeForce RTX 4060 Laptop GPU | 62°C,  87 % |  6432 /  8188 MB | user(6414M) gdm(4M) user(4M)

2025-06-18 14:32:32,021   INFO  Train:   80/80 (100%) [ 687/928 ( 74%)]  Loss: 0.2970 (0.289)  LR: 2.467e-07  Time cost: 03:01/01:03 [5:24:40/01:03]  Acc_iter 74000       Data time: 0.01(0.01)  Forward time: 0.25(0.25)  Batch time: 0.26(0.26)
2025-06-18 14:32:45,127   INFO  Train:   80/80 (100%) [ 737/928 ( 79%)]  Loss: 0.2705 (0.288)  LR: 1.661e-07  Time cost: 03:14/00:50 [5:24:53/00:50]  Acc_iter 74050       Data time: 0.01(0.01)  Forward time: 0.25(0.25)  Batch time: 0.26(0.26)
2025-06-18 14:32:58,205   INFO  Train:   80/80 (100%) [ 787/928 ( 85%)]  Loss: 0.2488 (0.288)  LR: 1.042e-07  Time cost: 03:27/00:37 [5:25:06/00:37]  Acc_iter 74100       Data time: 0.01(0.01)  Forward time: 0.25(0.25)  Batch time: 0.27(0.26)
2025-06-18 14:32:58,472   INFO  user                                   Wed Jun 18 14:32:58 2025  535.183.01
[0] NVIDIA GeForce RTX 4060 Laptop GPU | 62°C,  35 % |  6432 /  8188 MB | user(6414M) gdm(4M) user(4M)

2025-06-18 14:33:11,566   INFO  Train:   80/80 (100%) [ 837/928 ( 90%)]  Loss: 0.3384 (0.288)  LR: 6.089e-08  Time cost: 03:40/00:23 [5:25:19/00:23]  Acc_iter 74150       Data time: 0.01(0.01)  Forward time: 0.25(0.25)  Batch time: 0.26(0.26)
2025-06-18 14:33:24,629   INFO  Train:   80/80 (100%) [ 887/928 ( 96%)]  Loss: 0.2776 (0.288)  LR: 3.627e-08  Time cost: 03:53/00:10 [5:25:32/00:10]  Acc_iter 74200       Data time: 0.01(0.01)  Forward time: 0.25(0.25)  Batch time: 0.26(0.26)
2025-06-18 14:33:35,086   INFO  Train:   80/80 (100%) [ 927/928 (100%)]  Loss: 0.2936 (0.288)  LR: 3.000e-08  Time cost: 04:04/00:00 [5:25:43/00:00]  Acc_iter 74240       Data time: 0.01(0.01)  Forward time: 0.25(0.25)  Batch time: 0.26(0.26)
2025-06-18 14:33:35,252   INFO  **********************End training kitti_models/pointpillar_lj(default)**********************



2025-06-18 14:33:35,252   INFO  **********************Start evaluation kitti_models/pointpillar_lj(default)**********************
2025-06-18 14:33:35,256   INFO  Loading KITTI dataset
2025-06-18 14:33:35,324   INFO  Total samples for KITTI dataset: 3769
2025-06-18 14:33:35,327   INFO  ==> Loading parameters from checkpoint /home/user/ChangTing/Code/Openpcdet/OpenPCDet/output/kitti_models/pointpillar_lj/default/ckpt/checkpoint_epoch_80.pth to GPU
2025-06-18 14:33:35,444   INFO  ==> Checkpoint trained from version: pcdet+0.6.0+8caccce
2025-06-18 14:33:35,446   INFO  ==> Done (loaded 127/127)
2025-06-18 14:33:35,449   INFO  *************** EPOCH 80 EVALUATION *****************
2025-06-18 14:34:51,090   INFO  *************** Performance of EPOCH 80 *****************
2025-06-18 14:34:51,105   INFO  Generate label finished(sec_per_example: 0.0201 second).
2025-06-18 14:34:51,105   INFO  recall_roi_0.3: 0.000000
2025-06-18 14:34:51,106   INFO  recall_rcnn_0.3: 0.815526
2025-06-18 14:34:51,106   INFO  recall_roi_0.5: 0.000000
2025-06-18 14:34:51,106   INFO  recall_rcnn_0.5: 0.775373
2025-06-18 14:34:51,106   INFO  recall_roi_0.7: 0.000000
2025-06-18 14:34:51,106   INFO  recall_rcnn_0.7: 0.583324
2025-06-18 14:34:51,107   INFO  Average predicted number of objects(3769 samples): 5.040
2025-06-18 14:35:04,921   INFO  Car AP@0.70, 0.70, 0.70:
bbox AP:90.7090, 89.2445, 88.1920
bev  AP:89.7520, 86.9657, 79.6883
3d   AP:85.0310, 75.6474, 68.6649
aos  AP:90.68, 88.99, 87.78
Car AP_R40@0.70, 0.70, 0.70:
bbox AP:96.3598, 90.6897, 87.9091
bev  AP:92.9309, 88.8963, 84.3040
3d   AP:85.9775, 76.3945, 71.7994
aos  AP:96.32, 90.42, 87.52
Car AP@0.70, 0.50, 0.50:
bbox AP:90.7090, 89.2445, 88.1920
bev  AP:90.7580, 89.9327, 89.2135
3d   AP:90.7580, 89.7844, 88.9680
aos  AP:90.68, 88.99, 87.78
Car AP_R40@0.70, 0.50, 0.50:
bbox AP:96.3598, 90.6897, 87.9091
bev  AP:96.5236, 95.4766, 90.7634
3d   AP:96.4871, 93.2936, 90.5680
aos  AP:96.32, 90.42, 87.52
Pedestrian AP@0.50, 0.50, 0.50:
bbox AP:66.6289, 59.5917, 53.9458
bev  AP:56.7722, 49.8681, 47.3067
3d   AP:52.0810, 45.5300, 40.2882
aos  AP:50.98, 45.65, 41.27
Pedestrian AP_R40@0.50, 0.50, 0.50:
bbox AP:65.6283, 58.7849, 54.6195
bev  AP:56.3943, 48.7372, 44.1193
3d   AP:49.9231, 42.4399, 37.1896
aos  AP:47.90, 42.65, 39.07
Pedestrian AP@0.50, 0.25, 0.25:
bbox AP:66.6289, 59.5917, 53.9458
bev  AP:70.7341, 63.1876, 60.6961
3d   AP:70.6913, 63.1360, 60.6542
aos  AP:50.98, 45.65, 41.27
Pedestrian AP_R40@0.50, 0.25, 0.25:
bbox AP:65.6283, 58.7849, 54.6195
bev  AP:71.8085, 64.8254, 60.1907
3d   AP:71.7685, 64.7284, 60.1069
aos  AP:47.90, 42.65, 39.07
Cyclist AP@0.50, 0.50, 0.50:
bbox AP:86.2812, 74.2221, 72.4321
bev  AP:82.0787, 63.1869, 61.6220
3d   AP:78.8307, 60.3577, 54.5118
aos  AP:84.24, 70.72, 68.78
Cyclist AP_R40@0.50, 0.50, 0.50:
bbox AP:90.2486, 76.0505, 71.5557
bev  AP:84.6630, 64.0192, 59.8491
3d   AP:79.9164, 59.5451, 55.5255
aos  AP:87.94, 72.20, 67.74
Cyclist AP@0.50, 0.25, 0.25:
bbox AP:86.2812, 74.2221, 72.4321
bev  AP:85.6112, 71.9475, 70.0089
3d   AP:85.5719, 71.6668, 69.8725
aos  AP:84.24, 70.72, 68.78
Cyclist AP_R40@0.50, 0.25, 0.25:
bbox AP:90.2486, 76.0505, 71.5557
bev  AP:89.4787, 73.4428, 69.1099
3d   AP:89.4243, 73.1049, 68.8834
aos  AP:87.94, 72.20, 67.74

2025-06-18 14:35:04,925   INFO  Result is saved to /home/user/ChangTing/Code/Openpcdet/OpenPCDet/output/kitti_models/pointpillar_lj/default/eval/eval_with_train/epoch_80/val
2025-06-18 14:35:04,925   INFO  ****************Evaluation done.*****************
2025-06-18 14:35:04,941   INFO  Epoch 80 has been evaluated
2025-06-18 14:35:34,970   INFO  **********************End evaluation kitti_models/pointpillar_lj(default)**********************
